Chave,C2_PRODUTO,C2_XDESCP,C2_QUANT,C2_DATPRI,C2_DATPRF,D4_COD,D4_QTDEORI,Soma de D4_QUANT,D4_XQFALFI,D4_XQTRANS
,,,,,,10104          ,8,88,8,0
,,,,,,10104           ,12,36,12,0
,,,,,,10108           ,2,2,2,0
,,,,,,10108           ,4,16,4,0
,,,,,,10108           ,76,76,47,29
,,,,,,10109          ,2,4,2,0
,,,,,,10109           ,1,4,1,0
,,,,,,10109           ,4,4,4,0
,,,,,,10109           ,9,9,9,0
,,,,,,10110F18        ,1,1,1,0
,,,,,,10110F19        ,1,1,1,0
,,,,,,10110F25        ,1,1,1,0
,,,,,,10112F25        ,1,3,1,0
,,,,,,10112F25        ,2,2,2,0
,,,,,,10112F25        ,2,2,16,0
,,,,,,10112F25        ,3,6,3,0
,,,,,,10112F25        ,4,4,3,7
,,,,,,10112F25        ,4,8,4,0
,,,,,,10112F25        ,5,55,5,0
,,,,,,10112F25        ,6,6,5,1
,,,,,,10112F25        ,10,10,5,10
,,,,,,10112F25        ,12,12,12,0
,,,,,,10113           ,1,14,1,0
,,,,,,10113           ,2,8,2,0
,,,,,,10113           ,3,12,3,0
,,,,,,10113           ,4,76,4,0
,,,,,,10113           ,5,10,5,0
,,,,,,10113           ,10,10,10,0
,,,,,,10113           ,15,15,15,0
,,,,,,10205           ,2,4,2,0
,,,,,,10206           ,1,1,1,0
,,,,,,10303           ,1,2,1,0
,,,,,,10303           ,2,12,2,0
,,,,,,10303           ,4,4,4,0
,,,,,,10303           ,6,24,6,0
,,,,,,10303           ,8,8,8,0
,,,,,,11405           ,1,7,1,0
,,,,,,11405           ,3,3,3,0
,,,,,,11406           ,1,4,1,0
,,,,,,11406           ,2,16,2,0
,,,,,,11406           ,4,8,4,0
,,,,,,11406           ,6,6,6,0
,,,,,,11406           ,8,40,8,0
,,,,,,11406           ,12,36,12,0
,,,,,,11408           ,1,3,1,0
,,,,,,11410           ,1,21,1,0
,,,,,,11410           ,3,3,3,0
,,,,,,11410           ,4,8,4,0
,,,,,,11412          ,1,2,1,0
,,,,,,13005           ,5,5,5,0
,,,,,,13005           ,6,6,6,0
,,,,,,13009           ,1,1,1,0
,,,,,,15002          ,2,2,2,0
,,,,,,15200          ,3,3,3,0
,,,,,,15200           ,4,4,3,4
,,,,,,15200           ,4,72,4,0
,,,,,,15202           ,1,2,1,0
,,,,,,15203           ,1,1,1,0
,,,,,,15203           ,2,2,2,0
,,,,,,15204           ,1,1,1,0
,,,,,,15205           ,1,1,1,0
,,,,,,15205           ,2,4,2,0
,,,,,,15205           ,4,16,4,0
,,,,,,15205           ,5,5,5,0
,,,,,,15205           ,10,10,10,0
,,,,,,15205           ,17,17,17,0
,,,,,,15209           ,1,1,1,0
,,,,,,15210           ,1,1,1,0
,,,,,,15213           ,1,22,1,0
,,,,,,15214          ,1,14,1,0
,,,,,,15352           ,1,1,1,0
,,,,,,15352           ,2,16,2,0
,,,,,,15352           ,4,48,4,0
,,,,,,15352           ,5,5,5,0
,,,,,,15451           ,1,5,1,0
,,,,,,15452           ,1,1,1,0
,,,,,,15453           ,2,10,2,0
,,,,,,15453           ,10,10,10,0
,,,,,,15454           ,1,1,1,0
,,,,,,15454           ,2,4,1,1
,,,,,,15454           ,2,12,2,0
,,,,,,15454           ,5,5,5,0
,,,,,,15455           ,2,2,1,1
,,,,,,15455           ,2,22,2,0
,,,,,,15455           ,5,5,5,0
,,,,,,15512           ,1,1,1,0
,,,,,,15512           ,2,2,2,0
,,,,,,15517           ,3,3,3,0
,,,,,,15517           ,5,5,5,0
,,,,,,15518           ,3,30,3,0
,,,,,,15518           ,4,16,4,0
,,,,,,15518           ,6,6,6,0
,,,,,,15603           ,1,1,1,0
,,,,,,15606           ,1,1,1,0
,,,,,,15606           ,2,2,2,0
,,,,,,15606           ,10,10,10,0
,,,,,,15607           ,10,10,10,0
,,,,,,15608           ,10,10,10,0
,,,,,,15609           ,1,1,1,0
,,,,,,15609           ,10,10,10,0
,,,,,,15611           ,0.5,0.5,0.5,0
,,,,,,15611           ,1,1,1,0
,,,,,,15612P          ,1,4,1,0
,,,,,,15619           ,1,2,1,0
,,,,,,15620P          ,1,5,1,0
,,,,,,15620P          ,10,40,10,0
,,,,,,15620P          ,50,50,50,0
,,,,,,15621           ,1,1,1,0
,,,,,,15622           ,2,16,2,0
,,,,,,15622           ,3,6,3,0
,,,,,,15622           ,4,4,4,0
,,,,,,15622           ,8,8,8,0
,,,,,,15623           ,1,1,1,0
,,,,,,15632           ,1,1,1,0
,,,,,,15640           ,1,2,1,0
,,,,,,15707           ,1,1,1,0
,,,,,,15708           ,1,5,1,0
,,,,,,15716           ,1,4,1,0
,,,,,,15718           ,1,1,1,0
,,,,,,15725           ,1,20,1,0
,,,,,,15725           ,2,60,2,0
,,,,,,15725           ,4,4,4,0
,,,,,,15774           ,2,2,1,2
,,,,,,15802           ,1,13,1,0
,,,,,,15803           ,1,15,1,0
,,,,,,15803           ,2,10,2,0
,,,,,,15804           ,1,20,1,0
,,,,,,15804           ,2,34,2,0
,,,,,,15804           ,4,96,4,0
,,,,,,15804           ,6,24,6,0
,,,,,,15804           ,7,7,7,0
,,,,,,15804           ,8,16,8,0
,,,,,,15804           ,12,12,12,0
,,,,,,15805           ,1,20,1,0
,,,,,,15805           ,2,34,2,0
,,,,,,15805           ,4,16,4,0
,,,,,,15805           ,5,5,5,0
,,,,,,15805           ,6,12,6,0
,,,,,,15854           ,1,2,1,0
,,,,,,15855           ,1,1,1,0
,,,,,,15900           ,4,4,4,0
,,,,,,15900           ,8,8,8,0
,,,,,,15900           ,12,12,2,10
,,,,,,15900           ,12,72,12,0
,,,,,,15900           ,14,28,14,0
,,,,,,15900           ,16,16,16,0
,,,,,,15900           ,20,20,20,0
,,,,,,15900           ,22,22,22,0
,,,,,,15900           ,24,96,24,0
,,,,,,15900           ,42,42,42,0
,,,,,,15900           ,60,180,60,0
,,,,,,15900           ,96,96,96,0
,,,,,,15900           ,102,102,102,0
,,,,,,15900           ,108,108,108,0
,,,,,,15900           ,116,116,116,0
,,,,,,15900           ,120,240,120,0
,,,,,,15900           ,122,122,122,0
,,,,,,15900           ,144,144,144,0
,,,,,,15900           ,156,156,156,0
,,,,,,15900           ,168,168,168,0
,,,,,,15900           ,170,170,170,0
,,,,,,15900           ,180,3060,180,0
,,,,,,15900           ,200,200,200,0
,,,,,,15900           ,300,600,300,0
,,,,,,15921           ,1,4,1,0
,,,,,,15921           ,2,14,2,0
,,,,,,15921           ,3,9,3,0
,,,,,,15921           ,4,4,4,0
,,,,,,15921           ,5,70,5,0
,,,,,,15921           ,5,10,10,0
,,,,,,15921           ,6,36,6,0
,,,,,,15921           ,8,8,8,0
,,,,,,15921           ,9,9,9,0
,,,,,,15921           ,10,30,10,0
,,,,,,15921           ,10,20,20,0
,,,,,,15921           ,15,30,15,0
,,,,,,15921           ,20,40,20,0
,,,,,,15921           ,21,21,21,0
,,,,,,15961           ,3,12,3,0
,,,,,,15961           ,4,4,4,0
,,,,,,15961           ,5,5,5,0
,,,,,,15961           ,8,8,8,0
,,,,,,15981           ,1,3,1,0
,,,,,,15999           ,1,1,1,0
,,,,,,16191           ,1,1,1,0
,,,,,,16333           ,1,1,1,0
,,,,,,16722           ,1,1,1,0
,,,,,,16727           ,1,1,1,0
,,,,,,16728           ,1,1,1,0
,,,,,,16732           ,1,1,1,0
,,,,,,16734           ,1,1,1,0
,,,,,,16735           ,1,1,1,0
,,,,,,16739           ,1,8,1,0
,,,,,,16739           ,2,2,2,0
,,,,,,16742           ,1,1,1,0
,,,,,,17202           ,1,1,1,0
,,,,,,17613           ,1,2,1,0
,,,,,,17613           ,2,2,2,0
,,,,,,17634           ,1,6,1,0
,,,,,,17635           ,1,1,1,0
,,,,,,17801           ,1,24,1,0
,,,,,,17801           ,2,18,2,0
,,,,,,17801           ,3,21,3,0
,,,,,,17801           ,5,5,5,0
,,,,,,17801           ,6,6,6,0
,,,,,,17802           ,1,2,1,0
,,,,,,17803           ,1,20,1,0
,,,,,,17803           ,2,20,2,0
,,,,,,17803           ,3,21,3,0
,,,,,,17803           ,5,5,5,0
,,,,,,17803           ,6,6,6,0
,,,,,,20100920B       ,1,1,1,0
,,,,,,20110           ,1,7,1,0
,,,,,,20110           ,2,8,2,0
,,,,,,20110           ,7,7,7,0
,,,,,,20111           ,1,12,1,0
,,,,,,20111           ,2,8,2,0
,,,,,,20111           ,3,3,3,0
,,,,,,20111           ,7,7,7,0
,,,,,,20112           ,1,8,1,0
,,,,,,20112           ,2,6,2,0
,,,,,,20112           ,3,3,3,0
,,,,,,20112           ,7,7,7,0
,,,,,,20114           ,1,8,1,0
,,,,,,20114           ,2,6,2,0
,,,,,,20114           ,3,3,3,0
,,,,,,20114           ,7,7,7,0
,,,,,,20120-MP        ,5,15,5,0
,,,,,,20128-MP        ,5,5,5,0
,,,,,,21514           ,3,12,3,0
,,,,,,25001          ,2,2,2,0
,,,,,,25001           ,1,20,1,0
,,,,,,25001           ,3,3,3,0
,,,,,,25004           ,1,12,1,0
,,,,,,25005          ,1,3,1,0
,,,,,,25006           ,1,1,1,0
,,,,,,25006           ,3,3,3,0
,,,,,,25007           ,1,1,1,0
,,,,,,25007           ,3,3,3,0
,,,,,,25008           ,1,1,1,0
,,,,,,25008           ,3,3,3,0
,,,,,,25009           ,1,2,1,0
,,,,,,25009           ,3,3,3,0
,,,,,,25010          ,1,5,1,0
,,,,,,25010           ,2,2,2,0
,,,,,,25011           ,1,6,1,0
,,,,,,25011           ,2,2,2,0
,,,,,,25012           ,1,31,1,0
,,,,,,25012           ,3,3,3,0
,,,,,,25014           ,1,22,1,0
,,,,,,25017           ,1,6,1,0
,,,,,,25017           ,2,4,2,0
,,,,,,25017           ,5,10,5,0
,,,,,,25018           ,1,8,1,0
,,,,,,25018           ,3,3,3,0
,,,,,,25019           ,1,27,1,0
,,,,,,25019           ,3,3,3,0
,,,,,,25021           ,1,10,1,0
,,,,,,25021           ,2,2,2,0
,,,,,,25021           ,3,3,3,0
,,,,,,25022           ,3,24,3,0
,,,,,,25022           ,4,16,4,0
,,,,,,25023           ,1,24,1,0
,,,,,,25024           ,1,4,1,0
,,,,,,25024           ,2,18,2,0
,,,,,,25024           ,2,26,3,1
,,,,,,25025           ,1,23,1,0
,,,,,,25027           ,1,6,1,0
,,,,,,25027           ,3,3,3,0
,,,,,,25028           ,1,6,1,0
,,,,,,25028           ,3,3,3,0
,,,,,,25029          ,1,6,1,0
,,,,,,25029           ,3,3,3,0
,,,,,,25030           ,1,6,1,0
,,,,,,25030           ,3,3,3,0
,,,,,,25031           ,1,7,1,0
,,,,,,25031           ,2,2,2,0
,,,,,,25031           ,3,3,3,0
,,,,,,25033          ,1,2,1,0
,,,,,,25033          ,2,6,2,0
,,,,,,25034           ,4,4,1,3
,,,,,,25034           ,4,156,4,0
,,,,,,25035          ,2,14,2,0
,,,,,,25035           ,6,6,6,0
,,,,,,25036          ,2,20,2,0
,,,,,,25036           ,6,6,6,0
,,,,,,25037           ,1,43,1,0
,,,,,,25037           ,2,8,2,0
,,,,,,25037           ,5,5,5,0
,,,,,,25037           ,10,10,10,0
,,,,,,25037           ,17,17,17,0
,,,,,,25038           ,1,29,1,0
,,,,,,25040           ,2,14,2,0
,,,,,,25040           ,4,4,4,0
,,,,,,25042           ,1,2,1,0
,,,,,,25042           ,3,3,3,0
,,,,,,25042           ,7,7,7,0
,,,,,,25042           ,8,8,8,0
,,,,,,25043           ,1,7,1,0
,,,,,,25043           ,3,3,3,0
,,,,,,25045           ,4,4,4,0
,,,,,,25045           ,20,20,20,0
,,,,,,25045           ,34,34,34,0
,,,,,,25046           ,2,2,2,0
,,,,,,25046           ,10,10,10,0
,,,,,,25046           ,17,17,17,0
,,,,,,25047           ,1,7,1,0
,,,,,,25047           ,10,10,10,0
,,,,,,25049           ,1,6,1,0
,,,,,,25049           ,2,26,2,0
,,,,,,25049           ,5,5,5,0
,,,,,,25051           ,1,8,1,0
,,,,,,25055           ,1,31,1,0
,,,,,,25055           ,3,3,3,0
,,,,,,25060           ,1,3,1,0
,,,,,,25063           ,1,6,1,0
,,,,,,25063           ,3,3,3,0
,,,,,,25115           ,1,4,1,0
,,,,,,25116           ,1,5,1,0
,,,,,,25551           ,9,27,9,0
,,,,,,25551           ,9.5,9.5,9.5,0
,,,,,,25551           ,12,24,12,0
,,,,,,25551           ,15,30,15,0
,,,,,,25551           ,20,40,20,0
,,,,,,25551           ,24,24,24,0
,,,,,,27010           ,1,2,1,0
,,,,,,BRX0002001      ,1,1,1,0
,,,,,,BRX0002002      ,1,1,1,0
,,,,,,CM100           ,1,8,1,0
,,,,,,CM100           ,2,2,2,0
,,,,,,CM100           ,3,6,3,0
,,,,,,CM100           ,12,12,12,0
,,,,,,CM101           ,1,1,1,0
,,,,,,CM101           ,2,12,2,0
,,,,,,CM101           ,3,6,3,0
,,,,,,CM101           ,4,4,4,0
,,,,,,CM101           ,5,10,5,0
,,,,,,CM101           ,12,12,12,0
,,,,,,CM102           ,1,9,1,0
,,,,,,CM102           ,2,4,2,0
,,,,,,CM102           ,3,3,3,0
,,,,,,CM102           ,5,5,5,0
,,,,,,CM102           ,12,12,12,0
,,,,,,CM103           ,1,2,1,0
,,,,,,CM103           ,2,4,2,0
,,,,,,CM103           ,4,4,4,0
,,,,,,CM104           ,1,1,1,0
,,,,,,CM104           ,2,2,2,0
,,,,,,CM106           ,1,2,1,0
,,,,,,CM109          ,1,2,1,0
,,,,,,CM109           ,2,4,2,0
,,,,,,CM109           ,3,3,3,0
,,,,,,CM110.0         ,1,1,1,0
,,,,,,CM111           ,1,1,1,0
,,,,,,CM111           ,2,4,2,0
,,,,,,CM111           ,3,3,3,0
,,,,,,CM112           ,1,1,1,0
,,,,,,CM112           ,2,4,2,0
,,,,,,CM112           ,3,3,3,0
,,,,,,CM112           ,5,5,5,0
,,,,,,CM113           ,5,5,5,0
,,,,,,CM142           ,1,3,1,0
,,,,,,CM143           ,1,3,1,0
,,,,,,CM143.0         ,1,2,1,0
,,,,,,CM144           ,1,3,1,0
,,,,,,CM145           ,1,7,1,0
,,,,,,CM145.0         ,1,1,1,0
,,,,,,CM146           ,1,4,1,0
,,,,,,CM151           ,1,2,1,0
,,,,,,CM152           ,1,5,1,0
,,,,,,CM153           ,1,7,1,0
,,,,,,CM154           ,1,4,1,0
,,,,,,CM155           ,1,1,1,0
,,,,,,CM156           ,1,1,1,0
,,,,,,CM157           ,1,1,1,0
,,,,,,CM159           ,2,2,2,0
,,,,,,CM171.B        ,1,3,1,0
,,,,,,CM187           ,1,3,1,0
,,,,,,CM201           ,1,3,1,0
,,,,,,CM210           ,1,1,1,0
,,,,,,CM300          ,1,3,1,0
,,,,,,CM301           ,1,5,1,0
,,,,,,CM304           ,1,9,1,0
,,,,,,CM305           ,1,5,1,0
,,,,,,CM306           ,1,12,1,0
,,,,,,CM307           ,1,8,1,0
,,,,,,CM308           ,1,8,1,0
,,,,,,CM309           ,1,8,1,0
,,,,,,CM318           ,1,5,1,0
,,,,,,CM319          ,1,1,1,0
,,,,,,CM321           ,1,1,1,0
,,,,,,CM327           ,1,1,1,0
,,,,,,CM328           ,1,1,1,0
,,,,,,CM329           ,1,1,1,0
,,,,,,CM332           ,1,4,1,0
,,,,,,CM333           ,1,4,1,0
,,,,,,CM334           ,1,4,1,0
,,,,,,CM335           ,1,25,1,0
,,,,,,CM336           ,1,25,1,0
,,,,,,CM337           ,1,28,1,0
,,,,,,CM338           ,1,28,1,0
,,,,,,CM339           ,1,1,1,0
,,,,,,CM340           ,1,2,1,0
,,,,,,CM341           ,1,2,1,0
,,,,,,CM398           ,1,2,1,0
,,,,,,CM398           ,2,2,2,0
,,,,,,CM399           ,1,14,1,0
,,,,,,CM399           ,2,4,2,0
,,,,,,CM400           ,1,13,1,0
,,,,,,CM401           ,1,13,1,0
,,,,,,CM402           ,1,1,1,0
,,,,,,CM404           ,1,6,1,0
,,,,,,CM405           ,1,6,1,0
,,,,,,CM407           ,1,1,1,0
,,,,,,CM408           ,1,3,1,0
,,,,,,CM413          ,1,1,1,0
,,,,,,CM414           ,1,7,1,0
,,,,,,CM414           ,2,2,2,0
,,,,,,CM415           ,1,3,1,0
,,,,,,CM415           ,2,2,2,0
,,,,,,CM416           ,1,7,1,0
,,,,,,CM416           ,2,2,2,0
,,,,,,CM417           ,1,2,1,0
,,,,,,CM418           ,1,8,1,0
,,,,,,CM419           ,1,2,1,0
,,,,,,CM420           ,1,5,1,0
,,,,,,CM420           ,2,2,2,0
,,,,,,CM420           ,3,3,3,0
,,,,,,CM420           ,12,12,12,0
,,,,,,CM424           ,1,13,1,0
,,,,,,CM425           ,1,2,1,0
,,,,,,CM426           ,1,1,1,0
,,,,,,CM427           ,1,1,1,0
,,,,,,CM429           ,1,3,1,0
,,,,,,CM430          ,1,1,1,0
,,,,,,CM431          ,1,1,1,0
,,,,,,CM432          ,1,3,1,0
,,,,,,CM433           ,1,2,1,0
,,,,,,CM434           ,1,17,1,0
,,,,,,CM435           ,1,6,1,0
,,,,,,CM436           ,1,6,1,0
,,,,,,CM437           ,1,9,1,0
,,,,,,CM439           ,1,5,1,0
,,,,,,CM440           ,1,2,1,0
,,,,,,CM441           ,1,2,1,0
,,,,,,CM442           ,1,3,1,0
,,,,,,CM443           ,1,2,1,0
,,,,,,CM444           ,1,7,1,0
,,,,,,CM444           ,1,1,1,1
,,,,,,CM444           ,2,4,2,0
,,,,,,CM445           ,1,9,1,0
,,,,,,CM445           ,1,1,1,1
,,,,,,CM445           ,2,6,2,0
,,,,,,CM445           ,6,6,6,0
,,,,,,CM446           ,1,7,1,0
,,,,,,CM446           ,1,1,1,1
,,,,,,CM446           ,2,4,2,0
,,,,,,CM447           ,1,8,1,0
,,,,,,CM447           ,1,1,1,1
,,,,,,CM447           ,2,4,2,0
,,,,,,CM448           ,1,7,1,0
,,,,,,CM448           ,1,1,1,1
,,,,,,CM448           ,2,4,2,0
,,,,,,CM449           ,1,2,1,0
,,,,,,CM449           ,2,2,2,0
,,,,,,CM449           ,6,6,6,0
,,,,,,CM450           ,1,2,1,0
,,,,,,CM450           ,2,2,2,0
,,,,,,CM450           ,6,6,6,0
,,,,,,CM451           ,1,2,1,0
,,,,,,CM451           ,2,2,2,0
,,,,,,CM451           ,6,6,6,0
,,,,,,CM452           ,1,2,1,0
,,,,,,CM452           ,2,2,2,0
,,,,,,CM452           ,6,6,6,0
,,,,,,CM453           ,2,2,2,0
,,,,,,CM454           ,1,1,1,0
,,,,,,CM454           ,2,4,2,0
,,,,,,CM454           ,4,4,4,0
,,,,,,CM456           ,1,2,1,0
,,,,,,CM457           ,1,2,1,0
,,,,,,CM458           ,1,2,1,0
,,,,,,CM461           ,1,2,1,0
,,,,,,CM461           ,9,9,9,0
,,,,,,CM462           ,1,1,1,0
,,,,,,CM463           ,1,1,1,0
,,,,,,CM465           ,1,4,1,0
,,,,,,CM466           ,1,1,1,0
,,,,,,CM467           ,1,1,1,0
,,,,,,CM468           ,1,1,1,0
,,,,,,CM472           ,1,2,1,0
,,,,,,CM474           ,1,2,1,0
,,,,,,CM475           ,1,2,1,0
,,,,,,CM476           ,1,2,1,0
,,,,,,CM477           ,1,4,1,0
,,,,,,CM479           ,1,4,1,0
,,,,,,CM481           ,1,8,1,0
,,,,,,CM481           ,3,3,3,0
,,,,,,CM483           ,1,2,1,0
,,,,,,CM484           ,1,18,1,0
,,,,,,CM484           ,2,6,2,0
,,,,,,CM484           ,4,4,4,0
,,,,,,CM484           ,5,5,5,0
,,,,,,CM485           ,1,4,1,0
,,,,,,CM489           ,1,27,1,0
,,,,,,CM489           ,3,3,3,0
,,,,,,CM490           ,1,44,1,0
,,,,,,CM490           ,3,3,3,0
,,,,,,CM491           ,1,6,1,0
,,,,,,CM491           ,3,3,3,0
,,,,,,CM492           ,1,7,1,0
,,,,,,CM493           ,1,16,1,0
,,,,,,CM493           ,3,3,3,0
,,,,,,CM493           ,4,4,4,0
,,,,,,CM495           ,1,3,1,0
,,,,,,CM500           ,1,8,1,0
,,,,,,CM509           ,1,1,1,0
,,,,,,CM510          ,1,1,1,0
,,,,,,CM511           ,1,20,1,0
,,,,,,CM511           ,2,2,2,0
,,,,,,CM512          ,1,1,1,0
,,,,,,CM513          ,1,1,1,0
,,,,,,CM514          ,1,2,1,0
,,,,,,CM515           ,1,2,1,0
,,,,,,CM518           ,1,4,1,0
,,,,,,CM519           ,1,10,1,0
,,,,,,CM519           ,2,2,2,0
,,,,,,CM523           ,1,8,1,0
,,,,,,CM524           ,1,2,1,0
,,,,,,CM525           ,1,1,1,0
,,,,,,CM526           ,1,5,1,0
,,,,,,CM527           ,1,9,1,0
,,,,,,CM528          ,1,1,1,0
,,,,,,CM529           ,1,11,1,0
,,,,,,CM529           ,2,2,2,0
,,,,,,CM530           ,1,4,1,0
,,,,,,CM531           ,1,1,1,0
,,,,,,CM533           ,1,50,1,0
,,,,,,CM534           ,1,34,1,0
,,,,,,CM535           ,1,2,1,0
,,,,,,CM605           ,1,37,1,0
,,,,,,CM605           ,1,1,1,1
,,,,,,CM606           ,1,37,1,0
,,,,,,CM606           ,1,1,1,1
,,,,,,CM607           ,1,32,1,0
,,,,,,CM608           ,1,4,1,0
,,,,,,CM609           ,1,37,1,0
,,,,,,CM609           ,1,1,1,1
,,,,,,CM610           ,1,4,1,0
,,,,,,CM613           ,1,1,1,0
,,,,,,CM615           ,1,1,1,0
,,,,,,CM616           ,1,1,1,0
,,,,,,CM618           ,1,1,1,0
,,,,,,CM619           ,1,1,1,0
,,,,,,CM620           ,1,1,1,0
,,,,,,CM621           ,1,3,1,0
,,,,,,CM622           ,1,15,1,0
,,,,,,CM623           ,1,69,1,0
,,,,,,CM623           ,5,5,5,0
,,,,,,CM623           ,7,7,7,0
,,,,,,CM624           ,1,5,1,0
,,,,,,CM624           ,2,2,2,0
,,,,,,CM625           ,1,16,1,0
,,,,,,CM629           ,1,7,1,0
,,,,,,CM629           ,1,1,1,1
,,,,,,CM632           ,1,3,1,0
,,,,,,CM634           ,1,11,1,0
,,,,,,CM635           ,1,1,1,0
,,,,,,CM636           ,1,4,1,0
,,,,,,CM637           ,1,3,1,0
,,,,,,CM639           ,1,1,1,0
,,,,,,CM640           ,1,10,1,0
,,,,,,DA0350          ,1,1,1,0
,,,,,,DA0350          ,2,2,2,0
,,,,,,DA0355          ,2,8,2,0
,,,,,,DA0355          ,24,24,24,0
,,,,,,DA0358          ,1,1,1,0
,,,,,,DA0358          ,3,6,3,0
,,,,,,DA0358          ,6,6,6,0
,,,,,,DA0368          ,1,1,1,0
,,,,,,DA0368          ,3,6,3,0
,,,,,,DA0368          ,6,6,6,0
,,,,,,DA0373          ,1,1,1,0
,,,,,,DA0374          ,24,24,24,0
,,,,,,DA0375          ,12,36,12,0
,,,,,,DA0377          ,24,24,24,0
,,,,,,DA0479          ,1,1,1,0
,,,,,,DA0480          ,1,2,1,0
,,,,,,DA0493          ,1,1,1,0
,,,,,,DA0494          ,1,1,1,0
,,,,,,DA0495          ,1,3,1,0
,,,,,,DA0496          ,1,9,1,0
,,,,,,DA0503          ,1,1,1,0
,,,,,,DA0511         ,2,2,1,2
,,,,,,DA0511          ,2,10,2,0
,,,,,,DA0511          ,4,8,4,0
,,,,,,DA0511          ,6,6,6,0
,,,,,,DA0516          ,6,6,6,0
,,,,,,DA0525          ,1,1,1,0
,,,,,,DA0526          ,1,1,1,0
,,,,,,DA0527          ,1,1,1,0
,,,,,,DA0528          ,1,1,1,0
,,,,,,DA0529          ,1,1,1,0
,,,,,,DA0530          ,1,1,1,0
,,,,,,DA0531          ,1,1,1,0
,,,,,,DA0532          ,1,1,1,0
,,,,,,DA0533          ,1,1,1,0
,,,,,,DA0547          ,1,1,1,0
,,,,,,DA0565          ,2,2,2,0
,,,,,,DA0566          ,1,1,1,0
,,,,,,DA0572         ,4,4,4,0
,,,,,,DA0573          ,1,2,1,0
,,,,,,DA0585          ,1,1,1,0
,,,,,,DA0673          ,1,1,1,0
,,,,,,DA0673          ,2,2,2,0
,,,,,,DA0683          ,1,1,1,0
,,,,,,DA0693          ,1,3,1,0
,,,,,,DA0693          ,5,15,5,0
,,,,,,DA0725          ,1,3,1,0
,,,,,,DA0725          ,1,1,1,4
,,,,,,DA0725          ,2,50,2,0
,,,,,,DA0725          ,3,3,3,0
,,,,,,DA0725          ,4,4,4,0
,,,,,,DA0725          ,7,7,7,0
,,,,,,DA0725          ,10,10,10,0
,,,,,,DA0725          ,20,60,20,0
,,,,,,DA0725          ,30,30,30,0
,,,,,,DA0757         ,1,1,1,0
,,,,,,DA0830          ,1,2,1,0
,,,,,,DA0841          ,4,24,4,0
,,,,,,DA0841          ,6,24,6,0
,,,,,,DA0890          ,1,1,1,0
,,,,,,DA0897          ,1,1,1,0
,,,,,,DA0920          ,1,5,1,0
,,,,,,DA0920          ,10,10,1,9
,,,,,,DA0929          ,1,1,1,0
,,,,,,DA0983          ,1,6,1,0
,,,,,,DA0985          ,1,1,1,0
,,,,,,DA0993          ,2,18,2,0
,,,,,,DA0996          ,1,1,1,0
,,,,,,DA1009          ,5,5,9,0
,,,,,,DA1029          ,1,1,1,0
,,,,,,DA1030          ,1,1,1,0
,,,,,,DA1032          ,1,1,1,0
,,,,,,DA1057          ,2,2,2,0
,,,,,,DA1057          ,4,12,4,0
,,,,,,DA1058          ,1,1,1,0
,,,,,,DA1059          ,1,1,1,0
,,,,,,DA1060          ,1,1,1,0
,,,,,,DA1062          ,2,2,2,0
,,,,,,DA1070          ,3,3,3,0
,,,,,,DA1070          ,4,4,4,0
,,,,,,DA1074          ,2,2,2,0
,,,,,,DA1074          ,4,4,4,0
,,,,,,DA1133          ,2,2,2,0
,,,,,,DA1134          ,2,4,2,0
,,,,,,DA1134          ,4,4,4,0
,,,,,,DA1140         ,1,1,1,0
,,,,,,DA1153          ,1,1,1,0
,,,,,,DA1166          ,2,2,2,0
,,,,,,DA1168          ,1,1,1,0
,,,,,,DA1190          ,1,2,1,0
,,,,,,DA1194          ,5,5,5,0
,,,,,,DA1202          ,1,2,1,0
,,,,,,DA1203          ,1,2,1,0
,,,,,,DA1204          ,1,2,1,0
,,,,,,DA1207          ,3,3,3,0
,,,,,,DA1211          ,1,1,1,0
,,,,,,DA1213          ,1,5,1,0
,,,,,,DA1215          ,1,1,1,0
,,,,,,DA1218          ,1,1,1,0
,,,,,,DA1218          ,2,2,2,0
,,,,,,DA1218          ,10,10,10,0
,,,,,,DA1218          ,17,17,17,0
,,,,,,DA1219          ,1,1,1,0
,,,,,,DA1219          ,2,4,2,0
,,,,,,DA1219          ,10,10,10,0
,,,,,,DA1219          ,17,17,17,0
,,,,,,DA1222          ,1,1,1,0
,,,,,,DA1224          ,1,2,1,0
,,,,,,DA1226         ,2,2,2,0
,,,,,,DA1242          ,1,2,1,0
,,,,,,DA1256          ,1,1,1,0
,,,,,,DA1280          ,1,2,1,0
,,,,,,DA1281          ,1,2,1,0
,,,,,,DA1282          ,1,2,1,0
,,,,,,DA1283          ,11,22,11,0
,,,,,,DA1285          ,1,1,1,0
,,,,,,DA1291          ,1,2,1,0
,,,,,,DA1304          ,1,1,1,0
,,,,,,DA1311          ,1,3,1,0
,,,,,,DA1311          ,2,2,2,0
,,,,,,DA1315          ,1,3,1,0
,,,,,,DA1315          ,2,2,2,0
,,,,,,DA1317          ,1,1,1,0
,,,,,,DA1317          ,2,2,2,0
,,,,,,DA1318          ,1,2,1,0
,,,,,,DA1338          ,1,1,1,0
,,,,,,DA1346          ,1,25,1,0
,,,,,,DA1346          ,2,8,2,0
,,,,,,DA1346          ,3,15,3,0
,,,,,,DA1346          ,4,8,4,0
,,,,,,DA1346          ,5,5,5,0
,,,,,,DA1346          ,6,24,6,0
,,,,,,DA1346          ,10,10,10,0
,,,,,,DA1346          ,11,11,11,0
,,,,,,DA1346          ,12,12,12,0
,,,,,,DA1378          ,1,31,1,0
,,,,,,DA1388          ,1,7,1,0
,,,,,,DA1392          ,2,12,2,0
,,,,,,DA1392          ,4,4,2,4
,,,,,,DA1392          ,4,12,4,0
,,,,,,DA1411          ,1,1,1,0
,,,,,,DA1412          ,2,2,2,0
,,,,,,DA1415          ,2,2,2,0
,,,,,,DA1420          ,1,1,1,0
,,,,,,DA1420          ,2,2,2,0
,,,,,,DA1421          ,1,5,1,0
,,,,,,DA1423          ,1,1,1,0
,,,,,,DA1423          ,2,2,2,0
,,,,,,DA1424          ,1,1,1,0
,,,,,,DA1424          ,2,2,2,0
,,,,,,DA1426          ,1,1,1,0
,,,,,,DA1427          ,1,3,1,0
,,,,,,DA1446          ,2,2,2,0
,,,,,,DA1460          ,2,2,2,0
,,,,,,DA1477          ,1,1,1,0
,,,,,,DA1481          ,1,1,1,0
,,,,,,DA1481          ,6,6,6,0
,,,,,,DA1489          ,3,3,3,0
,,,,,,DA1491          ,6,96,6,0
,,,,,,DA1491          ,12,36,12,0
,,,,,,DA1493         ,2,4,2,0
,,,,,,DA1496          ,3,3,3,0
,,,,,,DA1576          ,1,5,1,0
,,,,,,DA1581         ,1,1,1,0
,,,,,,DA1585          ,2,2,2,0
,,,,,,DA1588          ,2,4,2,0
,,,,,,DA1596         ,2,2,2,0
,,,,,,DA1627          ,3,3,3,0
,,,,,,DA1648          ,3,3,3,0
,,,,,,DA1648          ,6,12,6,0
,,,,,,DA1648          ,10,10,10,0
,,,,,,DA1648          ,12,12,12,0
,,,,,,DA1648          ,14,14,14,0
,,,,,,DA1648          ,25,25,25,0
,,,,,,DA1648          ,26,26,26,0
,,,,,,DA1648          ,28,28,28,0
,,,,,,DA1648          ,52,52,52,0
,,,,,,DA1648          ,84,84,84,0
,,,,,,DA1649          ,1,3,1,0
,,,,,,DA1649          ,2,4,2,0
,,,,,,DA1649          ,4,4,4,0
,,,,,,DA1649          ,6,6,6,0
,,,,,,DA1651          ,2,2,2,0
,,,,,,DA1651          ,6,6,6,0
,,,,,,DA1652          ,2,4,2,0
,,,,,,DA1652          ,6,6,6,0
,,,,,,DA1672          ,1,2,1,0
,,,,,,DA1683         ,2,2,2,0
,,,,,,DA1695          ,3,3,3,0
,,,,,,DA1700         ,8,8,8,0
,,,,,,DA1703          ,1,1,1,0
,,,,,,DA1705         ,2,2,2,0
,,,,,,DA1705         ,3,3,3,0
,,,,,,DA1706          ,1,1,1,0
,,,,,,DA1721         ,1,2,1,0
,,,,,,DA1722         ,1,2,1,0
,,,,,,DA1724          ,1,1,1,0
,,,,,,DA1724          ,2,2,2,0
,,,,,,DA1724          ,4,4,4,0
,,,,,,DA1724          ,6,6,6,0
,,,,,,DA1823          ,2,2,2,0
,,,,,,DA1823          ,4,4,4,0
,,,,,,DA1928          ,1,1,1,0
,,,,,,DA1930          ,1,1,1,0
,,,,,,DA1947          ,1,1,1,0
,,,,,,DA1947          ,2,4,2,0
,,,,,,DA1957          ,1,4,1,0
,,,,,,DA1998          ,2,2,2,0
,,,,,,DA2000          ,1,1,1,0
,,,,,,DA2002          ,1,1,1,0
,,,,,,DA2007          ,3,3,3,0
,,,,,,DA2017          ,1,5,1,0
,,,,,,DA2017          ,2,2,2,0
,,,,,,DA2020          ,1,1,1,0
,,,,,,DA2021          ,1,2,1,0
,,,,,,DA2023         ,1,1,1,0
,,,,,,DA2026          ,1,1,1,0
,,,,,,DA2027          ,1,1,1,0
,,,,,,DA2031          ,2,2,2,0
,,,,,,DA2038          ,1,3,1,0
,,,,,,DA2038          ,2,2,2,0
,,,,,,DA2044          ,1,5,1,0
,,,,,,DA2044          ,2,2,2,0
,,,,,,DA2047          ,1,1,1,0
,,,,,,DA2054          ,1,9,1,0
,,,,,,DA2054          ,2,6,2,0
,,,,,,DA2054          ,4,4,4,0
,,,,,,DA2057          ,1,4,1,0
,,,,,,DA2058          ,1,1,1,0
,,,,,,DA2059          ,1,1,1,0
,,,,,,DA2060          ,1,1,1,0
,,,,,,DA2078          ,1,4,1,0
,,,,,,DA2079          ,1,4,1,0
,,,,,,DA2080          ,1,4,1,0
,,,,,,DA2081          ,2,2,2,0
,,,,,,DA2082          ,2,6,2,0
,,,,,,DA2085          ,1,1,1,0
,,,,,,DA2093          ,1,1,1,0
,,,,,,DA2099          ,1,1,1,0
,,,,,,DA2265          ,1,1,1,0
,,,,,,DA2270          ,1,2,1,0
,,,,,,DA2271          ,1,1,1,0
,,,,,,DA2275          ,2,2,2,0
,,,,,,DA2277          ,1,2,1,0
,,,,,,DA2331          ,1,2,1,0
,,,,,,DA2333          ,1,1,1,0
,,,,,,DA2355          ,38,38,3,35
,,,,,,DA2359          ,1,1,1,0
,,,,,,DA2360          ,4,4,4,0
,,,,,,DA2378          ,1,1,1,0
,,,,,,DA2400          ,1,1,1,0
,,,,,,DA2402          ,1,4,1,0
,,,,,,DA2403          ,1,1,1,0
,,,,,,DA2407          ,1,1,1,0
,,,,,,DA2408          ,1,1,1,0
,,,,,,DA2409          ,1,1,1,0
,,,,,,DA2410          ,1,1,1,0
,,,,,,DA2411          ,1,1,1,0
,,,,,,DA2412          ,1,2,1,0
,,,,,,DA2413          ,1,2,1,0
,,,,,,DA2414          ,1,1,1,0
,,,,,,DA2415          ,1,1,1,0
,,,,,,DA2416         ,1,3,1,0
,,,,,,DA2417          ,2,4,2,0
,,,,,,DA2418          ,1,1,1,0
,,,,,,DA2421          ,1,1,1,0
,,,,,,DA2422          ,1,2,1,0
,,,,,,DA2430          ,1,1,1,0
,,,,,,DA2439          ,2,2,2,0
,,,,,,DA2452          ,1,1,1,0
,,,,,,DA2464          ,1,1,1,0
,,,,,,DA2469          ,2,26,2,0
,,,,,,DA2473         ,2,2,2,0
,,,,,,DA2483          ,1,1,1,0
,,,,,,DA2485          ,1,1,1,0
,,,,,,DA2496          ,2,4,2,0
,,,,,,DA2497          ,2,2,2,0
,,,,,,DA2500         ,1,1,1,0
,,,,,,DA2501         ,1,1,1,0
,,,,,,DA2502         ,1,1,1,0
,,,,,,DA2504          ,1,1,1,0
,,,,,,DA2512          ,6,6,6,0
,,,,,,DA2529          ,1,12,1,0
,,,,,,DA2531          ,1,16,1,0
,,,,,,DA2532          ,1,15,1,0
,,,,,,DA2535          ,1,16,1,0
,,,,,,DA2536          ,1,21,1,0
,,,,,,DA2537          ,6,96,6,0
,,,,,,DA2538         ,6,108,6,0
,,,,,,DA2538          ,6,6,5,6
,,,,,,DA2539          ,1,15,1,0
,,,,,,DA2542          ,5,5,5,0
,,,,,,DA2543          ,3,3,3,0
,,,,,,DA2543          ,4,4,4,0
,,,,,,DA2543          ,6,114,6,0
,,,,,,DA2545          ,6,90,6,0
,,,,,,DA2545          ,9,9,9,0
,,,,,,DA2546          ,1,13,1,0
,,,,,,DA2546          ,3,3,3,0
,,,,,,DA2547          ,4,60,4,0
,,,,,,DA2547          ,6,84,6,0
,,,,,,DA2548         ,1,19,1,0
,,,,,,DA2548          ,3,6,3,0
,,,,,,DA2550          ,6,6,6,0
,,,,,,DA2552          ,6,6,6,0
,,,,,,DA2554          ,6,150,6,0
,,,,,,DA2554          ,18,18,18,0
,,,,,,DA2555          ,6,6,6,0
,,,,,,DA2556          ,1,1,1,0
,,,,,,DA2556          ,5,10,5,0
,,,,,,DA2556          ,6,84,6,0
,,,,,,DA2557          ,1,1,1,0
,,,,,,DA2557          ,5,10,5,0
,,,,,,DA2557          ,6,90,6,0
,,,,,,DA2558          ,1,15,1,0
,,,,,,DA2558          ,2,2,2,0
,,,,,,DA2559          ,2,32,2,0
,,,,,,DA2560          ,2,32,2,0
,,,,,,DA2563          ,1,1,1,0
,,,,,,DA2599          ,1,1,1,0
,,,,,,DA2635         ,1,1,1,0
,,,,,,DA2636          ,1,1,1,0
,,,,,,DA2637         ,1,1,1,0
,,,,,,DA2637          ,6,6,6,0
,,,,,,DA2638         ,1,1,1,0
,,,,,,DA2642          ,1,1,1,0
,,,,,,DA2656          ,2,2,2,0
,,,,,,DA2657          ,2,2,2,0
,,,,,,DA2664         ,1,1,1,0
,,,,,,DA2665          ,1,2,1,0
,,,,,,DA2695          ,1,1,1,0
,,,,,,DA2697          ,2,8,2,0
,,,,,,DA2723          ,1,11,1,0
,,,,,,DA2723          ,2,2,2,0
,,,,,,DA2728         ,1,1,1,0
,,,,,,DA2729         ,1,5,1,0
,,,,,,DA2730         ,1,5,1,0
,,,,,,DA2731          ,1,5,1,0
,,,,,,DA2732         ,1,1,1,0
,,,,,,DA2733         ,1,1,1,0
,,,,,,DA2734         ,1,1,1,0
,,,,,,DA2735         ,4,4,4,0
,,,,,,DA2736          ,5,5,5,0
,,,,,,DA2737          ,1,2,1,0
,,,,,,DA2737          ,5,5,5,0
,,,,,,DA2740          ,2,2,1,1
,,,,,,DA2740          ,10,10,10,0
,,,,,,DA2741          ,1,1,1,0
,,,,,,DA2741          ,5,5,5,0
,,,,,,DA2742          ,1,6,1,0
,,,,,,DA2781          ,1,1,1,0
,,,,,,DA2797          ,1,3,1,0
,,,,,,DA2798          ,1,1,1,0
,,,,,,DA2799          ,1,3,1,0
,,,,,,DA2805          ,6,6,6,0
,,,,,,DA2809          ,6,6,6,0
,,,,,,DA2810          ,1,1,1,0
,,,,,,DA2818          ,1,14,1,0
,,,,,,DA2818          ,6,6,6,0
,,,,,,DA2819          ,1,1,1,0
,,,,,,DA2819          ,2,36,2,0
,,,,,,DA2820          ,1,19,1,0
,,,,,,DA2821          ,1,15,1,0
,,,,,,DA2833          ,1,1,1,0
,,,,,,DA2838          ,1,1,1,0
,,,,,,DA2846          ,1,1,1,0
,,,,,,DA2885          ,1,1,1,0
,,,,,,DA2886          ,6,96,6,0
,,,,,,DA2888          ,1,2,1,0
,,,,,,DA2990          ,1,1,1,0
,,,,,,DA2996          ,1,1,1,0
,,,,,,DA2997          ,1,1,1,0
,,,,,,DA3009          ,1,3,1,0
,,,,,,DA3030         ,1,2,1,0
,,,,,,DA3033          ,3,3,3,0
,,,,,,DA3042          ,1,1,1,0
,,,,,,DA3043          ,1,1,1,0
,,,,,,DA3044          ,1,1,1,0
,,,,,,DA3057          ,6,12,6,0
,,,,,,DA3102          ,6,6,6,0
,,,,,,DA3107          ,4,4,4,0
,,,,,,DA3155          ,1,1,1,0
,,,,,,DA3178          ,3,3,3,0
,,,,,,DA3180          ,3,3,3,0
,,,,,,DA3181          ,3,3,3,0
,,,,,,DA3195          ,1,1,1,0
,,,,,,DA3218         ,1,2,1,0
,,,,,,DA3237          ,1,1,1,0
,,,,,,DA3240          ,5,5,5,0
,,,,,,DA3240          ,6,6,6,0
,,,,,,DA3240          ,15,15,15,0
,,,,,,DA3240          ,20,20,20,0
,,,,,,DA3240          ,30,30,30,0
,,,,,,DA3250          ,1,1,1,0
,,,,,,DA3251          ,1,1,1,0
,,,,,,DA3253          ,1,1,1,0
,,,,,,DA3257          ,1,1,1,0
,,,,,,DA3271          ,1,1,1,0
,,,,,,DA3285          ,1,1,1,0
,,,,,,DA3285          ,5,5,5,0
,,,,,,DA3285P         ,1,1,1,0
,,,,,,DA3285P         ,5,5,5,0
,,,,,,DA3287          ,1,1,1,0
,,,,,,DA3298          ,4,4,4,0
,,,,,,DA3305          ,4,16,4,0
,,,,,,DA3314          ,2,2,2,0
,,,,,,DA3316          ,1,1,1,0
,,,,,,DA3317          ,1,1,1,0
,,,,,,DA3318          ,1,1,1,0
,,,,,,DA3335          ,1,1,1,0
,,,,,,DA3344          ,2,4,2,0
,,,,,,DA3345         ,1,2,1,0
,,,,,,DA3345          ,2,2,2,0
,,,,,,DA3350         ,2,2,2,0
,,,,,,DA3373         ,1,8,1,0
,,,,,,DA3377         ,1,1,1,0
,,,,,,DA3381          ,1,2,1,0
,,,,,,DA3383         ,2,2,2,0
,,,,,,DA3384         ,2,2,2,0
,,,,,,DA3386          ,1,1,1,0
,,,,,,DA3388          ,3,3,3,0
,,,,,,DA3388          ,12,12,12,0
,,,,,,DA3391          ,2,2,2,0
,,,,,,DA3403          ,1,10,1,0
,,,,,,DA3408          ,1,1,1,0
,,,,,,DA3410          ,1,1,1,0
,,,,,,DA3411          ,1,1,1,0
,,,,,,DA3416          ,1,1,1,0
,,,,,,DA3455          ,1,3,1,0
,,,,,,DA3459          ,4,8,4,0
,,,,,,DA3551          ,3,9,3,0
,,,,,,DA3555          ,1,3,1,0
,,,,,,DA3556          ,2,6,2,0
,,,,,,DA3558          ,1,3,1,0
,,,,,,DA3569          ,1,1,1,0
,,,,,,DA3570          ,1,2,1,0
,,,,,,DA3582          ,6,84,6,0
,,,,,,DA3601          ,2,6,2,0
,,,,,,DA3602          ,4,12,4,0
,,,,,,DA3603          ,2,6,2,0
,,,,,,DA3604          ,2,8,2,0
,,,,,,DA3605          ,1,3,1,0
,,,,,,DA3606          ,2,6,2,0
,,,,,,DA3607          ,2,6,2,0
,,,,,,DA3608          ,1,3,1,0
,,,,,,DA3609          ,2,6,2,0
,,,,,,DA3610          ,2,6,2,0
,,,,,,DA3611          ,1,3,1,0
,,,,,,DA3612          ,1,3,1,0
,,,,,,DA3613          ,1,3,1,0
,,,,,,DA3614          ,1,3,1,0
,,,,,,DA3615          ,2,6,2,0
,,,,,,DA3616          ,1,3,1,0
,,,,,,DA3618          ,2,6,2,0
,,,,,,DA3619          ,2,6,2,0
,,,,,,DA3625          ,1,3,1,0
,,,,,,DA3626          ,2,6,2,0
,,,,,,DA3627          ,1,3,1,0
,,,,,,DA3630          ,1,3,1,0
,,,,,,DA3631          ,1,3,1,0
,,,,,,DA3632          ,1,4,1,0
,,,,,,DA3632          ,2,2,2,0
,,,,,,DA3633          ,3,9,3,0
,,,,,,DA3634          ,3,9,3,0
,,,,,,DA3635          ,1,1,1,0
,,,,,,DA3636          ,1,3,1,0
,,,,,,DA3638          ,2,6,2,0
,,,,,,DA3639          ,1,3,1,0
,,,,,,DA3640          ,1,4,1,0
,,,,,,DA3643          ,3,9,3,0
,,,,,,DA3644          ,1,4,1,0
,,,,,,DA3647          ,1,3,1,0
,,,,,,DA3650          ,1,3,1,0
,,,,,,DA3651          ,1,3,1,0
,,,,,,DA3654          ,1,1,1,0
,,,,,,DA3655          ,1,2,1,0
,,,,,,DA3656          ,1,3,1,0
,,,,,,DA3657          ,1,3,1,0
,,,,,,DA3658          ,1,3,1,0
,,,,,,DA3665          ,1,3,1,0
,,,,,,DA3700          ,1,5,1,0
,,,,,,DA3700          ,10,10,10,0
,,,,,,DA3708          ,1,1,1,0
,,,,,,DA3741          ,3,3,3,0
,,,,,,DA3741          ,4,4,4,0
,,,,,,DA3777          ,1,1,1,0
,,,,,,DA3781         ,1,2,1,0
,,,,,,DA3787         ,1,1,1,0
,,,,,,DA3788         ,1,1,1,0
,,,,,,DA3788          ,4,12,4,0
,,,,,,DA3791          ,1,4,1,0
,,,,,,DA3791          ,4,4,4,0
,,,,,,DA3799          ,1,2,1,0
,,,,,,DA3802          ,1,1,1,0
,,,,,,DA3804          ,1,1,1,0
,,,,,,DA3804          ,5,5,5,0
,,,,,,DA3804          ,6,126,6,0
,,,,,,DA3804          ,12,84,12,0
,,,,,,DA3805          ,2,32,2,0
,,,,,,DA3805          ,4,20,4,0
,,,,,,DA3806          ,6,108,6,0
,,,,,,DA3806          ,12,48,12,0
,,,,,,DA3814          ,3,3,3,0
,,,,,,DA3822          ,1,1,1,0
,,,,,,DA3822          ,6,18,6,0
,,,,,,DA3831          ,1,1,1,0
,,,,,,DA3834          ,1,1,1,0
,,,,,,DA3835          ,1,1,1,0
,,,,,,DA3837          ,1,1,1,0
,,,,,,DA3840          ,1,1,1,0
,,,,,,DA3843         ,1,1,1,0
,,,,,,DA3852          ,1,1,1,0
,,,,,,DA3855          ,2,2,2,0
,,,,,,DA3862          ,1,1,1,0
,,,,,,DA3890         ,1,2,1,0
,,,,,,DA3892          ,6,18,6,0
,,,,,,DA3928          ,1,2,1,0
,,,,,,DA3933          ,1,2,1,0
,,,,,,DA3938          ,1,1,1,0
,,,,,,DA3938          ,4,12,4,0
,,,,,,DA3960          ,3,3,3,0
,,,,,,DA3988         ,1,1,1,0
,,,,,,DA3990         ,1,1,1,0
,,,,,,DA3991         ,1,1,1,0
,,,,,,DA4009          ,1,1,1,0
,,,,,,DA4009          ,4,4,4,0
,,,,,,DA4037          ,1,1,1,0
,,,,,,DA4038          ,1,47,1,0
,,,,,,DA4038          ,2,18,2,0
,,,,,,DA4047          ,1,1,1,0
,,,,,,DA4071          ,1,1,1,0
,,,,,,DA4074          ,1,2,1,0
,,,,,,DA4076          ,1,1,1,0
,,,,,,DA4110          ,1,3,1,0
,,,,,,DA4186          ,1,15,1,0
,,,,,,DA4191          ,1,1,1,0
,,,,,,DA4232          ,1,1,1,0
,,,,,,DA4232          ,3,3,3,0
,,,,,,DA4232          ,4,4,4,0
,,,,,,DA4232          ,5,5,5,0
,,,,,,DA4258          ,1,1,1,0
,,,,,,DA4261          ,1,7,1,0
,,,,,,DA4261          ,2,2,2,0
,,,,,,DA4264         ,8,16,8,0
,,,,,,DA4265          ,1,1,1,0
,,,,,,DA4271          ,6,12,6,0
,,,,,,DA4279          ,1,1,1,0
,,,,,,DA4303          ,1,1,1,0
,,,,,,DA4307          ,2,2,2,0
,,,,,,DA4308          ,1,2,1,0
,,,,,,DA4324          ,1,1,1,0
,,,,,,DA4326          ,4,4,4,0
,,,,,,DA4326          ,40,40,40,0
,,,,,,DA4341          ,1,1,1,0
,,,,,,DA4350          ,1,1,1,0
,,,,,,DA4356          ,1,1,1,0
,,,,,,DA4361          ,3,3,3,0
,,,,,,DA4362          ,3,3,3,0
,,,,,,DA4364         ,1,1,1,0
,,,,,,DA4365          ,6,6,6,0
,,,,,,DA4365          ,8,8,8,0
,,,,,,DA4387          ,1,3,1,0
,,,,,,DA4405          ,1,1,1,0
,,,,,,DA4424          ,1,2,1,0
,,,,,,DA4470          ,2,2,2,0
,,,,,,DA4484          ,4,4,4,0
,,,,,,DA4490          ,2,4,2,0
,,,,,,DA4498          ,2,2,2,0
,,,,,,DA4503          ,1,1,1,0
,,,,,,DA4504          ,1,1,1,0
,,,,,,DA4519         ,1,2,1,0
,,,,,,DA4519          ,2,2,2,0
,,,,,,DA4520         ,1,1,1,0
,,,,,,DA4520          ,2,2,2,0
,,,,,,DA4521         ,1,1,1,0
,,,,,,DA4521          ,2,2,2,0
,,,,,,DA4524          ,6,6,6,0
,,,,,,DA4525         ,4,4,4,0
,,,,,,DA4525          ,1,1,1,0
,,,,,,DA4528          ,1,1,1,0
,,,,,,DA4530          ,1,1,1,0
,,,,,,DA4531          ,1,1,1,0
,,,,,,DA4532          ,1,1,1,0
,,,,,,DA4533          ,1,2,1,0
,,,,,,DA4540          ,1,5,1,0
,,,,,,DA4545          ,10,10,10,0
,,,,,,DA4546          ,10,10,10,0
,,,,,,DA4569          ,2,2,2,0
,,,,,,DA4575          ,1,1,1,0
,,,,,,DA4576          ,1,1,1,0
,,,,,,DA4577          ,1,1,1,0
,,,,,,DA4579          ,1,1,1,0
,,,,,,DA4580          ,1,1,1,0
,,,,,,DA4605          ,3,3,3,0
,,,,,,DA4607          ,1,1,1,0
,,,,,,DA4607          ,3,3,3,0
,,,,,,DA4646          ,6,6,6,0
,,,,,,DA4715         ,1,1,1,0
,,,,,,DA4727          ,1,1,1,0
,,,,,,DA4730          ,1,1,1,0
,,,,,,DA4732          ,1,1,1,0
,,,,,,DA4765          ,1,1,1,0
,,,,,,DA4776          ,1,1,1,0
,,,,,,DA4781          ,1,1,1,0
,,,,,,DA4794          ,1,1,1,0
,,,,,,DA4839          ,1,6,1,0
,,,,,,DA4839          ,2,2,2,0
,,,,,,DA4839          ,5,5,5,0
,,,,,,DA4839          ,10,10,10,0
,,,,,,DA4839          ,15,15,15,0
,,,,,,DA4840          ,1,9,1,0
,,,,,,DA4840          ,2,2,2,0
,,,,,,DA4842          ,1,1,1,0
,,,,,,DA4847          ,1,10,1,0
,,,,,,DA4855          ,1,3,1,0
,,,,,,DA4857          ,1,1,1,0
,,,,,,DA4871          ,1,2,1,0
,,,,,,DA4873         ,1,1,1,0
,,,,,,DA4911         ,1,1,1,0
,,,,,,DA4926          ,1,1,1,0
,,,,,,DA4940         ,1,2,1,0
,,,,,,DA4944          ,1,1,1,0
,,,,,,DA4954          ,1,2,1,0
,,,,,,DA5036          ,1,25,1,0
,,,,,,DA5036          ,2,8,2,0
,,,,,,DA5036          ,3,15,3,0
,,,,,,DA5036          ,4,8,4,0
,,,,,,DA5036          ,5,5,5,0
,,,,,,DA5036          ,6,24,6,0
,,,,,,DA5036          ,10,10,10,0
,,,,,,DA5036          ,11,11,11,0
,,,,,,DA5036          ,12,12,12,0
,,,,,,DA5038          ,1,1,1,0
,,,,,,DA5038          ,2,14,2,0
,,,,,,DA5038          ,3,12,3,0
,,,,,,DA5038          ,4,60,4,0
,,,,,,DA5038          ,6,12,6,0
,,,,,,DA5038          ,8,16,8,0
,,,,,,DA5038          ,10,10,10,0
,,,,,,DA5038          ,12,60,12,0
,,,,,,DA5038          ,18,36,18,0
,,,,,,DA5038          ,20,20,20,0
,,,,,,DA5038          ,24,96,24,0
,,,,,,DA5038          ,44,44,44,0
,,,,,,DA5045          ,1,1,1,0
,,,,,,DA5045          ,2,2,2,0
,,,,,,DA5104          ,1,1,1,0
,,,,,,DA5105          ,1,1,1,0
,,,,,,DA5122          ,2,2,2,0
,,,,,,DA5154          ,1,2,1,0
,,,,,,DA5200          ,1,1,1,0
,,,,,,DA5202          ,1,1,1,0
,,,,,,DA5203          ,1,2,1,0
,,,,,,DA5204          ,1,2,1,0
,,,,,,DA5205          ,1,1,1,0
,,,,,,DA5205          ,2,2,2,0
,,,,,,DA5207          ,1,1,1,0
,,,,,,DA5208          ,1,1,1,0
,,,,,,DA5210          ,1,1,1,0
,,,,,,DA5212          ,1,2,1,0
,,,,,,DA5215          ,1,1,1,0
,,,,,,DA5220          ,4,4,4,0
,,,,,,DA5223          ,1,1,1,0
,,,,,,DA5224          ,1,2,1,0
,,,,,,DA5332          ,1,3,1,0
,,,,,,DA5332          ,5,5,5,0
,,,,,,DA5334          ,1,1,1,0
,,,,,,DA5336          ,3,3,3,0
,,,,,,DA5404          ,3,3,3,0
,,,,,,DA5412          ,6,6,6,0
,,,,,,DA5450          ,20,20,20,0
,,,,,,DA5453          ,10,10,10,0
,,,,,,DA5455          ,10,10,10,0
,,,,,,DA5459          ,2,2,2,0
,,,,,,DA5460         ,1,1,1,0
,,,,,,DA5461          ,20,20,20,0
,,,,,,DA5463          ,1,1,1,0
,,,,,,DA5466          ,1,1,1,0
,,,,,,DA5469          ,1,1,1,0
,,,,,,DA5487          ,1,1,1,0
,,,,,,DA5488          ,20,20,20,0
,,,,,,DA5489          ,1,1,1,0
,,,,,,DA5492          ,1,1,1,0
,,,,,,DA5493          ,1,1,1,0
,,,,,,DA5494          ,1,1,1,0
,,,,,,DA5495          ,1,1,1,0
,,,,,,DA5496          ,1,1,1,0
,,,,,,DA5497          ,1,2,1,0
,,,,,,DA5498          ,1,2,1,0
,,,,,,DA5500          ,1,1,1,0
,,,,,,DA5503          ,1,1,1,0
,,,,,,DA5504          ,1,1,1,0
,,,,,,DA5505          ,1,1,1,0
,,,,,,DA5506          ,2,2,3,0
,,,,,,DA5509          ,1,1,1,0
,,,,,,DA5511          ,2,2,2,0
,,,,,,DA5512          ,1,1,1,0
,,,,,,DA5527          ,1,1,1,0
,,,,,,DA5538         ,1,1,1,0
,,,,,,DA5541          ,1,6,1,0
,,,,,,DA5541          ,2,2,2,0
,,,,,,DA5557          ,1,2,1,0
,,,,,,DA5558          ,1,1,1,0
,,,,,,DA5569          ,1,1,1,0
,,,,,,DA5585          ,6,6,6,0
,,,,,,DA5587          ,1,2,1,0
,,,,,,DA5604          ,6,6,6,0
,,,,,,DA5605          ,6,6,6,0
,,,,,,DA5624          ,6,6,6,0
,,,,,,DA5637          ,1,1,1,0
,,,,,,DA5638          ,1,1,1,0
,,,,,,DA5645          ,1,1,1,0
,,,,,,DA5650         ,1,2,1,0
,,,,,,DA5665          ,4,4,4,0
,,,,,,DA5665          ,6,6,6,0
,,,,,,DA5665          ,10,10,10,0
,,,,,,DA5667          ,6,6,6,0
,,,,,,DA5668          ,6,6,6,0
,,,,,,DA5669          ,1,1,1,0
,,,,,,DA5674          ,1,1,1,0
,,,,,,DA5679          ,1,2,1,0
,,,,,,DA5679          ,1,2,2,0
,,,,,,DA5679          ,2,4,2,0
,,,,,,DA5685          ,1,1,1,0
,,,,,,DA5686          ,1,1,1,0
,,,,,,DA5688         ,2,2,2,0
,,,,,,DA5689          ,1,4,1,0
,,,,,,DA5692         ,1,1,1,0
,,,,,,DA5694         ,1,3,1,0
,,,,,,DA5695          ,1,1,1,0
,,,,,,DA5702          ,1,8,1,0
,,,,,,DA5702          ,3,3,3,0
,,,,,,DA5703         ,1,2,1,0
,,,,,,DA5704          ,1,7,1,0
,,,,,,DA5704          ,3,3,3,0
,,,,,,DA5710          ,4,4,4,0
,,,,,,DA5713          ,1,1,1,0
,,,,,,DA5714          ,1,1,1,0
,,,,,,DA5715          ,4,8,4,0
,,,,,,DA5715          ,12,12,12,0
,,,,,,DA5716          ,2,4,2,0
,,,,,,DA5733          ,1,1,1,0
,,,,,,DA5765          ,1,3,1,0
,,,,,,DA5773          ,1,3,1,0
,,,,,,DA5773          ,3,3,3,0
,,,,,,DA5777          ,1,1,1,0
,,,,,,DA5777          ,3,3,3,0
,,,,,,DA5798         ,1,3,1,0
,,,,,,DA5799          ,1,4,1,0
,,,,,,DA5825          ,1,1,1,0
,,,,,,DA5847          ,1,12,1,0
,,,,,,DA5881         ,1,1,1,0
,,,,,,DA5881          ,2,2,2,0
,,,,,,DA5881          ,3,12,3,0
,,,,,,DA5881          ,4,4,4,0
,,,,,,DA5889          ,10,10,10,0
,,,,,,DA5890          ,1,1,1,0
,,,,,,DA5907          ,1,1,1,0
,,,,,,DA5914          ,6,18,6,0
,,,,,,DA5915         ,6,12,6,0
,,,,,,DA5916         ,6,6,6,0
,,,,,,DA5916          ,5,5,1,4
,,,,,,DA5917         ,2,2,2,0
,,,,,,DA5921          ,4,4,4,0
,,,,,,DA5922          ,10,10,10,0
,,,,,,DA5926          ,3,3,3,0
,,,,,,DA5932          ,1,3,1,0
,,,,,,DA5940          ,1,12,1,0
,,,,,,DA5941          ,1,51,1,0
,,,,,,DA5955          ,1,1,1,0
,,,,,,DA5956          ,1,1,1,0
,,,,,,DA5957          ,1,2,1,0
,,,,,,DA5967          ,1,1,1,0
,,,,,,DA5968          ,1,1,1,0
,,,,,,DA5969          ,1,11,1,0
,,,,,,DA5969          ,2,2,2,0
,,,,,,DA5992          ,1,20,1,0
,,,,,,DA6000          ,1,3,1,0
,,,,,,DA6008          ,1,3,1,0
,,,,,,DA6009          ,1,3,1,0
,,,,,,DA6015          ,1,1,1,0
,,,,,,DA6022          ,1,1,1,0
,,,,,,DA6027          ,4,4,4,0
,,,,,,DA6028          ,4,4,4,0
,,,,,,DA6033          ,3,6,3,0
,,,,,,DA6033          ,5,10,5,0
,,,,,,DA6037          ,1,1,1,0
,,,,,,DA6039          ,2,4,2,0
,,,,,,DA6047          ,1,5,1,0
,,,,,,DA6048          ,1,1,1,0
,,,,,,DA6050          ,1,6,1,0
,,,,,,DA6067         ,2,20,2,0
,,,,,,DA6067          ,4,4,4,0
,,,,,,DA6067          ,6,6,6,0
,,,,,,DA6067          ,6,6,6,4
,,,,,,DA6069          ,2,2,2,0
,,,,,,DA6075          ,1,1,1,0
,,,,,,DA6078          ,1,2,1,0
,,,,,,DA6079          ,1,2,1,0
,,,,,,DA6081          ,1,5,1,0
,,,,,,DA6085          ,1,3,1,0
,,,,,,DA6091          ,1,2,1,0
,,,,,,DA6134          ,5,5,9,0
,,,,,,DA6138          ,5,10,5,0
,,,,,,DA6148         ,1,1,1,0
,,,,,,DA6156          ,2,10,2,0
,,,,,,DA6159          ,1,1,1,0
,,,,,,DA6159          ,2,8,2,0
,,,,,,DA6173         ,2,2,2,0
,,,,,,DA6174          ,1,3,1,0
,,,,,,DA6178          ,1,15,1,0
,,,,,,DA6180          ,1,1,1,0
,,,,,,DA6181          ,1,1,1,0
,,,,,,DA6197          ,1,12,1,0
,,,,,,DA6197          ,2,4,2,0
,,,,,,DA6197          ,3,9,3,0
,,,,,,DA6197          ,4,4,4,0
,,,,,,DA6197          ,5,5,5,0
,,,,,,DA6197          ,6,6,6,0
,,,,,,DA6197          ,10,10,10,0
,,,,,,DA6201          ,1,1,1,0
,,,,,,DA6203          ,18,18,18,0
,,,,,,DA6204          ,17,17,17,0
,,,,,,DA6210          ,20,20,20,0
,,,,,,DA6211          ,1,1,1,0
,,,,,,DA6246          ,2,4,2,0
,,,,,,DA6250          ,1,2,1,0
,,,,,,DA6253          ,1,1,1,0
,,,,,,DA6259          ,2,2,1,2
,,,,,,DA6259          ,6,6,6,0
,,,,,,DA6260          ,2,2,1,2
,,,,,,DA6276          ,4,4,4,0
,,,,,,DA6281          ,1,1,1,0
,,,,,,DA6316          ,6,24,6,0
,,,,,,DA6359          ,2,2,1,0
,,,,,,DA6359          ,2,4,2,0
,,,,,,DA6365          ,2,2,2,0
,,,,,,DA6365          ,4,4,2,0
,,,,,,DA6367          ,38,38,19,19
,,,,,,DA6395         ,2,2,2,0
,,,,,,DA6398          ,1,1,1,0
,,,,,,DA6408          ,1,3,1,0
,,,,,,DA6443          ,2,6,2,0
,,,,,,DA6444          ,2,2,2,0
,,,,,,DA6444          ,4,4,6,0
,,,,,,DA6445          ,60,60,60,0
,,,,,,DA6446          ,60,60,60,0
,,,,,,DA6449          ,2,4,2,0
,,,,,,DA6450          ,2,4,2,0
,,,,,,DA6451          ,40,40,40,0
,,,,,,DA6452          ,40,40,40,0
,,,,,,DA6466         ,1,3,1,0
,,,,,,DA6467          ,1,7,1,0
,,,,,,DA6473          ,1,1,1,0
,,,,,,DA6483          ,1,2,1,0
,,,,,,DA6493          ,1,3,1,0
,,,,,,DA6494          ,10,10,10,0
,,,,,,DA6495          ,1,5,1,0
,,,,,,DA6498          ,1,1,1,0
,,,,,,DA6500          ,1,1,1,0
,,,,,,DA6500          ,2,2,2,0
,,,,,,DA6501          ,1,1,1,0
,,,,,,DA6502          ,1,3,1,0
,,,,,,DA6507          ,1,5,1,0
,,,,,,DA6517          ,1,3,1,0
,,,,,,DA6517          ,5,5,5,0
,,,,,,DA6565          ,1,1,1,0
,,,,,,DA6590          ,1,1,1,0
,,,,,,DA6590          ,2,2,2,0
,,,,,,DA6590          ,3,3,3,0
,,,,,,DA6591          ,1,1,1,0
,,,,,,DA6591          ,3,3,3,0
,,,,,,DA6593          ,1,1,1,0
,,,,,,DA6593          ,2,2,1,1
,,,,,,DA6593          ,3,3,3,0
,,,,,,DA6594          ,1,1,1,0
,,,,,,DA6594          ,2,2,2,0
,,,,,,DA6594          ,3,3,3,0
,,,,,,DA6598          ,1,5,1,0
,,,,,,DA6602          ,2,10,2,0
,,,,,,DA6605          ,20,20,20,0
,,,,,,DA6606          ,1,1,1,0
,,,,,,DA6606          ,2,2,1,1
,,,,,,DA6606          ,3,3,3,0
,,,,,,DA6615          ,1,1,1,0
,,,,,,DA6615          ,2,2,2,0
,,,,,,DA6625          ,1,1,1,0
,,,,,,DA6626          ,1,4,1,0
,,,,,,DA6651         ,1,1,1,0
,,,,,,DA6657         ,1,2,1,0
,,,,,,DA6659          ,1,1,1,0
,,,,,,DA6663          ,1,2,1,0
,,,,,,DA6681          ,2,2,1,0
,,,,,,DA6687         ,1,1,1,0
,,,,,,DA6702          ,2,2,2,0
,,,,,,DA6702          ,3,3,3,0
,,,,,,DA6702          ,4,8,4,0
,,,,,,DA6702          ,5,5,5,0
,,,,,,DA6720          ,1,1,1,0
,,,,,,DA6758          ,3,3,3,0
,,,,,,DA6779          ,1,1,1,0
,,,,,,DA6788          ,1,1,1,0
,,,,,,DA6821          ,1,1,1,0
,,,,,,DA6827          ,1,2,1,0
,,,,,,DA6828          ,1,2,1,0
,,,,,,DA6830          ,1,1,1,0
,,,,,,DA6834          ,1,2,1,0
,,,,,,DA6839          ,1,1,1,0
,,,,,,DA6840          ,1,3,1,0
,,,,,,DA6840          ,2,2,2,0
,,,,,,DA6840          ,10,10,10,0
,,,,,,DA6859          ,1,1,-4,66
,,,,,,DA6859          ,1,3,1,0
,,,,,,DA6859          ,2,4,2,0
,,,,,,DA6859          ,4,8,4,0
,,,,,,DA6859          ,5,5,5,0
,,,,,,DA6859          ,6,24,6,0
,,,,,,DA6863          ,1,1,1,0
,,,,,,DA6870          ,1,1,1,0
,,,,,,DA6893          ,1,3,1,0
,,,,,,DA6894          ,1,4,1,0
,,,,,,DA6912          ,1,2,1,0
,,,,,,DA6924          ,5,5,5,0
,,,,,,DA6936          ,1,27,1,0
,,,,,,DA6937          ,5,5,5,0
,,,,,,DA6938          ,1,1,1,0
,,,,,,DA6942          ,1,5,1,0
,,,,,,DA6956          ,1,1,1,0
,,,,,,DA6965          ,2,14,2,0
,,,,,,DA6965          ,4,4,4,0
,,,,,,DA6965          ,8,8,8,0
,,,,,,DA6965          ,10,20,10,0
,,,,,,DA6965          ,20,20,20,0
,,,,,,DA6966          ,5,35,5,0
,,,,,,DA6966          ,10,10,10,0
,,,,,,DA6966          ,25,25,25,0
,,,,,,DA6966          ,50,50,50,0
,,,,,,DA6966          ,75,75,75,0
,,,,,,DA6967          ,2,2,2,0
,,,,,,DA6967          ,4,4,4,0
,,,,,,DA6969          ,4,4,4,0
,,,,,,DA6969          ,5,5,5,0
,,,,,,DA6976          ,1,1,1,0
,,,,,,DA6978          ,1,3,1,0
,,,,,,DA6985          ,1,3,1,0
,,,,,,DA6985          ,8,8,8,0
,,,,,,DA6987          ,36,36,36,0
,,,,,,DA6994          ,1,1,1,0
,,,,,,DA6995          ,1,2,1,0
,,,,,,DA7002          ,2,2,2,0
,,,,,,DA7003          ,2,2,2,0
,,,,,,DA7004          ,1,1,1,0
,,,,,,DA7004          ,2,2,2,0
,,,,,,DA7005          ,2,2,2,0
,,,,,,DA7006          ,2,2,2,0
,,,,,,DA7007          ,1,1,1,0
,,,,,,DA7007          ,2,2,2,0
,,,,,,DA7011          ,1,1,1,0
,,,,,,DA7011          ,5,5,5,0
,,,,,,DA7011          ,11,11,8,3
,,,,,,DA7012          ,11,11,11,0
,,,,,,DA7013          ,11,11,11,0
,,,,,,DA7014          ,11,11,11,0
,,,,,,DA7016          ,1,1,1,0
,,,,,,DA7017          ,1,2,1,0
,,,,,,DA7020          ,1,3,1,0
,,,,,,DA7023          ,1,6,1,0
,,,,,,DA7024          ,3,3,3,0
,,,,,,DA7025          ,1,1,1,0
,,,,,,DA7028          ,3,3,3,0
,,,,,,DA7030          ,1,2,1,0
,,,,,,DA7036          ,1,1,1,0
,,,,,,DA7037          ,1,2,1,0
,,,,,,DA7040          ,1,0,1,0
,,,,,,DA7040          ,2,2,1,2
,,,,,,DA7040          ,2,2,2,0
,,,,,,DA7040          ,5,5,5,0
,,,,,,DA7044          ,2,2,2,0
,,,,,,DA7049          ,1,2,1,0
,,,,,,DA7050          ,1,3,1,0
,,,,,,DA7052          ,6,18,6,0
,,,,,,DA7056          ,9,9,9,0
,,,,,,DA7057          ,1,1,1,0
,,,,,,DA7060          ,1,14,1,0
,,,,,,DA7061          ,1,18,1,0
,,,,,,DA7061          ,5,5,5,0
,,,,,,DA7069         ,1,1,1,0
,,,,,,DA7071          ,1,1,1,0
,,,,,,DA7072          ,1,1,1,0
,,,,,,DA7073         ,1,3,1,0
,,,,,,DA7074          ,1,2,1,0
,,,,,,DA7075          ,1,1,1,0
,,,,,,DA7082          ,1,3,1,0
,,,,,,DA7083          ,1,3,1,0
,,,,,,DA7084          ,1,3,1,0
,,,,,,DA7085          ,1,3,1,0
,,,,,,DA7086          ,1,2,1,0
,,,,,,DA7086          ,5,5,5,0
,,,,,,DA7087          ,1,4,1,0
,,,,,,DA7088          ,1,5,1,0
,,,,,,DA7089          ,1,4,1,0
,,,,,,DA7090          ,1,4,1,0
,,,,,,DA7091         ,1,1,1,0
,,,,,,DA7093          ,1,2,1,0
,,,,,,DA7094          ,1,1,1,0
,,,,,,DA7095          ,1,1,1,0
,,,,,,DA7104          ,1,1,1,0
,,,,,,DA7104          ,4,4,4,0
,,,,,,DA7105          ,1,1,1,0
,,,,,,DA7105          ,4,4,4,0
,,,,,,DA7107          ,1,4,1,0
,,,,,,DA7107          ,2,2,2,0
,,,,,,DA7109         ,1,1,1,0
,,,,,,DA7116          ,1,1,1,0
,,,,,,DA7117          ,1,6,1,0
,,,,,,DA7119          ,1,2,1,0
,,,,,,DA7119          ,2,2,2,0
,,,,,,DA7121          ,1,1,1,0
,,,,,,DA7124          ,1,1,1,0
,,,,,,DA7125          ,1,6,1,0
,,,,,,DA7128         ,1,1,1,0
,,,,,,DA7128          ,3,3,3,0
,,,,,,DA7128          ,4,8,4,0
,,,,,,DA7128          ,5,5,5,0
,,,,,,DA7130          ,1,1,1,0
,,,,,,DA7135          ,1,1,1,0
,,,,,,DA7136         ,1,2,1,0
,,,,,,DA7137         ,1,1,1,0
,,,,,,DA7138          ,1,3,1,0
,,,,,,DA7138          ,2,2,2,0
,,,,,,DA7138          ,5,5,5,0
,,,,,,DA7139          ,1,2,1,0
,,,,,,DA7139          ,5,5,5,0
,,,,,,DA7140          ,1,2,1,0
,,,,,,DA7158          ,1,1,1,0
,,,,,,DA7166          ,1,1,1,0
,,,,,,DA7166          ,1,2,2,0
,,,,,,DA7174          ,1,3,1,0
,,,,,,DA7179          ,1,1,1,0
,,,,,,DA7179          ,2,2,2,0
,,,,,,DA7186         ,1,1,1,0
,,,,,,DA7189          ,1,1,1,0
,,,,,,DA7190          ,1,1,1,0
,,,,,,DA7191          ,10,10,10,0
,,,,,,DA7192          ,1,1,1,0
,,,,,,DA7195          ,1,1,1,0
,,,,,,DA7197          ,1,1,1,0
,,,,,,DA7203          ,10,10,10,0
,,,,,,DA7215          ,1,1,2,0
,,,,,,DA7215          ,2,4,2,0
,,,,,,DA7216          ,1,2,1,0
,,,,,,DA7231          ,2,10,2,0
,,,,,,DA7233          ,1,1,1,0
,,,,,,DA7242          ,1,1,1,0
,,,,,,DA7243          ,1,1,1,0
,,,,,,DA7260          ,1,2,1,0
,,,,,,DA7261          ,1,1,1,0
,,,,,,DA7263          ,1,3,1,0
,,,,,,DA7285          ,1,4,1,0
,,,,,,DA7286          ,1,6,1,0
,,,,,,DA7290          ,1,3,1,0
,,,,,,DA7301          ,1,1,1,0
,,,,,,DA7320          ,1,1,1,0
,,,,,,DA7337          ,1,1,1,0
,,,,,,DA7338          ,1,1,1,0
,,,,,,DA7351          ,1,9,1,0
,,,,,,DA7352          ,2,2,2,0
,,,,,,DA7352          ,5,5,5,0
,,,,,,DA7357          ,1,1,1,0
,,,,,,DA7357          ,7,7,7,0
,,,,,,DA7359          ,1,29,1,0
,,,,,,DA7359          ,2,2,2,0
,,,,,,DA7390          ,1,1,1,0
,,,,,,DA7391          ,1,1,1,0
,,,,,,DA7392          ,6,6,6,0
,,,,,,DA7393          ,6,6,6,0
,,,,,,DA7420          ,5,5,5,0
,,,,,,DA7421          ,1,1,1,0
,,,,,,DA7440          ,2,2,2,0
,,,,,,DA7486          ,1,14,1,0
,,,,,,DA7488          ,2,22,2,0
,,,,,,DA7489          ,2,22,2,0
,,,,,,DA7493          ,2,4,2,0
,,,,,,DA7494          ,1,1,1,0
,,,,,,DA7495          ,2,2,4,0
,,,,,,DA7495          ,4,4,4,0
,,,,,,DA7501          ,2,2,2,0
,,,,,,DA7508          ,1,1,1,0
,,,,,,DA7508          ,3,6,3,0
,,,,,,DA7508          ,6,6,6,0
,,,,,,DA7509          ,1,18,1,0
,,,,,,DA7509          ,2,2,2,0
,,,,,,DA7514         ,1,82,1,0
,,,,,,DA7514          ,5,5,5,0
,,,,,,DA7514          ,21,21,21,0
,,,,,,DA7530          ,2,2,2,0
,,,,,,DA7537          ,4,4,4,0
,,,,,,DA7537          ,12,36,12,0
,,,,,,DA7537          ,180,540,180,0
,,,,,,DA7537          ,360,1440,360,0
,,,,,,DA7537          ,496,496,496,0
,,,,,,DA7538          ,6,66,6,0
,,,,,,DA7539          ,6,54,6,0
,,,,,,DA7540          ,6,84,6,0
,,,,,,DA7540          ,48,48,48,0
,,,,,,DA7541          ,2,16,2,0
,,,,,,DA7550          ,1,1,1,0
,,,,,,DA7551          ,1,1,1,0
,,,,,,DA7577          ,2,4,2,0
,,,,,,DA7581          ,1,1,1,0
,,,,,,DA7596          ,3,3,3,0
,,,,,,DA7612          ,1,1,1,0
,,,,,,DA7612          ,3,3,3,0
,,,,,,DA7615          ,1,1,1,0
,,,,,,DA7625          ,1,1,1,0
,,,,,,DA7660          ,1,1,1,0
,,,,,,DA7663          ,1,1,1,0
,,,,,,DA7686          ,1,2,1,0
,,,,,,DA7726          ,4,4,4,0
,,,,,,DA7736          ,3,3,3,0
,,,,,,DA7737          ,2,2,2,0
,,,,,,DA7746          ,1,2,1,0
,,,,,,DA7785          ,2,2,2,0
,,,,,,DA7786          ,1,2,1,0
,,,,,,DA7787          ,1,2,1,0
,,,,,,DA7788          ,1,2,1,0
,,,,,,DA7789          ,1,2,1,0
,,,,,,DA7793          ,5,5,9,0
,,,,,,DA7802          ,5,5,9,0
,,,,,,DA7809          ,3,3,3,0
,,,,,,DA7810          ,1,3,1,0
,,,,,,DA7810          ,3,3,3,0
,,,,,,DA7813          ,1,1,1,0
,,,,,,DA7839          ,1,1,1,0
,,,,,,DA7850          ,1,1,1,0
,,,,,,DA7863          ,1,8,1,0
,,,,,,DA7864          ,1,10,1,0
,,,,,,DA7864          ,2,6,2,0
,,,,,,DA7865          ,1,3,1,0
,,,,,,DA7866          ,1,7,1,0
,,,,,,DA7872          ,1,1,1,0
,,,,,,DA7897          ,1,1,1,0
,,,,,,DA7900          ,2,2,2,0
,,,,,,DA7922          ,1,1,1,0
,,,,,,DA7923          ,1,1,1,0
,,,,,,DA7925          ,1,5,1,0
,,,,,,DA7936          ,1,1,1,0
,,,,,,DA7937          ,2,2,2,0
,,,,,,DA7938          ,1,1,1,0
,,,,,,DA7954          ,1,1,1,0
,,,,,,DA7961          ,1,11,1,0
,,,,,,DA7990         ,1,1,1,0
,,,,,,DA7991          ,1,1,1,0
,,,,,,DA7992         ,1,1,1,0
,,,,,,DA7994          ,3,3,3,0
,,,,,,DA7996         ,6,6,6,0
,,,,,,DA7998          ,1,4,1,0
,,,,,,DA8003         ,1,2,1,0
,,,,,,DA8011         ,1,1,1,0
,,,,,,DA8015         ,1,1,1,0
,,,,,,DA8030         ,1,1,1,0
,,,,,,DA8031         ,1,1,1,0
,,,,,,DA8039          ,1,2,1,0
,,,,,,DA8050          ,1,1,1,0
,,,,,,DA8052          ,1,1,1,0
,,,,,,DA8061          ,1,1,1,0
,,,,,,DA8062          ,1,1,1,0
,,,,,,DA8063         ,1,1,1,0
,,,,,,DA8064         ,1,1,1,0
,,,,,,DA8065         ,2,4,2,0
,,,,,,DA8079          ,1,1,1,0
,,,,,,DA8080          ,1,1,1,0
,,,,,,DA8082         ,1,1,1,0
,,,,,,DA8086          ,1,1,1,0
,,,,,,DA8087          ,2,2,2,0
,,,,,,DA8089          ,1,1,1,0
,,,,,,DA8098         ,1,1,1,0
,,,,,,DA8135          ,1,2,1,0
,,,,,,DA8135          ,1,1,3,11
,,,,,,DA8135          ,5,10,5,0
,,,,,,DA8135          ,6,102,6,0
,,,,,,DA8136          ,1,1,-4,16
,,,,,,DA8136          ,1,2,1,0
,,,,,,DA8136          ,1,1,1,1
,,,,,,DA8136          ,3,3,3,0
,,,,,,DA8136          ,5,10,5,0
,,,,,,DA8136          ,6,102,6,0
,,,,,,DA8144          ,1,2,1,0
,,,,,,DA8163          ,1,1,1,0
,,,,,,DA8182          ,1,6,1,0
,,,,,,DA8191          ,1,2,1,0
,,,,,,DA8210          ,1,1,1,0
,,,,,,DA8210          ,5,5,5,0
,,,,,,DA8210          ,6,6,5,1
,,,,,,DA8210          ,6,102,6,0
,,,,,,DA8210          ,6,6,6,1
,,,,,,DA8211          ,1,5,1,0
,,,,,,DA8226         ,10,10,10,0
,,,,,,DA8227          ,1,1,1,0
,,,,,,DA8247          ,1,3,1,0
,,,,,,DA8247          ,3,3,3,0
,,,,,,DA8272          ,1,1,1,0
,,,,,,DA8273          ,1,2,1,0
,,,,,,DA8275         ,4,8,4,0
,,,,,,DA8275          ,8,8,8,0
,,,,,,DA8280         ,1,1,1,0
,,,,,,DA8281         ,1,1,1,0
,,,,,,DA8292          ,1,1,1,0
,,,,,,DA8299          ,1,16,1,0
,,,,,,DA8304         ,1,1,1,0
,,,,,,DA8306          ,1,1,1,0
,,,,,,DA8310          ,2,2,2,0
,,,,,,DA8310          ,3,3,3,0
,,,,,,DA8323          ,1,1,1,0
,,,,,,DA8324         ,1,1,1,0
,,,,,,DA8325         ,1,1,1,0
,,,,,,DA8326         ,1,1,1,0
,,,,,,DA8327          ,1,3,1,0
,,,,,,DA8332          ,1,1,1,0
,,,,,,DA8333         ,1,3,1,0
,,,,,,DA8334          ,1,1,1,0
,,,,,,DA8335          ,2,2,2,0
,,,,,,DA8344          ,1,1,1,0
,,,,,,DA8352          ,1,2,1,0
,,,,,,DA8353          ,1,1,1,0
,,,,,,DA8353          ,2,4,2,0
,,,,,,DA8354          ,1,1,1,0
,,,,,,DA8355          ,1,3,1,0
,,,,,,DA8355          ,2,2,2,0
,,,,,,DA8357          ,1,3,1,0
,,,,,,DA8357          ,2,2,2,0
,,,,,,DA8358          ,1,3,1,0
,,,,,,DA8358          ,2,2,2,0
,,,,,,DA8360          ,1,1,1,0
,,,,,,DA8362          ,2,2,2,0
,,,,,,DA8365          ,1,4,1,0
,,,,,,DA8382          ,1,13,1,0
,,,,,,DA8389          ,1,1,1,0
,,,,,,DA8390          ,1,1,1,0
,,,,,,DA8406          ,6,6,6,0
,,,,,,DA8407          ,1,5,1,0
,,,,,,DA8407          ,3,3,3,0
,,,,,,DA8408          ,1,1,1,0
,,,,,,DA8411          ,1,1,1,0
,,,,,,DA8426          ,1,9,1,0
,,,,,,DA8426          ,2,22,2,0
,,,,,,DA8427          ,1,17,1,0
,,,,,,DA8428          ,1,33,1,0
,,,,,,DA8430          ,1,1,1,0
,,,,,,DA8434         ,1,1,1,0
,,,,,,DA8435          ,1,1,1,0
,,,,,,DA8437          ,3,3,3,0
,,,,,,DA8437          ,5,5,5,0
,,,,,,DA8453          ,2,2,2,0
,,,,,,DA8462          ,1,1,1,0
,,,,,,DA8463          ,1,1,1,0
,,,,,,DA8464         ,1,1,1,0
,,,,,,DA8468          ,11,11,11,0
,,,,,,DA8469          ,11,11,11,0
,,,,,,DA8471          ,6,6,6,0
,,,,,,DA8472          ,6,6,6,0
,,,,,,DA8473          ,4,4,4,0
,,,,,,DA8486          ,1,2,1,0
,,,,,,DA8487          ,1,2,1,0
,,,,,,DA8490          ,1,1,1,0
,,,,,,DA8536          ,2,4,2,0
,,,,,,DA8538          ,1,1,1,0
,,,,,,DA8543          ,1,5,1,0
,,,,,,DA8545         ,1,1,1,0
,,,,,,DA8546         ,1,1,1,0
,,,,,,DA8568          ,1,1,1,0
,,,,,,DA8568          ,3,3,3,0
,,,,,,DA8569          ,3,3,3,0
,,,,,,DA8570          ,1,2,1,0
,,,,,,DA8572          ,1,2,1,0
,,,,,,DA8574          ,1,1,1,0
,,,,,,DA8575          ,1,1,1,0
,,,,,,DA8579         ,1,2,1,0
,,,,,,DA8580          ,1,5,1,0
,,,,,,DA8580          ,2,2,2,0
,,,,,,DA8592          ,1,1,1,0
,,,,,,DA8612          ,1,3,1,0
,,,,,,DA8625          ,1,1,1,0
,,,,,,DA8626          ,1,1,1,0
,,,,,,DA8627          ,1,1,1,0
,,,,,,DA8643          ,2,2,2,0
,,,,,,DA8647          ,2,2,2,0
,,,,,,DA8652          ,4,4,4,0
,,,,,,DA8653          ,1,7,1,0
,,,,,,DA8655         ,1,1,1,0
,,,,,,DA8656          ,1,6,1,0
,,,,,,DA8657          ,1,5,1,0
,,,,,,DA8670         ,1,1,1,0
,,,,,,DA8758          ,2,4,2,0
,,,,,,DA8758          ,3,18,3,0
,,,,,,DA8758          ,4,104,4,0
,,,,,,DA8758          ,6,18,6,0
,,,,,,DA8758          ,8,32,8,0
,,,,,,DA8758          ,9,9,9,0
,,,,,,DA8758          ,12,48,12,0
,,,,,,DA8758          ,16,32,16,0
,,,,,,DA8758          ,18,18,18,0
,,,,,,DA8758          ,20,40,20,0
,,,,,,DA8758          ,24,24,24,0
,,,,,,DA8758          ,40,80,40,0
,,,,,,DA8763          ,1,1,1,0
,,,,,,DA8763          ,2,2,2,0
,,,,,,DA8764          ,1,11,1,0
,,,,,,DA8764          ,2,6,2,0
,,,,,,DA8764          ,4,8,4,0
,,,,,,DA8847          ,1,1,1,0
,,,,,,DA8849          ,1,2,1,0
,,,,,,DA8850         ,1,1,1,0
,,,,,,DA8852         ,1,2,1,0
,,,,,,DA8886         ,1,1,1,0
,,,,,,DA8892          ,3,3,3,0
,,,,,,DA8894          ,3,3,3,0
,,,,,,DA8912          ,2,4,2,0
,,,,,,DA8912          ,8,8,8,0
,,,,,,DA8913          ,10,10,10,0
,,,,,,DA8914          ,10,10,10,0
,,,,,,DA8942          ,1,2,1,0
,,,,,,DA8943         ,1,2,1,0
,,,,,,DA8957          ,1,1,1,0
,,,,,,DA8958          ,3,3,3,0
,,,,,,DA8959          ,3,3,3,0
,,,,,,DA8965         ,2,2,2,0
,,,,,,DA8965          ,1,4,1,0
,,,,,,DA8975          ,2,2,2,0
,,,,,,DA8982          ,1,1,1,0
,,,,,,DA8987         ,1,1,1,0
,,,,,,DA8993          ,1,1,1,0
,,,,,,DA8994          ,1,1,1,0
,,,,,,DA9008          ,1,1,1,0
,,,,,,DA9023         ,1,1,1,0
,,,,,,DA9024         ,1,1,1,0
,,,,,,DA9037          ,1,1,1,0
,,,,,,DA9038          ,1,1,1,0
,,,,,,DA9049          ,1,1,1,0
,,,,,,DA9051          ,1,1,1,0
,,,,,,DA9052          ,1,1,1,0
,,,,,,DA9057          ,1,1,1,0
,,,,,,DA9058          ,1,1,1,0
,,,,,,DA9059          ,1,1,1,0
,,,,,,DA9065          ,1,1,1,0
,,,,,,DA9067          ,1,3,1,0
,,,,,,DA9075          ,1,1,1,0
,,,,,,DA9133          ,1,5,1,0
,,,,,,DA9133          ,2,2,2,0
,,,,,,DA9133          ,3,3,3,0
,,,,,,DA9139          ,2,2,2,0
,,,,,,DA9165          ,1,1,1,0
,,,,,,DA9213          ,1,1,1,0
,,,,,,DA9223          ,2,2,2,0
,,,,,,DA9230          ,1,1,1,0
,,,,,,DA9255          ,8,8,8,0
,,,,,,DA9255          ,10,10,10,0
,,,,,,DA9268          ,1,1,1,0
,,,,,,DA9317          ,1,1,1,0
,,,,,,DA9317          ,1,2,2,0
,,,,,,DA9322          ,2,2,2,0
,,,,,,DA9324          ,2,2,2,0
,,,,,,DA9325          ,2,2,2,0
,,,,,,DA9329          ,2,2,2,0
,,,,,,DA9330          ,1,1,1,0
,,,,,,DA9330          ,1,2,2,0
,,,,,,DA9347          ,1,2,1,0
,,,,,,DA9348          ,1,1,1,0
,,,,,,DA9351          ,1,1,1,0
,,,,,,DA9353          ,2,4,2,0
,,,,,,DA9354          ,1,2,1,0
,,,,,,DA9355          ,1,1,1,0
,,,,,,DA9356          ,1,1,1,0
,,,,,,DA9362          ,1,1,1,0
,,,,,,DA9364          ,1,3,1,0
,,,,,,DA9366          ,40,80,80,0
,,,,,,DA9368          ,1,3,1,0
,,,,,,DA9369          ,1,3,1,0
,,,,,,DA9374          ,1,3,1,0
,,,,,,DA9376          ,1,3,1,0
,,,,,,DA9378          ,1,2,1,0
,,,,,,DA9379          ,1,2,1,0
,,,,,,DA9387          ,1,3,1,0
,,,,,,DA9388          ,1,2,1,0
,,,,,,DA9395          ,1,1,1,0
,,,,,,DA9406          ,1,2,1,0
,,,,,,DA9407          ,1,2,1,0
,,,,,,DA9415          ,1,1,1,0
,,,,,,DA9415          ,2,2,2,0
,,,,,,DA9421         ,2,2,2,0
,,,,,,DA9432          ,1,1,1,0
,,,,,,DA9458          ,1,1,1,0
,,,,,,DA9471          ,1,1,1,0
,,,,,,DA9472          ,1,1,1,0
,,,,,,DA9474          ,1,1,1,0
,,,,,,DA9476          ,1,1,1,0
,,,,,,DA9477         ,2,8,2,0
,,,,,,DA9494          ,1,2,1,0
,,,,,,DA9495         ,1,1,1,0
,,,,,,DA9496         ,1,1,1,0
,,,,,,DA9497         ,1,1,1,0
,,,,,,DA9502          ,1,1,1,0
,,,,,,DA9535          ,1,11,1,0
,,,,,,DA9544          ,2,2,2,0
,,,,,,DA9549          ,1,47,1,0
,,,,,,DA9550          ,1,7,1,0
,,,,,,DA9550          ,3,3,3,0
,,,,,,DA9551          ,1,6,1,0
,,,,,,DA9551          ,2,2,2,0
,,,,,,DA9551          ,5,5,5,0
,,,,,,DA9552          ,2,14,2,0
,,,,,,DA9552          ,6,6,6,0
,,,,,,DA9553          ,1,3,1,0
,,,,,,DA9553          ,3,3,3,0
,,,,,,DA9553          ,5,10,5,0
,,,,,,DA9553          ,6,6,6,0
,,,,,,DA9561          ,4,20,4,0
,,,,,,DA9561          ,8,8,8,0
,,,,,,DA9561          ,20,20,20,0
,,,,,,DA9561          ,48,48,48,0
,,,,,,DA9563          ,1,20,1,0
,,,,,,DA9564          ,12,12,12,0
,,,,,,DA9565          ,1,11,1,0
,,,,,,DA9566          ,1,5,1,0
,,,,,,DA9567          ,1,3,1,0
,,,,,,DA9568          ,1,3,1,0
,,,,,,DA9575          ,2,2,2,0
,,,,,,DA9576          ,1,1,1,0
,,,,,,DA9582          ,1,1,1,0
,,,,,,DA9582          ,3,3,3,0
,,,,,,DA9582          ,15,15,15,0
,,,,,,DA9584          ,1,15,1,0
,,,,,,DA9586         ,1,10,1,0
,,,,,,DA9587          ,1,3,1,0
,,,,,,DA9587          ,7,7,7,0
,,,,,,DA9587          ,12,12,12,0
,,,,,,DA9588          ,7,7,7,0
,,,,,,DA9588          ,12,12,12,0
,,,,,,DA9593          ,6,6,6,0
,,,,,,DA9594          ,6,6,6,0
,,,,,,DA9596          ,24,24,24,0
,,,,,,DA9597          ,12,12,12,0
,,,,,,DA9597          ,24,24,24,0
,,,,,,DA9608          ,1,1,1,0
,,,,,,DA9610          ,1,15,1,0
,,,,,,DA9625          ,1,1,1,0
,,,,,,DA9625          ,3,6,3,0
,,,,,,DA9625          ,4,4,4,0
,,,,,,DA9625          ,24,24,24,0
,,,,,,DA9625          ,32,32,32,0
,,,,,,DA9625          ,36,36,36,0
,,,,,,DA9626          ,1,1,1,0
,,,,,,DA9626          ,10,10,10,0
,,,,,,DA9630          ,1,1,1,0
,,,,,,DA9654          ,6,6,6,0
,,,,,,DA9672          ,1,1,1,0
,,,,,,DA9676          ,6,6,6,0
,,,,,,DA9680          ,1,1,1,0
,,,,,,DA9682          ,1,1,1,0
,,,,,,DA9705          ,1,1,1,0
,,,,,,DA9754          ,1,1,1,0
,,,,,,DA9758          ,6,6,6,0
,,,,,,DA9759          ,6,6,6,0
,,,,,,DA9782          ,12,12,12,0
,,,,,,DA9783          ,12,12,12,0
,,,,,,DA9804          ,1,3,1,0
,,,,,,DA9804          ,7,7,7,0
,,,,,,DA9804          ,12,12,12,0
,,,,,,DA9810          ,1,1,1,0
,,,,,,DA9822          ,40,40,40,0
,,,,,,DA9823          ,1,1,1,0
,,,,,,DA9825          ,6,6,6,0
,,,,,,DA9827          ,6,6,6,0
,,,,,,DA9829          ,2,2,2,0
,,,,,,DA9830          ,1,1,1,0
,,,,,,DA9830          ,3,3,3,0
,,,,,,DA9833          ,2,2,2,0
,,,,,,DA9833          ,6,6,6,0
,,,,,,DA9843          ,1,1,1,0
,,,,,,DA9844          ,1,1,1,0
,,,,,,DA9845          ,4,16,4,0
,,,,,,DA9893          ,2,16,2,0
,,,,,,DA9894          ,1,8,1,0
,,,,,,DA9912          ,1,1,1,0
,,,,,,DA9914          ,1,1,1,0
,,,,,,DA9920          ,4,4,4,0
,,,,,,DA9921          ,2,2,2,0
,,,,,,DA9922          ,2,2,2,0
,,,,,,DA9923          ,3,3,3,0
,,,,,,DA9924          ,1,1,1,0
,,,,,,DA9927          ,1,1,1,0
,,,,,,DA9931          ,1,1,1,0
,,,,,,DA9932          ,2,2,2,0
,,,,,,DA9936          ,1,1,1,0
,,,,,,DA9939         ,1,2,1,0
,,,,,,DA9941         ,1,1,1,0
,,,,,,DA9942          ,1,1,1,0
,,,,,,DA9942          ,2,2,2,0
,,,,,,DA9942          ,5,5,5,0
,,,,,,DA9947          ,2,2,2,0
,,,,,,DA9967         ,4,8,4,0
,,,,,,DA9968         ,4,8,4,0
,,,,,,DA9969         ,1,2,1,0
,,,,,,DA9985          ,1,3,1,0
,,,,,,DA9986          ,1,3,1,0
,,,,,,DA9986          ,2,2,2,0
,,,,,,DA9989          ,1,2,1,0
,,,,,,DA9992          ,2,2,2,0
,,,,,,DB0008          ,1,1,1,0
,,,,,,DB0011          ,1,4,1,0
,,,,,,DB0021          ,1,1,1,0
,,,,,,DB0027          ,1,1,1,0
,,,,,,DB0028          ,1,1,1,0
,,,,,,DB0036          ,1,3,1,0
,,,,,,DB0042          ,2,4,2,0
,,,,,,DB0044          ,1,3,1,0
,,,,,,DB0045          ,1,5,1,0
,,,,,,DB0046          ,1,3,1,0
,,,,,,DB0046          ,2,2,2,0
,,,,,,DB0052          ,1,1,1,0
,,,,,,DB0054          ,1,2,1,0
,,,,,,DB0055          ,1,1,1,0
,,,,,,DB0058          ,1,3,1,0
,,,,,,DB0075         ,1,12,1,0
,,,,,,DB0090          ,1,1,1,0
,,,,,,DB0091          ,7,14,7,0
,,,,,,DB0092          ,2,4,2,0
,,,,,,DB0101          ,1,1,1,0
,,,,,,DB0107          ,1,57,1,0
,,,,,,DB0114          ,1,1,1,0
,,,,,,DB0120          ,1,1,1,0
,,,,,,DB0121          ,2,2,2,0
,,,,,,DB0122          ,2,2,2,0
,,,,,,DB0124         ,1,9,1,0
,,,,,,DB0125          ,2,2,2,0
,,,,,,DB0126          ,2,2,2,0
,,,,,,DB0133          ,3,3,3,0
,,,,,,DB0135         ,1,1,1,0
,,,,,,DB0135          ,9,9,9,0
,,,,,,DB0136          ,1,1,1,0
,,,,,,DB0145         ,1,1,1,0
,,,,,,DB0146          ,1,1,1,0
,,,,,,DB0147          ,1,1,1,0
,,,,,,DB0148         ,2,2,1,1
,,,,,,DB0148         ,2,22,2,0
,,,,,,DB0149         ,1,10,1,0
,,,,,,DB0151          ,2,2,2,0
,,,,,,DB0153          ,1,1,1,0
,,,,,,DB0153          ,2,2,2,0
,,,,,,DB0155          ,1,1,1,0
,,,,,,DB0157         ,2,2,2,0
,,,,,,DB0159          ,3,3,13,0
,,,,,,DB0159          ,4,4,4,0
,,,,,,DB0159          ,5,5,5,0
,,,,,,DB0160          ,1,1,1,0
,,,,,,DB0165          ,1,2,1,0
,,,,,,DB0173         ,1,9,1,0
,,,,,,DB0178          ,1,1,1,0
,,,,,,DB0181         ,1,1,1,0
,,,,,,DB0185          ,2,2,2,0
,,,,,,DB0186          ,1,1,1,0
,,,,,,DB0188          ,2,2,2,0
,,,,,,DB0190         ,1,10,1,0
,,,,,,DB0192          ,1,1,1,0
,,,,,,DB0196          ,2,2,2,0
,,,,,,DB0197          ,4,8,4,0
,,,,,,DB0198          ,4,4,4,0
,,,,,,DB0199          ,1,3,1,0
,,,,,,DB0199          ,2,2,2,0
,,,,,,DB0230          ,1,2,1,0
,,,,,,DB0236          ,2,2,2,0
,,,,,,DB0244          ,1,1,1,0
,,,,,,DB0248          ,1,37,1,0
,,,,,,DB0249          ,2,4,2,0
,,,,,,DB0249          ,3,3,3,0
,,,,,,DB0264          ,1,2,1,0
,,,,,,DB0264          ,2,2,2,0
,,,,,,DB0268          ,1,1,1,0
,,,,,,DB0270          ,1,10,1,0
,,,,,,DB0271          ,1,8,1,0
,,,,,,DB0272          ,1,8,1,0
,,,,,,DB0273          ,1,9,1,0
,,,,,,DB0274          ,1,1,1,0
,,,,,,DB0277          ,1,1,1,0
,,,,,,DB0285          ,1,25,1,0
,,,,,,DB0285          ,2,12,2,0
,,,,,,DB0285          ,3,21,3,0
,,,,,,DB0285          ,4,8,4,0
,,,,,,DB0285          ,5,20,5,0
,,,,,,DB0286          ,1,1,1,0
,,,,,,DB0287          ,1,1,1,0
,,,,,,DB0294          ,4,4,4,0
,,,,,,DB0298          ,1,3,1,0
,,,,,,DB0298          ,2,2,2,0
,,,,,,DB0307         ,1,1,1,0
,,,,,,DB0310         ,9,9,9,0
,,,,,,DB0328          ,1,1,1,0
,,,,,,DB0329          ,1,1,1,0
,,,,,,DB0334          ,1,1,1,0
,,,,,,DB0335          ,1,1,1,0
,,,,,,DB0347          ,1,2,1,0
,,,,,,DB0348          ,1,1,1,0
,,,,,,DB0372          ,1,1,1,0
,,,,,,DB0388          ,1,1,1,0
,,,,,,DB0390          ,6,18,6,0
,,,,,,DB0393          ,1,5,1,0
,,,,,,DB0393          ,2,2,2,0
,,,,,,DB0394          ,1,10,1,0
,,,,,,DB0399          ,6,6,6,0
,,,,,,DB0400          ,6,6,6,0
,,,,,,DB0402          ,2,2,2,0
,,,,,,DB0418          ,2,2,2,0
,,,,,,DB0426          ,1,1,1,0
,,,,,,DB0594          ,2,2,2,0
,,,,,,DB0609          ,1,1,1,0
,,,,,,DB0620          ,1,1,1,0
,,,,,,DB0627          ,1,4,1,0
,,,,,,DB0629          ,1,1,1,0
,,,,,,DB0630          ,2,2,2,0
,,,,,,DB0650          ,2,4,2,0
,,,,,,DB0655          ,1,2,1,0
,,,,,,DB0655          ,2,2,2,0
,,,,,,DB0655          ,10,10,10,0
,,,,,,DB0656          ,1,1,1,0
,,,,,,DB0656          ,5,5,5,0
,,,,,,DB0657          ,1,2,1,0
,,,,,,DB0657          ,2,2,2,0
,,,,,,DB0658          ,1,2,1,0
,,,,,,DB0658          ,3,3,3,0
,,,,,,DB0660          ,1,1,1,0
,,,,,,DB0660          ,2,2,2,0
,,,,,,DB0662          ,1,2,1,0
,,,,,,DB0662          ,5,5,5,0
,,,,,,DB0680          ,1,1,1,0
,,,,,,DB0708          ,2,12,2,0
,,,,,,DB0708          ,4,4,4,0
,,,,,,DB0709          ,1,2,1,0
,,,,,,DB0711          ,1,13,1,0
,,,,,,DB0711          ,2,2,2,0
,,,,,,DB0714          ,2,12,2,0
,,,,,,DB0714          ,4,4,4,0
,,,,,,DB0731          ,1,7,1,0
,,,,,,DB0735          ,1,7,1,0
,,,,,,DB0753          ,1,10,1,0
,,,,,,DB0755          ,1,1,1,0
,,,,,,DB0756          ,1,1,1,0
,,,,,,DB0760          ,1,6,1,0
,,,,,,DB0760          ,2,2,2,0
,,,,,,DB0762          ,1,1,1,0
,,,,,,DB0768          ,1,1,1,0
,,,,,,DB0769          ,1,1,1,0
,,,,,,DB0770          ,1,1,1,0
,,,,,,DB0771          ,1,1,1,0
,,,,,,DB0779          ,1,6,1,0
,,,,,,DB0779          ,2,2,2,0
,,,,,,DB0785          ,1,1,1,0
,,,,,,DB0804          ,1,9,1,0
,,,,,,DB0810          ,1,4,1,0
,,,,,,DB0812          ,1,2,1,0
,,,,,,DB0813          ,1,27,1,0
,,,,,,DB0813          ,2,4,2,0
,,,,,,DB0813          ,6,6,6,0
,,,,,,DB0834          ,1,3,1,0
,,,,,,DB0841          ,1,1,1,0
,,,,,,DB0842          ,1,1,1,0
,,,,,,DB0851          ,29,29,29,0
,,,,,,DB0859          ,1,3,1,0
,,,,,,DB0859          ,2,2,2,0
,,,,,,DB0862          ,3,3,3,0
,,,,,,DB0869          ,18,18,18,0
,,,,,,DB0874          ,1,8,1,0
,,,,,,DB0881          ,1,7,1,0
,,,,,,DB0881          ,2,2,2,0
,,,,,,DB0882          ,40,40,40,0
,,,,,,DB0883          ,20,20,20,0
,,,,,,DB0885          ,1,1,1,0
,,,,,,DB0886          ,1,1,1,0
,,,,,,DB0886          ,5,10,5,0
,,,,,,DB0886          ,15,15,15,0
,,,,,,DB0886          ,20,20,20,0
,,,,,,DB0887          ,1,1,1,0
,,,,,,DB0893          ,1,4,1,0
,,,,,,DB0909          ,1,28,1,0
,,,,,,DB0910          ,1,5,1,0
,,,,,,DB0910          ,10,10,10,0
,,,,,,DB0910          ,15,15,15,0
,,,,,,DB0915          ,1,6,1,0
,,,,,,DB0921          ,1,3,1,0
,,,,,,DB0948          ,1,1,1,0
,,,,,,DB0949          ,2,2,2,0
,,,,,,DB0955          ,6,12,6,0
,,,,,,DB0956          ,6,12,6,0
,,,,,,DB0957          ,6,12,6,0
,,,,,,DB0958          ,2,2,2,0
,,,,,,DB0959          ,6,6,6,0
,,,,,,DB0960          ,6,6,6,0
,,,,,,DB0961          ,6,6,6,0
,,,,,,DB0962          ,2,2,2,0
,,,,,,DB1151          ,1,7,1,0
,,,,,,DB1151          ,3,3,3,0
,,,,,,DB1160          ,1,7,1,0
,,,,,,DB1160          ,2,2,2,0
,,,,,,DB1176          ,1,7,1,0
,,,,,,DB1176          ,2,2,2,0
,,,,,,DB1176          ,3,3,3,0
,,,,,,DB1177          ,1,1,1,0
,,,,,,DB1178          ,1,1,1,0
,,,,,,DB1179          ,1,1,1,0
,,,,,,DB1180          ,1,4,1,0
,,,,,,DB1182          ,1,6,1,0
,,,,,,DB1182          ,2,2,2,0
,,,,,,DB1182          ,3,3,3,0
,,,,,,DB1183          ,1,5,1,0
,,,,,,DB1183          ,2,2,2,0
,,,,,,DB1183          ,3,3,3,0
,,,,,,DB1184          ,1,5,1,0
,,,,,,DB1184          ,2,2,2,0
,,,,,,DB1184          ,3,3,3,0
,,,,,,DB1185          ,1,6,1,0
,,,,,,DB1185          ,2,10,2,0
,,,,,,DB1185          ,3,6,3,0
,,,,,,DB1193          ,2,4,2,0
,,,,,,DB1194          ,5,5,5,0
,,,,,,DB1195          ,10,20,10,0
,,,,,,DB1196          ,25,25,25,0
,,,,,,DB1197          ,20,40,20,0
,,,,,,DB1198          ,1,1,1,0
,,,,,,DB1199          ,1,1,1,0
,,,,,,DB1200          ,2,2,2,0
,,,,,,DB1203          ,1,2,1,0
,,,,,,DB1206          ,1,1,1,0
,,,,,,DB1210          ,1,6,1,0
,,,,,,DB1211          ,1,4,1,0
,,,,,,DB1213          ,1,1,1,0
,,,,,,DB1216          ,1,1,1,0
,,,,,,DB1217          ,1,3,1,0
,,,,,,DB1223          ,1,1,1,0
,,,,,,DB1225          ,1,1,1,0
,,,,,,DB1226          ,1,1,1,0
,,,,,,DB1235          ,1,1,1,0
,,,,,,DB1246          ,1,2,1,0
,,,,,,DB1282          ,1,3,1,0
,,,,,,DB1284          ,1,1,1,0
,,,,,,DB1290          ,1,1,1,0
,,,,,,DB1303          ,2,2,2,0
,,,,,,DB1363          ,1,1,1,0
,,,,,,DB1365          ,1,1,1,0
,,,,,,DB1399          ,1,2,1,0
,,,,,,DB1399          ,2,2,2,0
,,,,,,DB1413          ,1,1,1,0
,,,,,,DB1427          ,1,1,1,0
,,,,,,DB1440          ,1,6,1,0
,,,,,,DB1441          ,1,3,1,0
,,,,,,DB1441          ,2,4,4,0
,,,,,,DB1445          ,1,8,1,0
,,,,,,DB1447          ,1,8,1,0
,,,,,,DB1448          ,1,2,1,0
,,,,,,DB1452          ,1,2,1,0
,,,,,,DB1458          ,1,1,1,0
,,,,,,DB1462          ,1,8,1,0
,,,,,,DB1472          ,1,3,1,0
,,,,,,DB1477          ,2,2,2,0
,,,,,,DB1478          ,2,2,2,0
,,,,,,DB1479          ,2,2,2,0
,,,,,,DB1480          ,2,2,2,0
,,,,,,DB1482          ,4,4,4,0
,,,,,,DB1485          ,2,2,2,0
,,,,,,DB1490          ,1,1,1,0
,,,,,,DB1502          ,2,8,2,0
,,,,,,DB1513          ,1,1,1,0
,,,,,,DB1516          ,1,2,1,0
,,,,,,DB1518          ,1,3,1,0
,,,,,,DB1521          ,1,2,1,0
,,,,,,DB1528          ,1,1,1,0
,,,,,,DB1529          ,1,1,1,0
,,,,,,DB1530          ,1,1,1,0
,,,,,,DB1531          ,1,1,1,0
,,,,,,DB1532          ,1,1,1,0
,,,,,,DB1533          ,1,1,1,0
,,,,,,DB1534          ,1,1,1,0
,,,,,,DB1535          ,1,1,1,0
,,,,,,DB1536          ,1,1,1,0
,,,,,,DB1537          ,1,1,1,0
,,,,,,DB1560          ,1,12,1,0
,,,,,,DB1564          ,1,4,1,0
,,,,,,DB1566          ,1,3,1,0
,,,,,,DB1567          ,1,3,1,0
,,,,,,DB1576          ,1,4,1,0
,,,,,,DB1577          ,1,2,1,0
,,,,,,DB1577          ,6,6,6,0
,,,,,,DB1579          ,1,4,1,0
,,,,,,DB1579          ,1,1,1,1
,,,,,,DB1580          ,1,2,1,0
,,,,,,DB1581          ,3,12,3,0
,,,,,,DB1581          ,4,4,4,0
,,,,,,DB1588          ,1,49,1,0
,,,,,,DB1596          ,1,6,1,0
,,,,,,DB1622          ,1,2,1,0
,,,,,,DB1625          ,1,1,1,0
,,,,,,DB1627          ,3,3,3,0
,,,,,,DB1629          ,1,1,1,0
,,,,,,DB1631          ,1,1,1,0
,,,,,,DB1632          ,1,1,1,0
,,,,,,DB1633          ,1,6,1,0
,,,,,,DB1639          ,12,12,12,0
,,,,,,DB1642          ,3,3,3,0
,,,,,,DB1643          ,2,2,2,0
,,,,,,DB1653          ,1,1,1,0
,,,,,,DB1770          ,1,1,1,0
,,,,,,DB1771          ,1,1,1,0
,,,,,,DB1783          ,1,1,1,0
,,,,,,DB1794          ,1,1,1,0
,,,,,,DB1801          ,1,23,1,0
,,,,,,DB1801          ,12,12,12,0
,,,,,,DB1801          ,15,15,15,0
,,,,,,DB1801-MP       ,1,2,1,0
,,,,,,DB1801-MP       ,12,12,12,0
,,,,,,DB1802          ,1,3,1,0
,,,,,,DB1812          ,1,1,1,0
,,,,,,DB1813          ,3,3,3,0
,,,,,,DB1820          ,1,1,1,0
,,,,,,DB1826          ,1,2,1,0
,,,,,,DB1828          ,1,1,1,0
,,,,,,DB1869          ,1,1,1,0
,,,,,,DB1870          ,1,1,1,0
,,,,,,DB1871          ,1,1,1,0
,,,,,,DB1872          ,1,1,1,0
,,,,,,DB1873          ,1,2,1,0
,,,,,,DB1875          ,1,1,1,0
,,,,,,DB1877          ,1,3,1,0
,,,,,,DB1881          ,1,1,1,0
,,,,,,DB1882          ,1,4,1,0
,,,,,,DB1883          ,1,5,1,0
,,,,,,DB1890          ,1,3,1,0
,,,,,,DB1891          ,1,3,1,0
,,,,,,DB1892          ,1,4,1,0
,,,,,,DB1899          ,3,3,3,0
,,,,,,DB1900          ,1,1,1,0
,,,,,,DB1913          ,1,1,1,0
,,,,,,DB1915          ,1,1,1,0
,,,,,,DB1921          ,1,1,1,0
,,,,,,DB1928          ,1,6,1,0
,,,,,,DB1928          ,2,2,2,0
,,,,,,DB1934          ,1,2,1,0
,,,,,,DB1939          ,1,10,1,0
,,,,,,DB1939          ,2,2,2,0
,,,,,,DB1940          ,2,20,2,0
,,,,,,DB1940          ,4,4,4,0
,,,,,,DB1945          ,1,4,1,0
,,,,,,DB1981          ,1,1,1,0
,,,,,,DB1984          ,1,1,1,0
,,,,,,DB1985          ,1,1,1,0
,,,,,,DB1986          ,1,1,1,0
,,,,,,DB1988          ,1,3,1,0
,,,,,,DB1989          ,1,6,1,0
,,,,,,DB1989          ,2,2,2,0
,,,,,,DB1995          ,1,41,1,0
,,,,,,DB1995          ,2,2,2,0
,,,,,,DB2002          ,1,9,1,0
,,,,,,DB2009          ,1,1,1,0
,,,,,,DB2019          ,1,4,1,0
,,,,,,DB2030          ,6,6,6,0
,,,,,,DB2034          ,6,6,6,0
,,,,,,DB2038          ,1,11,1,0
,,,,,,DB2044          ,1,4,1,0
,,,,,,DB2078          ,1,1,1,0
,,,,,,DB2087          ,1,2,1,0
,,,,,,DB2089          ,1,1,1,0
,,,,,,DB2090          ,1,4,1,0
,,,,,,DB2091          ,1,4,1,0
,,,,,,DB2092          ,1,6,1,0
,,,,,,DB2099          ,2,2,2,0
,,,,,,DB2099          ,3,3,3,0
,,,,,,DB2099          ,4,8,4,0
,,,,,,DB2099          ,5,5,5,0
,,,,,,DB2103          ,1,1,1,0
,,,,,,DB2103          ,3,3,3,0
,,,,,,DB2106          ,1,1,1,0
,,,,,,DB2109          ,1,2,1,0
,,,,,,DB2109          ,5,5,5,0
,,,,,,DB2110          ,1,1,1,0
,,,,,,DB2139          ,1,6,1,0
,,,,,,DB2148          ,1,1,1,0
,,,,,,DB2157          ,1,3,1,0
,,,,,,DB2159          ,1,1,1,0
,,,,,,DB2160          ,1,1,1,0
,,,,,,DB2164          ,1,3,1,0
,,,,,,DB2165          ,1,2,1,0
,,,,,,DB2180          ,1,1,1,0
,,,,,,DB2191          ,5,5,5,0
,,,,,,DB2191          ,10,30,10,0
,,,,,,DB2192          ,1,1,1,0
,,,,,,DB2194          ,1,5,1,0
,,,,,,DB2196          ,1,2,1,0
,,,,,,DB2196          ,12,12,12,0
,,,,,,DB2214          ,1,11,1,0
,,,,,,DB2223          ,12,12,12,0
,,,,,,DB2224          ,12,12,12,0
,,,,,,DB2225          ,12,12,12,0
,,,,,,DB2226          ,12,12,12,0
,,,,,,DB2231          ,1,6,1,0
,,,,,,DB2241          ,1,14,1,0
,,,,,,DB2241          ,5,35,5,0
,,,,,,DB2254          ,1,1,1,0
,,,,,,DB2264          ,1,4,1,0
,,,,,,DB2269          ,1,21,1,0
,,,,,,DB2270          ,1,5,1,0
,,,,,,DB2274          ,1,1,1,0
,,,,,,DB2280          ,1,3,1,0
,,,,,,DB2281          ,1,6,1,0
,,,,,,DB2282          ,6,18,6,0
,,,,,,DB2285          ,5,5,5,0
,,,,,,DB2285          ,14,14,14,0
,,,,,,DB2285          ,16,16,16,0
,,,,,,DB2288          ,1,2,1,0
,,,,,,DB2300          ,1,1,1,0
,,,,,,DB2339          ,1,3,1,0
,,,,,,DB2371          ,1,1,1,0
,,,,,,DB2412          ,1,5,1,0
,,,,,,DB2421          ,1,1,1,0
,,,,,,DB2426          ,1,2,1,0
,,,,,,DB2439          ,1,26,1,0
,,,,,,DB2448          ,1,12,1,0
,,,,,,DB2448          ,2,2,2,0
,,,,,,DB2458          ,5,5,5,0
,,,,,,DB2469          ,1,1,1,0
,,,,,,DB2477          ,1,1,1,0
,,,,,,DB2487          ,1,1,1,0
,,,,,,DB2488          ,1,1,1,0
,,,,,,DB2525          ,12,12,12,0
,,,,,,DB2538          ,1,1,1,0
,,,,,,DB2548          ,1,1,1,0
,,,,,,DB2551          ,1,1,1,0
,,,,,,DB2553          ,1,2,1,0
,,,,,,DB2556          ,1,1,1,0
,,,,,,DB2558          ,1,2,1,0
,,,,,,DB2575          ,1,1,1,0
,,,,,,DB2591          ,1,2,1,0
,,,,,,DB2591          ,2,2,2,0
,,,,,,DB2591          ,3,3,3,0
,,,,,,DB2591          ,4,8,4,0
,,,,,,DB2591          ,5,5,5,0
,,,,,,DB2606          ,1,8,1,0
,,,,,,DB2613          ,1,1,1,0
,,,,,,DB2615          ,1,1,1,0
,,,,,,DB2628          ,1,3,1,0
,,,,,,DB2634          ,1,1,1,0
,,,,,,DB2641          ,1,2,1,0
,,,,,,DB2666          ,1,1,1,0
,,,,,,DB2679          ,1,2,1,0
,,,,,,DB2679          ,5,30,5,0
,,,,,,DB2689          ,1,1,1,0
,,,,,,DB2689          ,14,14,14,0
,,,,,,DB2690          ,1,2,1,0
,,,,,,DB2690          ,3,6,3,0
,,,,,,DB2690          ,4,4,4,0
,,,,,,DB2690          ,15,30,15,0
,,,,,,DB2690-MP       ,100,100,100,0
,,,,,,DB2690-MP       ,108,108,108,0
,,,,,,DB2692          ,1,1,1,0
,,,,,,DB2737          ,1,1,1,0
,,,,,,DB2739          ,1,2,1,0
,,,,,,DB2744          ,1,1,1,0
,,,,,,DB2748          ,1,33,1,0
,,,,,,DB2748          ,2,2,2,0
,,,,,,DB2751          ,1,1,1,0
,,,,,,DB2751          ,3,3,3,0
,,,,,,DB2752          ,1,1,1,0
,,,,,,DB2757          ,1,7,1,0
,,,,,,DB2834          ,1,1,1,0
,,,,,,DB2890          ,7,7,7,0
,,,,,,DB2890          ,8,8,8,0
,,,,,,DB2895          ,4,12,4,0
,,,,,,DB2896          ,6,6,6,0
,,,,,,DB2921          ,2,2,2,0
,,,,,,DB2922          ,1,1,1,0
,,,,,,DB2924          ,1,1,1,0
,,,,,,DB2927          ,1,1,1,0
,,,,,,DB2932          ,1,8,1,0
,,,,,,DB2939          ,1,2,1,0
,,,,,,DB2941          ,1,2,1,0
,,,,,,DB2944          ,7,7,7,0
,,,,,,DB2944          ,8,8,8,0
,,,,,,DB2945          ,7,7,7,0
,,,,,,DB2945          ,8,8,8,0
,,,,,,DB2959          ,1,1,1,0
,,,,,,DB2974          ,1,1,1,0
,,,,,,DB2975          ,1,1,1,0
,,,,,,DB2975          ,3,3,3,0
,,,,,,DB2980          ,3,3,3,0
,,,,,,DB2981          ,1,1,1,0
,,,,,,DB2981          ,3,3,3,0
,,,,,,DB2982          ,1,1,1,0
,,,,,,DB2982          ,3,3,3,0
,,,,,,DB2985          ,1,1,1,0
,,,,,,DB2988          ,1,1,1,0
,,,,,,DB2996          ,1,1,1,0
,,,,,,DB3005          ,1,1,1,0
,,,,,,DB3006          ,1,1,1,0
,,,,,,DB3007          ,1,1,1,0
,,,,,,DB3009          ,1,1,1,0
,,,,,,DB3010          ,1,10,1,0
,,,,,,DB3015          ,1,1,1,0
,,,,,,DB3018          ,1,1,1,0
,,,,,,DB3023          ,4,12,4,0
,,,,,,DB3029          ,1,4,1,0
,,,,,,DB3041          ,1,1,1,0
,,,,,,DB3043          ,1,7,1,0
,,,,,,DB3047          ,1,3,1,0
,,,,,,DB3052          ,1,5,1,0
,,,,,,DB3069          ,1,1,1,0
,,,,,,DB3080          ,1,7,1,0
,,,,,,DB3080          ,1,1,1,1
,,,,,,DB3090          ,1,2,1,0
,,,,,,DB3096          ,2,8,2,0
,,,,,,DB3097          ,2,2,2,0
,,,,,,DB3103          ,1,1,1,0
,,,,,,DB3119          ,1,1,1,0
,,,,,,DB3165          ,8,8,8,0
,,,,,,DB3166          ,3,3,3,0
,,,,,,DB3175          ,1,7,1,0
,,,,,,DB3178          ,1,1,1,0
,,,,,,DB3179          ,1,1,1,0
,,,,,,DB3189          ,1,1,1,0
,,,,,,DB3191          ,1,2,1,0
,,,,,,DB3192          ,1,1,1,0
,,,,,,DB3193          ,1,2,1,0
,,,,,,DB3200          ,1,1,1,0
,,,,,,DB3244          ,2,2,2,0
,,,,,,DB3244          ,4,4,4,0
,,,,,,DB3247          ,1,1,1,0
,,,,,,DB3248          ,1,2,1,0
,,,,,,DB3249          ,1,2,1,0
,,,,,,DB3250          ,1,2,1,0
,,,,,,DB3252          ,1,1,1,0
,,,,,,DB3254          ,1,21,1,0
,,,,,,DB3254          ,2,2,2,0
,,,,,,DB3254          ,3,3,3,0
,,,,,,DB3254          ,4,8,4,0
,,,,,,DB3254          ,5,5,5,0
,,,,,,DB3262          ,3,3,3,0
,,,,,,DB3269          ,1,2,1,0
,,,,,,DB3274          ,1,4,1,0
,,,,,,DB3275          ,1,6,1,0
,,,,,,DB3284          ,1,1,1,0
,,,,,,DB3286          ,1,1,1,0
,,,,,,DB3298          ,1,5,1,0
,,,,,,DB3305          ,1,1,1,0
,,,,,,DB3311          ,1,2,1,0
,,,,,,DB3311          ,2,2,2,0
,,,,,,DB3318          ,1,1,1,0
,,,,,,DB3325          ,1,3,1,0
,,,,,,DB3359          ,4,12,4,0
,,,,,,DB3360          ,1,1,1,0
,,,,,,DB3361          ,1,2,1,0
,,,,,,DB3361          ,2,2,2,0
,,,,,,DB3362          ,1,8,1,0
,,,,,,DB3362          ,2,6,2,0
,,,,,,DB3362          ,2,2,2,2
,,,,,,DB3362          ,3,3,3,0
,,,,,,DB3363          ,1,7,1,0
,,,,,,DB3363          ,2,6,2,0
,,,,,,DB3363          ,2,2,2,2
,,,,,,DB3363          ,3,3,3,0
,,,,,,DB3364          ,1,1,1,0
,,,,,,DB3366          ,1,1,1,0
,,,,,,DB3377          ,1,1,1,0
,,,,,,DB3378          ,1,2,1,0
,,,,,,DB3378          ,2,12,2,0
,,,,,,DB3382          ,2,2,1,1
,,,,,,DB3382          ,2,4,2,0
,,,,,,DB3391          ,1,2,1,0
,,,,,,DB3392          ,1,1,1,0
,,,,,,DB3394          ,2,4,2,0
,,,,,,DB3411          ,1,2,1,0
,,,,,,DB3423          ,8,8,8,0
,,,,,,DB3427          ,4,8,4,0
,,,,,,DB3471          ,4,4,4,0
,,,,,,DB3488          ,1,1,1,0
,,,,,,DB3489          ,1,1,1,0
,,,,,,DB3490          ,1,1,1,0
,,,,,,DB3492          ,1,4,1,0
,,,,,,DB3519          ,1,6,1,0
,,,,,,DB3525          ,1,2,1,0
,,,,,,DB3527          ,1,1,1,0
,,,,,,DB3528          ,1,3,1,0
,,,,,,DB3529          ,1,1,1,0
,,,,,,DB3539          ,2,2,2,0
,,,,,,DB3558          ,1,7,1,0
,,,,,,DB3561          ,2,2,2,0
,,,,,,DB3568          ,1,3,1,0
,,,,,,DB3568          ,2,2,2,0
,,,,,,DB3571          ,2,2,2,0
,,,,,,DB3575          ,2,2,2,0
,,,,,,DB3579          ,2,2,2,0
,,,,,,DB3583          ,2,2,2,0
,,,,,,DB3594          ,1,2,1,0
,,,,,,DB3595          ,1,6,1,0
,,,,,,DB3596          ,1,3,1,0
,,,,,,DB3599          ,1,3,1,0
,,,,,,DB3605          ,1,1,1,0
,,,,,,DB3605          ,2,2,2,0
,,,,,,DB3608          ,1,1,1,0
,,,,,,DB3608          ,2,2,2,0
,,,,,,DB3614          ,1,4,1,0
,,,,,,DB3615          ,1,6,1,0
,,,,,,DB3616          ,1,10,1,0
,,,,,,DB3619          ,1,9,1,0
,,,,,,DB3621          ,1,2,1,0
,,,,,,DB3622          ,1,2,1,0
,,,,,,DB3623          ,1,2,1,0
,,,,,,DB3624          ,1,2,1,0
,,,,,,DB3625          ,1,2,1,0
,,,,,,DB3626          ,1,2,1,0
,,,,,,DB3627          ,1,2,1,0
,,,,,,DB3629          ,1,1,1,0
,,,,,,DB3634          ,4,4,4,0
,,,,,,DB3634          ,5,5,5,0
,,,,,,DB3658          ,1,1,1,0
,,,,,,DB3659          ,1,6,1,0
,,,,,,DB3664          ,1,1,1,0
,,,,,,DB3666          ,2,4,4,0
,,,,,,DB3667          ,1,2,1,0
,,,,,,DB3671          ,1,3,1,0
,,,,,,DB3674          ,1,2,1,0
,,,,,,DB3675          ,1,2,1,0
,,,,,,DB3681          ,1,4,1,0
,,,,,,DB3683          ,1,2,1,0
,,,,,,DB3686          ,1,2,1,0
,,,,,,DB3689          ,1,2,1,0
,,,,,,DB3691          ,1,2,1,0
,,,,,,DB3702          ,1,2,1,0
,,,,,,DB3705          ,1,6,1,0
,,,,,,DB3712          ,1,1,1,0
,,,,,,DB3713          ,1,1,1,0
,,,,,,DB3714          ,1,3,1,0
,,,,,,DB3717          ,1,5,1,0
,,,,,,DB3725          ,4,4,4,0
,,,,,,DB3726          ,4,4,4,0
,,,,,,DB3727          ,1,1,1,0
,,,,,,DB3736          ,1,2,1,0
,,,,,,DB3737          ,1,1,1,0
,,,,,,DB3737          ,2,2,2,0
,,,,,,DB3739          ,3,3,3,0
,,,,,,DB3741          ,1,1,1,0
,,,,,,DB3742          ,1,1,1,0
,,,,,,DB3742          ,2,2,2,0
,,,,,,DB3745          ,1,10,1,0
,,,,,,DB3746          ,1,10,1,0
,,,,,,DB3747          ,1,1,1,0
,,,,,,DB3825          ,3,6,3,0
,,,,,,DB3845          ,1,2,1,0
,,,,,,DB3867          ,1,1,1,0
,,,,,,DB3878          ,1,6,1,0
,,,,,,DB3882          ,1,6,1,0
,,,,,,DB3887          ,1,1,1,0
,,,,,,DB3887          ,4,4,4,0
,,,,,,DB3889          ,1,5,1,0
,,,,,,DB3905          ,4,12,4,0
,,,,,,DB3908          ,4,16,4,0
,,,,,,DB3914          ,1,2,1,0
,,,,,,DB3919          ,1,1,1,0
,,,,,,DB3934          ,1,4,1,0
,,,,,,DB3934          ,2,2,2,0
,,,,,,DB3934          ,5,5,5,0
,,,,,,DB3936          ,2,2,2,0
,,,,,,DB3942          ,4,12,4,0
,,,,,,DB3969          ,1,6,1,0
,,,,,,DB3970          ,1,1,1,0
,,,,,,DB3972          ,2,2,2,0
,,,,,,DB3987          ,1,1,1,0
,,,,,,DB3987          ,2,2,2,0
,,,,,,DB3987          ,9,9,9,0
,,,,,,DB3991          ,1,7,1,0
,,,,,,DB3991          ,3,3,3,0
,,,,,,DB3996          ,1,1,2,-1
,,,,,,DB4015          ,4,12,4,0
,,,,,,DB4018          ,4,4,4,0
,,,,,,DB4019          ,4,4,4,0
,,,,,,DB4024          ,4,4,4,0
,,,,,,DB4099          ,3,6,3,0
,,,,,,DB4100          ,1,3,1,0
,,,,,,DB4102          ,1,4,1,0
,,,,,,DB4126          ,1,1,1,0
,,,,,,DB4127          ,1,8,1,0
,,,,,,DB4127          ,2,2,2,0
,,,,,,DB4137          ,1,1,1,0
,,,,,,DB4155          ,6,6,6,0
,,,,,,DB4155          ,8,8,8,0
,,,,,,DB4155          ,10,10,10,0
,,,,,,DB4157          ,1,11,1,0
,,,,,,DB4165          ,1,11,1,0
,,,,,,DB4166          ,1,11,1,0
,,,,,,DB4167          ,3,33,3,0
,,,,,,DB4170          ,3,3,3,0
,,,,,,DB4170          ,4,4,4,0
,,,,,,DB4170          ,5,5,5,0
,,,,,,DB4171          ,3,3,3,0
,,,,,,DB4171          ,4,4,4,0
,,,,,,DB4171          ,5,5,5,0
,,,,,,DB4218          ,1,1,1,0
,,,,,,DB4220          ,2,2,1,1
,,,,,,DB4221          ,2,2,2,0
,,,,,,DB4224          ,1,1,1,0
,,,,,,DB4225          ,4,4,4,0
,,,,,,DB4225          ,5,5,5,0
,,,,,,DB4226          ,1,1,1,0
,,,,,,DB4226          ,11,11,11,0
,,,,,,DB4227          ,1,5,1,0
,,,,,,DB4229          ,1,11,1,0
,,,,,,DB4230          ,1,11,1,0
,,,,,,DB4231          ,4,88,4,0
,,,,,,DB4232          ,2,44,2,0
,,,,,,DB4234          ,1,22,1,0
,,,,,,DB4235          ,2,44,2,0
,,,,,,DB4236          ,1,22,1,0
,,,,,,DB4237          ,1,11,1,0
,,,,,,DB4238          ,1,22,1,0
,,,,,,DB4239          ,1,11,1,0
,,,,,,DB4240          ,1,11,1,0
,,,,,,DB4241          ,1,5,1,0
,,,,,,DB4242          ,1,11,1,0
,,,,,,DB4243          ,1,11,1,0
,,,,,,DB4245          ,1,11,1,0
,,,,,,DB4246          ,1,11,1,0
,,,,,,DB4247          ,1,11,1,0
,,,,,,DB4263          ,3,3,3,0
,,,,,,DB4263          ,4,4,4,0
,,,,,,DB4263          ,5,5,5,0
,,,,,,DB4265          ,6,6,6,0
,,,,,,DB4265          ,8,8,8,0
,,,,,,DB4265          ,10,10,10,0
,,,,,,DB4267          ,3,3,3,0
,,,,,,DB4267          ,4,4,4,0
,,,,,,DB4267          ,5,5,5,0
,,,,,,DB4279          ,1,11,1,0
,,,,,,DB4280          ,11,11,11,0
,,,,,,DB4294          ,1,6,1,0
,,,,,,DB4298          ,5,5,5,0
,,,,,,DB4300          ,2,2,2,0
,,,,,,DB4302          ,1,1,1,0
,,,,,,DB4308          ,2,2,2,0
,,,,,,DB4324          ,1,2,1,0
,,,,,,DB4325          ,1,13,1,0
,,,,,,DB4329          ,1,8,1,0
,,,,,,DB4330          ,1,12,1,0
,,,,,,DB4331          ,1,2,1,0
,,,,,,DB4343          ,1,1,1,0
,,,,,,DB4364          ,1,1,1,0
,,,,,,DB4366          ,1,1,1,0
,,,,,,DB4367          ,1,1,1,0
,,,,,,DB4368          ,2,2,2,0
,,,,,,DB4369          ,2,2,2,0
,,,,,,DB4370          ,1,1,1,0
,,,,,,DB4372          ,1,1,1,0
,,,,,,DB4377          ,2,2,2,0
,,,,,,DB4379          ,2,2,2,0
,,,,,,DB4381          ,1,1,1,0
,,,,,,DB4383          ,1,1,1,0
,,,,,,DB4385          ,1,2,1,0
,,,,,,DB4387          ,2,2,2,0
,,,,,,DB4390          ,1,1,1,0
,,,,,,DB4393          ,2,2,2,0
,,,,,,DB4396          ,1,1,1,0
,,,,,,DB4397          ,1,1,1,0
,,,,,,DB4407          ,2,2,2,0
,,,,,,DB4408          ,1,1,1,0
,,,,,,DB4409          ,1,1,1,0
,,,,,,DB4411          ,2,2,2,0
,,,,,,DB4427          ,1,1,1,0
,,,,,,DB4432          ,1,1,1,0
,,,,,,DB4439          ,1,1,1,0
,,,,,,DB4446          ,1,1,1,0
,,,,,,DB4448          ,1,1,1,0
,,,,,,DB4450          ,1,1,1,0
,,,,,,DB4477          ,1,1,1,0
,,,,,,DB4491          ,2,2,2,0
,,,,,,DB4493          ,1,1,1,0
,,,,,,DB4506          ,1,1,1,0
,,,,,,DB4510          ,1,1,1,0
,,,,,,DB4523          ,1,1,1,0
,,,,,,DB4550          ,1,8,1,0
,,,,,,DB4556          ,1,2,1,0
,,,,,,DB4560          ,1,4,1,0
,,,,,,DB4560          ,2,2,2,0
,,,,,,DB4561          ,1,3,1,0
,,,,,,DB4632          ,1,1,1,0
,,,,,,DB4659          ,1,1,1,0
,,,,,,DB4750          ,2,2,2,0
,,,,,,DB4761          ,2,2,2,0
,,,,,,DB4783          ,2,2,2,0
,,,,,,DB4788          ,2,2,2,0
,,,,,,DB4797          ,1,1,1,0
,,,,,,DB4799          ,1,1,1,0
,,,,,,DB4810          ,1,4,1,0
,,,,,,DB4811          ,1,7,1,0
,,,,,,DB4827          ,1,1,1,0
,,,,,,DB4830          ,1,4,1,0
,,,,,,DB4849          ,1,1,1,0
,,,,,,DB4849          ,1,2,2,0
,,,,,,DB4849          ,15,15,15,0
,,,,,,DB4850          ,1,1,-3,15
,,,,,,DB4850          ,1,4,1,0
,,,,,,DB4850          ,3,3,3,0
,,,,,,DB4850          ,6,6,6,0
,,,,,,DB4859          ,1,1,1,0
,,,,,,DB4861          ,1,3,1,0
,,,,,,DB4867          ,1,1,1,0
,,,,,,DB4877          ,2,2,2,0
,,,,,,DB4878          ,2,2,2,0
,,,,,,DB4896          ,1,2,1,0
,,,,,,DB4897          ,1,1,1,0
,,,,,,DB4898          ,2,2,2,0
,,,,,,DB4899          ,1,1,1,0
,,,,,,DB4902          ,2,2,2,0
,,,,,,DB4902          ,8,8,8,0
,,,,,,DB4904          ,1,3,1,0
,,,,,,DB4905          ,1,1,1,0
,,,,,,DB4906          ,1,1,1,0
,,,,,,DB4906          ,10,10,10,0
,,,,,,DB4907          ,1,1,1,0
,,,,,,DB4907          ,10,10,10,0
,,,,,,DB4908          ,10,10,10,0
,,,,,,DB4914          ,10,10,10,0
,,,,,,DB4918          ,2,2,2,0
,,,,,,DB4931          ,1,6,1,0
,,,,,,DB4935          ,1,1,1,0
,,,,,,DB4938          ,1,1,1,0
,,,,,,DB4948          ,2,2,2,0
,,,,,,DB4956          ,1,2,1,0
,,,,,,DB4956          ,2,2,2,0
,,,,,,DB4957          ,1,1,1,0
,,,,,,DB4957          ,2,2,2,0
,,,,,,DB4959          ,1,1,1,0
,,,,,,DB4959          ,2,2,2,0
,,,,,,DB4960          ,1,1,1,0
,,,,,,DB4961          ,1,1,1,0
,,,,,,DB4962          ,1,1,1,0
,,,,,,DB4965          ,1,5,1,0
,,,,,,DB4965          ,2,2,2,0
,,,,,,DB4967          ,1,2,1,0
,,,,,,DB4969          ,1,1,1,0
,,,,,,DB4970          ,2,2,2,0
,,,,,,DB4974          ,3,6,3,0
,,,,,,DB4975          ,1,7,1,0
,,,,,,DB5007          ,1,1,1,0
,,,,,,DB5010          ,1,1,1,0
,,,,,,DB5012          ,1,1,1,0
,,,,,,DB5026          ,1,2,1,0
,,,,,,DB5027          ,1,1,1,0
,,,,,,DB5028          ,3,9,3,0
,,,,,,DB5028          ,4,12,4,0
,,,,,,DB5033          ,1,2,1,0
,,,,,,DB5036          ,1,2,1,0
,,,,,,DB5038          ,1,1,1,0
,,,,,,DB5045          ,1,1,1,0
,,,,,,DB5051          ,1,1,1,0
,,,,,,DB5052          ,3,3,3,0
,,,,,,DB5054          ,10,10,10,0
,,,,,,DB5055          ,1,3,1,0
,,,,,,DB5084          ,1,2,1,0
,,,,,,DB5086          ,1,7,1,0
,,,,,,DB5094          ,1,1,1,0
,,,,,,DB5109          ,1,1,1,0
,,,,,,DB5110          ,1,7,1,0
,,,,,,DB5118          ,1,3,1,0
,,,,,,DB5164          ,1,22,1,0
,,,,,,DB5165          ,1,22,1,0
,,,,,,DB5166          ,1,22,1,0
,,,,,,DB5167          ,1,22,1,0
,,,,,,DB5173          ,1,22,1,0
,,,,,,DB5174          ,2,44,2,0
,,,,,,DB5174          ,6,12,2,6
,,,,,,DB5178          ,2,2,1,1
,,,,,,DB5184          ,4,4,4,0
,,,,,,DB5204          ,1,1,1,0
,,,,,,DB5211          ,2,2,2,0
,,,,,,DB5211          ,3,6,3,0
,,,,,,DB5217          ,1,2,1,0
,,,,,,DB5218          ,4,4,4,0
,,,,,,DB5232          ,11,11,11,0
,,,,,,DB5237          ,1,1,1,0
,,,,,,DB5244          ,1,1,1,0
,,,,,,DB5246          ,11,11,11,0
,,,,,,DB5250          ,1,3,1,0
,,,,,,DB5253          ,11,11,11,0
,,,,,,DB5262          ,1,1,1,0
,,,,,,DB5263          ,1,1,1,0
,,,,,,DB5264          ,1,1,1,0
,,,,,,DB5282          ,1,1,1,0
,,,,,,DB5286          ,1,11,1,0
,,,,,,DB5286          ,3,15,3,0
,,,,,,DB5286          ,4,8,4,0
,,,,,,DB5286          ,5,5,5,0
,,,,,,DB5286          ,7,7,7,0
,,,,,,DB5325          ,1,32,1,0
,,,,,,DB5325          ,2,6,2,0
,,,,,,DB5325          ,3,21,3,0
,,,,,,DB5325          ,4,24,4,0
,,,,,,DB5325          ,6,12,6,0
,,,,,,DB5337          ,1,1,1,0
,,,,,,DB5341          ,1,2,1,0
,,,,,,DB5347          ,1,2,1,0
,,,,,,DB5348          ,4,24,4,0
,,,,,,DB5350          ,1,1,1,0
,,,,,,DB5354          ,4,4,4,0
,,,,,,DB5355          ,1,2,1,0
,,,,,,DB5356          ,4,8,4,0
,,,,,,DB5357          ,1,2,1,0
,,,,,,DB5362          ,4,4,4,0
,,,,,,DB5390          ,1,5,1,0
,,,,,,DB5391          ,3,3,3,0
,,,,,,DB5392          ,12,12,12,0
,,,,,,DB5393          ,6,6,6,0
,,,,,,DB5394          ,3,3,3,0
,,,,,,DB5395          ,3,3,3,0
,,,,,,DB5396          ,1,2,1,0
,,,,,,DB5449          ,1,1,1,0
,,,,,,DB5460          ,1,2,1,0
,,,,,,DB5462          ,2,2,2,0
,,,,,,DB5464          ,1,3,1,0
,,,,,,DB5498          ,1,1,1,0
,,,,,,DB5514          ,1,7,1,0
,,,,,,DB5527          ,2,-1,1,2
,,,,,,DB5527          ,3,3,3,0
,,,,,,DB5529          ,3,3,3,0
,,,,,,DB5551          ,1,3,1,0
,,,,,,DB5552          ,1,1,1,0
,,,,,,DB5553          ,1,1,1,0
,,,,,,DB5555          ,1,4,1,0
,,,,,,DB5561          ,1,2,1,0
,,,,,,DB5563          ,1,9,1,0
,,,,,,DB5563          ,2,2,2,0
,,,,,,DB5564          ,1,9,1,0
,,,,,,DB5564          ,2,2,2,0
,,,,,,DB5564          ,3,3,3,0
,,,,,,DB5566          ,1,8,1,0
,,,,,,DB5566          ,2,2,2,0
,,,,,,DB5576          ,2,2,2,0
,,,,,,DB5576          ,3,6,3,0
,,,,,,DB5577          ,2,2,2,0
,,,,,,DB5577          ,3,6,3,0
,,,,,,DB5578          ,2,2,2,0
,,,,,,DB5578          ,3,6,3,0
,,,,,,DB5579          ,4,4,4,0
,,,,,,DB5579          ,6,12,6,0
,,,,,,DB5580          ,4,4,4,0
,,,,,,DB5580          ,6,12,6,0
,,,,,,DB5581          ,1,2,1,0
,,,,,,DB5581          ,2,2,2,0
,,,,,,DB5581          ,3,6,3,0
,,,,,,DB5610          ,2,2,2,0
,,,,,,DB5610          ,4,4,4,0
,,,,,,DB5615          ,1,3,1,0
,,,,,,DB5615          ,2,2,2,0
,,,,,,DB5624          ,1,7,1,0
,,,,,,DB5627          ,1,1,1,0
,,,,,,DB5628          ,1,1,1,0
,,,,,,DB5630          ,1,1,1,0
,,,,,,DB5632          ,1,1,1,0
,,,,,,DB5633          ,1,1,1,0
,,,,,,DB5669          ,1,1,1,0
,,,,,,DB5677          ,1,1,1,0
,,,,,,DB5686          ,1,5,1,0
,,,,,,DB5689          ,1,1,1,0
,,,,,,DB5690          ,1,1,1,0
,,,,,,DB5698          ,1,2,1,0
,,,,,,DB5698          ,6,6,6,0
,,,,,,DB5700          ,1,2,1,0
,,,,,,DB5700          ,6,6,6,0
,,,,,,DB5701          ,1,1,1,0
,,,,,,DB5702          ,1,1,1,0
,,,,,,DB5703          ,1,1,1,0
,,,,,,DB5705          ,2,2,2,0
,,,,,,DB5709          ,1,3,1,0
,,,,,,DB5799          ,1,3,1,0
,,,,,,DB5800          ,1,1,1,0
,,,,,,DB5843          ,4,12,4,0
,,,,,,DB5864          ,3,3,3,0
,,,,,,DB5865          ,1,1,1,0
,,,,,,DB5865          ,2,2,2,0
,,,,,,DB5865          ,3,3,3,0
,,,,,,DB5866          ,2,2,2,0
,,,,,,DB5866          ,3,3,3,0
,,,,,,DB5867          ,3,3,3,0
,,,,,,DB5874          ,1,3,1,0
,,,,,,DB5874          ,3,3,3,0
,,,,,,DB5874          ,6,6,6,0
,,,,,,DB5875          ,1,3,1,0
,,,,,,DB5875          ,3,3,3,0
,,,,,,DB5875          ,6,6,6,0
,,,,,,DB5876          ,1,1,1,0
,,,,,,DB5881          ,1,6,1,0
,,,,,,DB5881          ,3,3,3,0
,,,,,,DB5881          ,6,6,6,0
,,,,,,DB5894          ,1,1,1,0
,,,,,,DB5903          ,1,1,1,0
,,,,,,DB5920          ,1,1,1,0
,,,,,,DB5921          ,9,9,9,0
,,,,,,DB5921          ,11,22,11,0
,,,,,,DB5921          ,33,33,33,0
,,,,,,DB5922          ,2,6,2,0
,,,,,,DB5922          ,6,6,6,0
,,,,,,DB5923          ,1,2,1,0
,,,,,,DB5926          ,1,2,1,0
,,,,,,DB5941          ,1,1,1,0
,,,,,,DB5942          ,1,1,1,0
,,,,,,DB5943          ,1,1,1,0
,,,,,,DB5946          ,1,1,1,0
,,,,,,DB5966          ,9,9,9,0
,,,,,,DB5966          ,54,54,54,0
,,,,,,DB5967          ,1,1,1,0
,,,,,,DB5970          ,1,1,1,0
,,,,,,DB5972          ,1,1,1,0
,,,,,,DB5982          ,1,1,1,0
,,,,,,DB6022          ,1,1,1,0
,,,,,,DB6071          ,1,5,1,0
,,,,,,DB6072          ,1,2,1,0
,,,,,,DB6118          ,1,17,1,0
,,,,,,DB6123          ,1,12,1,0
,,,,,,DB6166          ,2,2,2,0
,,,,,,DB6177          ,1,2,1,0
,,,,,,DB6195          ,1,2,1,0
,,,,,,DB6204          ,10,10,10,0
,,,,,,DB6211          ,1,4,1,0
,,,,,,DB6212          ,1,2,1,0
,,,,,,DB6214          ,1,3,1,0
,,,,,,DB6217          ,6,6,6,0
,,,,,,DB6219          ,1,1,1,0
,,,,,,DB6219          ,6,6,6,0
,,,,,,DB6222          ,1,1,1,0
,,,,,,DB6229          ,1,2,1,0
,,,,,,DB6229          ,6,6,6,0
,,,,,,DB6295          ,1,2,1,0
,,,,,,DB6323          ,5,5,5,0
,,,,,,DB6325          ,5,5,5,0
,,,,,,DB6329          ,5,5,5,0
,,,,,,DB6330          ,5,5,5,0
,,,,,,DB6360          ,1,6,1,0
,,,,,,DB6362          ,5,5,5,0
,,,,,,DB6370          ,5,5,5,0
,,,,,,DB6377          ,1,1,1,0
,,,,,,DB6380          ,1,3,1,0
,,,,,,DB6381          ,3,3,3,0
,,,,,,DB6381          ,6,6,6,0
,,,,,,DB6382          ,1,2,1,0
,,,,,,DB6382          ,10,10,8,2
,,,,,,DB6435          ,8,8,8,0
,,,,,,DB6440          ,1,2,1,0
,,,,,,DB6459          ,1,1,1,0
,,,,,,DB6460          ,1,4,1,0
,,,,,,DB6460          ,3,3,3,0
,,,,,,DB6461          ,1,4,1,0
,,,,,,DB6467          ,8,8,8,0
,,,,,,DB6468          ,8,8,8,0
,,,,,,DB6469          ,8,8,8,0
,,,,,,DB6472          ,1,2,1,0
,,,,,,DB6486          ,1,1,1,0
,,,,,,DB6487          ,1,1,1,0
,,,,,,DB6492          ,8,8,8,0
,,,,,,DB6493          ,8,8,8,0
,,,,,,DB6496          ,8,8,8,0
,,,,,,DB6497          ,8,8,8,0
,,,,,,DB6526          ,1,4,1,0
,,,,,,DB6527          ,1,4,1,0
,,,,,,DB6527          ,3,6,3,0
,,,,,,DB6528          ,1,4,1,0
,,,,,,DB6528          ,3,6,3,0
,,,,,,DB6528          ,4,12,4,0
,,,,,,DB6529          ,1,1,1,0
,,,,,,DB6531          ,1,3,1,0
,,,,,,DB6746          ,5,5,5,0
,,,,,,DB6959          ,1,1,1,0
,,,,,,DB6960          ,1,1,1,0
,,,,,,DB7079          ,1,1,1,0
,,,,,,DB7099          ,2,4,2,0
,,,,,,DB7135          ,1,1,1,0
,,,,,,DB7194          ,1,1,1,0
,,,,,,DB7215          ,6,6,6,0
,,,,,,DB7350          ,1,1,1,0
,,,,,,DB7351          ,1,2,1,0
,,,,,,DB7352          ,1,1,1,0
,,,,,,DB7354          ,1,2,1,0
,,,,,,DB7361          ,1,2,1,0
,,,,,,DB7377          ,1,2,1,0
,,,,,,DB7411          ,1,1,1,0
,,,,,,DB7412          ,1,1,1,0
,,,,,,DB7417          ,1,1,1,0
,,,,,,DB7418          ,1,1,1,0
,,,,,,DB7438          ,1,1,1,0
,,,,,,DB7545PA        ,9,9,9,0
,,,,,,DB7545PB        ,18,18,18,0
,,,,,,DB7608          ,1,1,1,0
,,,,,,EPX109CM220     ,1,1,1,0
,,,,,,EPX117NM220     ,1,1,1,0
,,,,,,HTX018NM220     ,1,1,1,0
,,,,,,HTX020NM220     ,1,1,1,0
,,,,,,HTX021NT380     ,1,2,1,0
,,,,,,IA0030          ,1,1,1,0
,,,,,,IA0077          ,1,1,1,0
,,,,,,IA0805          ,2,2,2,0
,,,,,,IA0849          ,1,1,1,0
,,,,,,IA1099         ,18.04,18.04,18.04,0
,,,,,,IA1099          ,19.7,59.099999999999994,19.7,0
,,,,,,IA1100         ,21.79,21.79,21.79,0
,,,,,,IA1100          ,14.6,43.8,14.6,0
,,,,,,IA1209          ,4,4,4,0
,,,,,,IA1209          ,12,36,12,0
,,,,,,IA1210          ,4,4,4,0
,,,,,,IA1210          ,12,36,12,0
,,,,,,IA1211          ,4,4,4,0
,,,,,,IA1211          ,12,36,12,0
,,,,,,IA1257          ,1,2,1,0
,,,,,,IA1277          ,1,1,1,0
,,,,,,IA1351          ,1,1,1,0
,,,,,,IA1529          ,1,10,1,0
,,,,,,IA1532          ,1,3,1,0
,,,,,,IA1744          ,1,1,1,0
,,,,,,IA1744          ,2,2,2,0
,,,,,,IA1811          ,1,1,1,0
,,,,,,IA2383          ,2,2,2,0
,,,,,,KF011           ,1,3,1,0
,,,,,,KF011           ,3,6,3,0
,,,,,,KF012           ,1,2,1,0
,,,,,,KF012           ,2,2,2,0
,,,,,,KF012           ,3,3,3,0
,,,,,,KF015           ,1,1,1,0
,,,,,,KF016           ,1,2,1,0
,,,,,,KF021           ,1,1,1,0
,,,,,,KF050           ,1,13,1,0
,,,,,,KF050           ,2,2,2,0
,,,,,,KF050           ,3,12,3,0
,,,,,,KF050           ,4,8,4,0
,,,,,,KF050           ,16,16,16,0
,,,,,,KF051           ,1,2,1,0
,,,,,,KF051           ,2,2,2,0
,,,,,,KF051           ,3,3,3,0
,,,,,,KF052           ,1,4,1,0
,,,,,,KF052           ,2,2,2,0
,,,,,,KF052           ,3,9,3,0
,,,,,,KF052           ,4,8,4,0
,,,,,,KF052           ,5,25,5,0
,,,,,,KF052           ,16,16,16,0
,,,,,,KF053           ,1,3,1,0
,,,,,,KF053           ,2,4,2,0
,,,,,,KF053           ,3,3,3,0
,,,,,,KF053           ,5,5,5,0
,,,,,,KF054           ,1,8,1,0
,,,,,,KF054           ,2,2,2,0
,,,,,,KF054           ,3,6,3,0
,,,,,,KF054           ,5,5,5,0
,,,,,,KF054           ,11,11,11,0
,,,,,,KF056           ,1,1,1,0
,,,,,,KF056           ,4,4,4,0
,,,,,,KF058           ,1,6,1,0
,,,,,,KF058           ,2,2,2,0
,,,,,,KF059           ,1,10,1,0
,,,,,,KF059           ,2,10,2,0
,,,,,,KF059           ,3,18,3,0
,,,,,,KF059           ,4,4,4,0
,,,,,,KF060           ,1,11,1,0
,,,,,,KF060           ,2,22,2,0
,,,,,,KF060           ,3,6,3,0
,,,,,,KF060           ,4,4,4,0
,,,,,,KF060           ,5,5,5,0
,,,,,,KF061          ,1,7,1,0
,,,,,,KF061           ,2,2,2,0
,,,,,,KF061           ,3,3,3,0
,,,,,,KF071           ,3,3,3,0
,,,,,,KF072           ,1,2,1,0
,,,,,,KF072           ,2,2,2,0
,,,,,,KF072           ,3,3,3,0
,,,,,,KF073           ,1,4,1,0
,,,,,,KF073           ,2,8,2,0
,,,,,,KF073           ,3,12,3,0
,,,,,,KF073           ,4,4,4,0
,,,,,,KF101          ,2,2,2,0
,,,,,,KF101           ,1,5,1,0
,,,,,,KF102           ,1,5,1,0
,,,,,,KF103           ,1,10,1,0
,,,,,,KF103-02        ,1,1,1,0
,,,,,,KF104           ,1,8,1,0
,,,,,,KF105           ,1,4,1,0
,,,,,,KF106           ,1,4,1,0
,,,,,,KF106           ,2,2,2,0
,,,,,,KF107           ,1,5,1,0
,,,,,,KF108           ,1,10,1,0
,,,,,,KF109           ,1,10,1,0
,,,,,,KF109-02        ,1,17,1,0
,,,,,,KF109-02        ,3,6,3,0
,,,,,,KF109-02        ,4,4,4,0
,,,,,,KF110           ,1,4,1,0
,,,,,,KF110-01        ,1,1,1,0
,,,,,,KF111           ,1,7,1,0
,,,,,,KF111-01        ,1,3,1,0
,,,,,,KF112           ,1,6,1,0
,,,,,,KF113           ,1,5,1,0
,,,,,,KF129           ,1,2,1,0
,,,,,,KF133           ,1,1,1,0
,,,,,,KF134           ,1,1,1,0
,,,,,,KF142           ,1,3,1,0
,,,,,,KF143           ,1,2,1,0
,,,,,,KF144          ,1,1,1,0
,,,,,,KF146           ,1,17,1,0
,,,,,,KF146           ,1,1,1,8
,,,,,,KF146           ,2,14,2,0
,,,,,,KF147           ,1,5,1,0
,,,,,,KF148           ,1,7,1,0
,,,,,,KF149           ,1,3,1,0
,,,,,,KF151.B         ,1,2,1,0
,,,,,,KF152           ,1,3,1,0
,,,,,,KF154           ,1,2,1,0
,,,,,,KF154-04        ,1,1,1,0
,,,,,,KF155-02        ,1,8,1,0
,,,,,,KF156-04        ,1,2,1,0
,,,,,,KF157-03        ,1,1,1,0
,,,,,,KF157-04        ,1,1,1,0
,,,,,,KF158           ,1,1,1,0
,,,,,,KF160           ,1,10,1,0
,,,,,,KF160           ,2,6,2,0
,,,,,,KF163           ,1,4,1,0
,,,,,,KF164           ,1,2,1,0
,,,,,,KF164-03        ,1,5,1,0
,,,,,,KF164-04        ,1,6,1,0
,,,,,,KF165           ,1,3,1,0
,,,,,,KF170.C         ,1,1,1,0
,,,,,,KF171.C         ,1,1,1,0
,,,,,,KF171.C         ,3,3,3,0
,,,,,,KF173.B         ,1,4,1,0
,,,,,,KF175           ,1,4,1,0
,,,,,,KF175           ,3,6,3,0
,,,,,,KF177.B         ,1,12,1,0
,,,,,,KF177.B         ,2,2,2,0
,,,,,,KF177.B         ,3,3,3,0
,,,,,,KF177.B         ,4,8,4,0
,,,,,,KF180.B         ,1,9,1,0
,,,,,,KF184.B         ,1,6,1,0
,,,,,,KF185.B         ,1,6,1,0
,,,,,,KF185.B         ,5,5,5,0
,,,,,,KF185.B         ,10,10,10,0
,,,,,,KF185.B         ,15,15,15,0
,,,,,,KF186.B         ,1,26,1,0
,,,,,,KF186.B         ,5,5,5,0
,,,,,,KF186.B         ,10,10,10,0
,,,,,,KF186.B         ,15,15,15,0
,,,,,,KF187           ,1,6,1,0
,,,,,,KF188           ,1,6,1,0
,,,,,,KF188           ,2,4,2,0
,,,,,,KF189           ,1,2,1,0
,,,,,,KF189-01        ,1,3,1,0
,,,,,,KF191           ,1,1,1,0
,,,,,,KF192           ,1,1,1,0
,,,,,,KF193           ,1,1,1,0
,,,,,,KF194P          ,1,1,1,0
,,,,,,KF196P          ,1,6,1,0
,,,,,,KF196U          ,25,25,25,0
,,,,,,KF197          ,2,4,2,0
,,,,,,KF197P          ,1,6,1,0
,,,,,,KF197P          ,2,2,2,0
,,,,,,KF197U          ,24,24,24,0
,,,,,,KF197U          ,26,26,26,0
,,,,,,KF198           ,1,18,1,0
,,,,,,KF198           ,5,5,5,0
,,,,,,KF198           ,60,120,60,0
,,,,,,KF198P          ,1,8,1,0
,,,,,,KF198U          ,109,109,109,0
,,,,,,KF199P          ,1,16,1,0
,,,,,,KF199U          ,2,2,2,0
,,,,,,KF200           ,15,15,15,0
,,,,,,KF200P          ,1,13,1,0
,,,,,,KF200U          ,15,15,15,0
,,,,,,KF200U          ,50,200,50,0
,,,,,,KF200U          ,60,60,60,0
,,,,,,KF201           ,1,1,1,0
,,,,,,KF201           ,2,2,2,0
,,,,,,KF201           ,3,6,3,0
,,,,,,KF202           ,1,-1,1,0
,,,,,,KF202           ,2,4,2,0
,,,,,,KF202           ,5,5,5,0
,,,,,,KF203           ,1,5,1,0
,,,,,,KF203-02        ,1,11,1,0
,,,,,,KF204           ,1,19,1,0
,,,,,,KF204-01        ,1,1,1,0
,,,,,,KF204-02        ,1,2,1,0
,,,,,,KF205           ,1,2,1,0
,,,,,,KF205-03        ,1,5,1,0
,,,,,,KF213          ,1,1,1,0
,,,,,,KF214          ,1,1,1,0
,,,,,,KF214           ,2,2,2,0
,,,,,,KF214           ,4,4,4,0
,,,,,,KF215          ,1,1,1,0
,,,,,,KF219           ,3,3,3,0
,,,,,,KF222          ,1,10,1,0
,,,,,,KF223          ,1,10,1,0
,,,,,,KF224          ,1,10,1,0
,,,,,,KF225           ,1,2,1,0
,,,,,,KF225-03        ,1,4,1,0
,,,,,,KF225-04        ,1,2,1,0
,,,,,,KF226           ,1,3,1,0
,,,,,,KF226-07        ,1,1,1,0
,,,,,,KF227           ,1,1,1,0
,,,,,,KF227-07        ,1,3,1,0
,,,,,,KF229           ,1,1,1,0
,,,,,,KF229-04        ,1,1,1,0
,,,,,,KF230           ,1,1,1,0
,,,,,,KF232-06        ,1,1,1,0
,,,,,,KF304           ,1,2,1,0
,,,,,,KF304           ,1,2,2,0
,,,,,,KF304           ,2,4,2,0
,,,,,,KF309           ,1,8,1,0
,,,,,,KF310           ,1,1,1,0
,,,,,,KF311           ,1,1,1,0
,,,,,,KF314           ,1,1,1,0
,,,,,,KF315          ,1,2,1,0
,,,,,,KF316           ,1,1,1,0
,,,,,,KF317           ,1,1,1,0
,,,,,,KF318           ,1,3,1,0
,,,,,,KF319          ,1,9,1,0
,,,,,,KF320           ,1,2,1,0
,,,,,,KF320-06        ,1,6,1,0
,,,,,,KF321           ,1,10,1,0
,,,,,,KF321           ,2,2,2,0
,,,,,,KF322           ,1,2,1,0
,,,,,,KF323          ,1,1,1,0
,,,,,,KF325           ,1,3,1,0
,,,,,,KF326           ,1,2,1,0
,,,,,,KF328           ,1,1,1,0
,,,,,,KF329           ,1,2,1,0
,,,,,,KF330           ,1,1,1,0
,,,,,,KF332           ,1,1,1,0
,,,,,,KF333           ,1,3,1,0
,,,,,,KF334           ,1,3,1,0
,,,,,,KF335           ,1,16,1,0
,,,,,,KF335           ,2,6,2,0
,,,,,,KF335           ,3,3,3,0
,,,,,,KF335-01        ,1,1,1,0
,,,,,,KF336           ,1,3,1,0
,,,,,,KF337          ,1,5,1,0
,,,,,,KF337           ,2,2,2,0
,,,,,,KF338           ,1,20,1,0
,,,,,,KF338           ,2,2,2,0
,,,,,,KF340           ,1,10,1,0
,,,,,,KF340           ,2,2,2,0
,,,,,,KF341           ,1,2,1,0
,,,,,,KF341-05        ,1,2,1,0
,,,,,,KF343           ,1,1,1,0
,,,,,,KF343-04        ,1,1,1,0
,,,,,,KF343-05        ,1,4,1,0
,,,,,,KF344           ,1,1,1,0
,,,,,,KF345           ,1,1,1,0
,,,,,,KF345           ,2,4,2,0
,,,,,,KF348           ,1,1,1,0
,,,,,,KF357           ,1,2,1,0
,,,,,,KF358           ,1,3,1,0
,,,,,,KF359           ,1,1,1,0
,,,,,,KF360           ,1,1,1,0
,,,,,,KF361           ,1,1,1,0
,,,,,,KF361-02        ,1,2,1,0
,,,,,,KF362           ,1,1,1,0
,,,,,,KF363           ,1,2,1,0
,,,,,,KF364           ,1,1,1,0
,,,,,,KF365           ,1,1,1,0
,,,,,,KF366           ,1,1,1,0
,,,,,,KF367           ,1,2,1,0
,,,,,,KF368           ,1,7,1,0
,,,,,,KF369           ,1,6,1,0
,,,,,,KF369           ,2,2,2,0
,,,,,,KF370           ,1,11,1,0
,,,,,,KF372           ,1,5,1,0
,,,,,,KF372-01        ,1,6,1,0
,,,,,,KF372-01        ,2,2,2,0
,,,,,,KF372-02        ,1,1,1,0
,,,,,,KF373           ,1,1,1,0
,,,,,,KF373-01        ,1,6,1,0
,,,,,,KF373-02        ,1,3,1,0
,,,,,,KF373-02        ,2,2,2,0
,,,,,,KF374           ,1,9,1,0
,,,,,,KF378           ,1,1,1,0
,,,,,,KF381           ,1,3,1,0
,,,,,,KF383           ,1,3,1,0
,,,,,,KF383-02        ,1,4,1,0
,,,,,,KF403           ,1,6,1,0
,,,,,,KF403-03        ,1,5,1,0
,,,,,,KF406-02        ,1,4,1,0
,,,,,,KF407           ,1,4,1,0
,,,,,,KF409           ,1,4,1,0
,,,,,,KF409           ,2,2,2,0
,,,,,,KF410          ,1,1,1,0
,,,,,,KF413           ,1,1,1,0
,,,,,,KF413           ,2,2,2,0
,,,,,,KF414           ,1,2,1,0
,,,,,,KF414-01        ,1,1,1,0
,,,,,,KF416          ,1,1,1,0
,,,,,,KF417          ,1,1,1,0
,,,,,,KF419           ,1,2,1,0
,,,,,,KF419-01        ,1,4,1,0
,,,,,,KF421           ,1,2,1,0
,,,,,,KF421-01        ,1,2,1,0
,,,,,,KF426          ,1,1,1,0
,,,,,,KF426-03        ,1,4,1,0
,,,,,,KF426-03        ,2,2,2,0
,,,,,,KF427           ,1,4,1,0
,,,,,,KF427           ,2,2,2,0
,,,,,,KF428           ,1,2,1,0
,,,,,,KF429           ,1,1,1,0
,,,,,,KF430           ,1,5,1,0
,,,,,,KF430-03        ,1,1,1,0
,,,,,,KF431-01        ,1,1,1,0
,,,,,,KF431-02        ,1,1,1,0
,,,,,,KF431-03        ,1,1,1,0
,,,,,,KF437           ,1,12,1,0
,,,,,,KF438           ,3,3,3,0
,,,,,,KF440           ,1,3,1,0
,,,,,,KF441           ,1,2,1,0
,,,,,,KF441-02        ,1,4,1,0
,,,,,,KF442           ,1,3,1,0
,,,,,,KF443-06        ,1,4,1,0
,,,,,,KF444           ,1,6,1,0
,,,,,,KF444-01        ,1,1,1,0
,,,,,,KF445           ,1,1,1,0
,,,,,,KF445-03        ,1,1,1,0
,,,,,,KF445-04        ,1,2,1,0
,,,,,,KF446           ,1,2,1,0
,,,,,,KF447-02        ,1,2,1,0
,,,,,,KF448           ,1,3,1,0
,,,,,,KF448-03        ,1,1,1,0
,,,,,,KF449           ,1,2,1,0
,,,,,,KF450           ,1,1,1,0
,,,,,,KF451           ,1,1,1,0
,,,,,,KF452           ,1,2,1,0
,,,,,,KF453           ,1,2,1,0
,,,,,,KF455          ,2,2,2,0
,,,,,,KF455           ,1,3,1,0
,,,,,,KF456           ,1,3,1,0
,,,,,,KF456-06        ,1,16,1,0
,,,,,,KF456-07        ,1,2,1,0
,,,,,,KF462           ,1,8,1,0
,,,,,,KF463           ,1,3,1,0
,,,,,,KF463-01        ,1,2,1,0
,,,,,,KF463-01        ,2,2,2,0
,,,,,,KF464           ,1,3,1,0
,,,,,,KF464           ,2,2,2,0
,,,,,,KF465           ,1,14,1,0
,,,,,,KF465           ,2,2,2,0
,,,,,,KF466           ,1,2,1,0
,,,,,,KF466-03        ,1,2,1,0
,,,,,,KF466-03        ,2,2,2,0
,,,,,,KF466-04        ,1,3,1,0
,,,,,,KF469-03        ,1,1,1,0
,,,,,,KF470-05        ,1,1,1,0
,,,,,,KF471           ,1,2,1,0
,,,,,,KF472           ,1,1,1,0
,,,,,,KF474           ,1,1,1,0
,,,,,,KF475           ,1,1,1,0
,,,,,,KF476           ,1,3,1,0
,,,,,,KF477           ,1,1,1,0
,,,,,,KF478           ,1,5,1,0
,,,,,,KF480           ,1,6,1,0
,,,,,,KF481           ,1,6,1,0
,,,,,,KF482           ,1,1,1,0
,,,,,,KF490           ,1,1,1,0
,,,,,,KF491           ,1,17,1,0
,,,,,,KF491           ,7,7,7,0
,,,,,,KF492           ,1,3,1,0
,,,,,,KF492           ,3,3,3,0
,,,,,,KF492           ,5,10,5,0
,,,,,,KF494           ,1,7,1,0
,,,,,,KF494           ,3,3,3,0
,,,,,,KF494           ,7,7,7,0
,,,,,,KF495           ,5,5,1,0
,,,,,,KF500           ,1,2,1,0
,,,,,,KF501           ,1,1,1,0
,,,,,,KF501-06        ,1,7,1,0
,,,,,,KF502          ,1,1,1,0
,,,,,,KF503          ,1,1,1,0
,,,,,,KF504          ,1,6,1,0
,,,,,,KF505          ,1,2,1,0
,,,,,,KF508           ,1,4,1,0
,,,,,,KF509           ,1,5,1,0
,,,,,,KF510           ,1,3,1,0
,,,,,,KF511          ,1,5,1,0
,,,,,,KF512           ,1,2,1,0
,,,,,,KF513           ,1,14,1,0
,,,,,,KF514           ,1,2,1,0
,,,,,,KF517           ,1,2,1,0
,,,,,,KF518          ,1,1,1,0
,,,,,,KF520           ,1,1,1,0
,,,,,,KF522           ,1,1,1,0
,,,,,,KF600           ,1,7,1,0
,,,,,,KF600-04        ,1,3,1,0
,,,,,,KF600-05        ,1,1,1,0
,,,,,,KF600-05        ,2,2,2,0
,,,,,,KF601           ,1,6,1,0
,,,,,,KF601           ,2,2,2,0
,,,,,,KF601-03        ,1,1,1,0
,,,,,,KF602           ,1,10,1,0
,,,,,,KF602-03        ,1,1,1,0
,,,,,,KF602-03        ,2,2,2,0
,,,,,,KF603           ,1,6,1,0
,,,,,,KF603           ,2,2,2,0
,,,,,,KF604           ,1,11,1,0
,,,,,,KF605           ,1,4,1,0
,,,,,,KF606           ,1,2,1,0
,,,,,,KF607           ,1,6,1,0
,,,,,,KF607-06        ,1,1,1,0
,,,,,,KF607-06        ,2,2,2,0
,,,,,,KF608-02        ,1,1,1,0
,,,,,,KF609           ,1,2,1,0
,,,,,,KF609-04        ,1,1,1,0
,,,,,,KF610           ,1,5,1,0
,,,,,,KF611           ,1,6,1,0
,,,,,,KF611           ,2,2,2,0
,,,,,,KF614           ,1,8,1,0
,,,,,,KF616           ,1,1,1,0
,,,,,,KF618           ,1,1,1,0
,,,,,,KF619           ,1,2,1,0
,,,,,,KF620           ,1,2,1,0
,,,,,,KF621           ,1,2,1,0
,,,,,,KF622           ,1,1,1,0
,,,,,,KF623           ,1,2,1,0
,,,,,,KF624           ,1,2,1,0
,,,,,,KF625           ,1,9,1,0
,,,,,,KF626           ,1,4,1,0
,,,,,,KF627           ,1,5,1,0
,,,,,,KF628           ,1,5,1,0
,,,,,,KF628-01        ,1,12,1,0
,,,,,,KF628-01        ,2,6,2,0
,,,,,,KF629           ,1,3,1,0
,,,,,,KF630           ,1,3,1,0
,,,,,,KF631           ,1,5,1,0
,,,,,,KF632           ,3,3,3,0
,,,,,,KF633           ,1,2,1,0
,,,,,,KF635           ,1,6,1,0
,,,,,,KF637-01        ,1,1,1,0
,,,,,,KF637-02        ,1,1,1,0
,,,,,,KF638-04        ,1,3,1,0
,,,,,,KF639-02        ,1,3,1,0
,,,,,,KF640-05        ,1,2,1,0
,,,,,,KF641-01        ,1,2,1,0
,,,,,,KF641-02        ,1,3,1,0
,,,,,,KF641-03        ,1,5,1,0
,,,,,,KF641-03        ,2,2,2,0
,,,,,,KF641-04        ,1,5,1,0
,,,,,,KF641-04        ,2,2,2,0
,,,,,,KF642           ,1,11,1,0
,,,,,,KF643           ,1,1,1,0
,,,,,,KF644           ,1,1,1,0
,,,,,,KF645           ,1,1,1,0
,,,,,,KF646           ,1,1,1,0
,,,,,,KF647           ,1,1,1,0
,,,,,,KF648           ,1,1,1,0
,,,,,,KF649           ,1,1,1,0
,,,,,,KF650           ,1,1,1,0
,,,,,,KF651           ,1,1,1,0
,,,,,,KF652           ,1,1,1,0
,,,,,,KF653           ,1,1,1,0
,,,,,,KF654           ,1,1,1,0
,,,,,,KF655           ,1,1,1,0
,,,,,,KF656           ,1,1,1,0
,,,,,,KF657           ,1,1,1,0
,,,,,,KF658           ,1,1,1,0
,,,,,,KF659           ,1,5,1,0
,,,,,,KF660           ,1,1,1,0
,,,,,,KF661           ,1,1,1,0
,,,,,,KF661-03        ,1,1,1,0
,,,,,,KF662           ,1,1,1,0
,,,,,,KF663           ,1,1,1,0
,,,,,,KF664           ,1,6,1,0
,,,,,,KF664-03        ,1,1,1,0
,,,,,,KF665           ,1,5,1,0
,,,,,,KF666           ,2,2,2,0
,,,,,,KF666           ,4,4,4,0
,,,,,,KF673           ,1,1,1,0
,,,,,,KF673           ,3,3,3,0
,,,,,,KF674           ,1,2,1,0
,,,,,,KF677           ,1,1,1,0
,,,,,,KF678           ,1,1,1,0
,,,,,,KF679           ,1,1,1,0
,,,,,,KF690           ,1,1,1,0
,,,,,,KF691-02        ,1,1,1,0
,,,,,,KF691-03        ,1,1,1,0
,,,,,,KF692-02        ,1,2,1,0
,,,,,,KF693-02        ,1,1,1,0
,,,,,,KF693-04        ,1,3,1,0
,,,,,,KF705           ,1,3,1,0
,,,,,,KF706           ,1,3,1,0
,,,,,,KF707           ,1,22,1,0
,,,,,,KF707           ,2,2,2,0
,,,,,,KF707           ,3,6,3,0
,,,,,,KF707           ,4,4,3,5
,,,,,,KF707           ,5,5,5,0
,,,,,,KF707           ,8,16,8,0
,,,,,,KF708           ,1,22,1,0
,,,,,,KF708-01        ,1,10,1,0
,,,,,,KF708-01        ,2,4,2,0
,,,,,,KF708-01        ,4,4,4,0
,,,,,,KF708-01        ,5,10,5,0
,,,,,,KF708-01        ,7,7,7,0
,,,,,,KF708-01        ,9,27,9,0
,,,,,,KF708-01        ,14,14,14,0
,,,,,,KF709           ,1,25,1,0
,,,,,,KF710           ,1,10,1,0
,,,,,,KF710           ,2,2,2,0
,,,,,,KF711           ,1,29,1,0
,,,,,,KF711           ,2,2,2,0
,,,,,,KF712           ,1,7,1,0
,,,,,,KF713-01        ,1,9,1,0
,,,,,,KF714           ,1,9,1,0
,,,,,,KF716           ,1,2,1,0
,,,,,,KF718           ,1,2,1,0
,,,,,,KF718P          ,1,2,1,0
,,,,,,KF718U          ,1,14,1,0
,,,,,,KF718U          ,2,2,2,0
,,,,,,KF718U          ,3,6,3,0
,,,,,,KF718U          ,10,10,10,0
,,,,,,KF720           ,1,1,1,0
,,,,,,KF720-03        ,1,2,1,0
,,,,,,KF726-01        ,1,2,1,0
,,,,,,KF731           ,1,2,1,0
,,,,,,KF731           ,2,12,2,0
,,,,,,KF731           ,2,4,4,0
,,,,,,KF731           ,3,18,3,0
,,,,,,KF731           ,4,12,4,0
,,,,,,KF731           ,5,20,5,0
,,,,,,KF731           ,6,36,6,0
,,,,,,KF731           ,8,24,8,0
,,,,,,KF731           ,9,9,9,0
,,,,,,KF731           ,10,50,10,0
,,,,,,KF731           ,12,24,12,0
,,,,,,KF731           ,15,45,15,0
,,,,,,KF732           ,1,2,1,0
,,,,,,KF732           ,2,16,2,0
,,,,,,KF732           ,3,3,3,0
,,,,,,KF732           ,4,20,4,0
,,,,,,KF732           ,5,5,5,0
,,,,,,KF732           ,6,6,6,0
,,,,,,KF732           ,10,10,10,0
,,,,,,KF732           ,15,30,15,0
,,,,,,KF733-01        ,1,4,1,0
,,,,,,KF733-01        ,2,2,2,0
,,,,,,KF734-01        ,1,17,1,0
,,,,,,KF734-01        ,2,4,2,0
,,,,,,KF744           ,1,4,1,0
,,,,,,KF746           ,1,7,1,0
,,,,,,KF758-01        ,1,1,1,0
,,,,,,KF759-01        ,1,1,1,0
,,,,,,KF761-01        ,1,1,1,0
,,,,,,KF761-02        ,1,1,1,0
,,,,,,KF764           ,1,1,1,0
,,,,,,KF765           ,1,6,1,0
,,,,,,KF765-01        ,1,2,1,0
,,,,,,KF768           ,1,1,1,0
,,,,,,KF780           ,1,4,1,0
,,,,,,KF780           ,5,5,5,0
,,,,,,KF780-01        ,1,3,1,0
,,,,,,KF781           ,5,5,5,0
,,,,,,KF782           ,1,2,1,0
,,,,,,KF782           ,5,5,5,0
,,,,,,KF783           ,1,2,1,0
,,,,,,KF786-01        ,1,5,1,0
,,,,,,KF786-02        ,1,1,1,0
,,,,,,KF787-02        ,1,3,1,0
,,,,,,KF816           ,3,3,3,0
,,,,,,KF817           ,1,1,1,0
,,,,,,KF817-01        ,1,1,1,0
,,,,,,KF817-01        ,2,2,2,0
,,,,,,KF818           ,1,1,1,0
,,,,,,KF822           ,1,3,1,0
,,,,,,KF822           ,2,2,2,0
,,,,,,KF823           ,1,4,1,0
,,,,,,KF823           ,2,2,2,0
,,,,,,KF824           ,1,6,1,0
,,,,,,KF824           ,2,2,2,0
,,,,,,KF825           ,1,1,1,0
,,,,,,KF828P          ,4,8,4,0
,,,,,,KF828P          ,20,20,20,0
,,,,,,KF829P          ,1,1,1,0
,,,,,,KF829P          ,2,2,2,0
,,,,,,KF829P          ,5,5,5,0
,,,,,,KF829P          ,20,20,20,0
,,,,,,KF829U          ,2,4,2,0
,,,,,,KF830P          ,1,1,1,0
,,,,,,KF830U          ,1,2,1,0
,,,,,,KF831P          ,10,10,10,0
,,,,,,KF832P          ,50,50,50,0
,,,,,,KF832U          ,1,1,1,0
,,,,,,KF833P          ,10,10,10,0
,,,,,,KF833P          ,30,30,30,0
,,,,,,KF833U          ,1,1,1,0
,,,,,,KF835-02        ,1,1,1,0
,,,,,,KF841           ,1,1,1,0
,,,,,,KF841-01        ,1,1,1,0
,,,,,,KF843           ,1,2,1,0
,,,,,,KF843-02        ,1,1,1,0
,,,,,,KF846           ,1,2,1,0
,,,,,,KF847-01        ,1,2,1,0
,,,,,,KF847-02        ,1,1,1,0
,,,,,,KF848           ,1,1,1,0
,,,,,,KF860-01        ,1,2,1,0
,,,,,,KF867           ,1,1,1,0
,,,,,,KF869-01        ,1,1,1,0
,,,,,,KF869-02        ,1,1,1,0
,,,,,,KF871-01        ,1,6,1,0
,,,,,,KF879-01        ,1,1,1,0
,,,,,,KF889           ,1,10,1,0
,,,,,,KF906           ,1,3,1,0
,,,,,,MFX069CM220     ,1,1,1,0
,,,,,,MFX081NM220     ,1,3,1,0
,,,,,,MFX081NM220.R   ,1,1,1,0
,,,,,,MFX168CM220     ,1,1,1,0
,,,,,,MGS0123C        ,1,1,1,0
,,,,,,MLS0116C        ,1,1,1,0
,,,,,,MLS5023C        ,1,1,1,0
,,,,,,MTD0007G        ,1,1,1,0
,,,,,,NA0044          ,1,10,1,0
,,,,,,NA0044          ,2,2,2,0
,,,,,,NA0044          ,4,4,4,0
,,,,,,NA0091          ,4,4,4,0
,,,,,,NA0096         ,4,4,4,0
,,,,,,NA0103          ,4,4,4,0
,,,,,,NA0104         ,3,3,3,0
,,,,,,NA0105         ,3,3,3,0
,,,,,,NA0163          ,8,8,8,0
,,,,,,NA0172          ,4,4,4,0
,,,,,,NA0213          ,4,4,4,0
,,,,,,NA0449          ,8,8,8,0
,,,,,,NA0538         ,4,4,4,0
,,,,,,NA0538          ,1,3,1,0
,,,,,,NA0538          ,2,2,2,0
,,,,,,NA0581          ,12,12,12,0
,,,,,,NA0582         ,4,4,4,0
,,,,,,NA0583          ,10,10,10,0
,,,,,,NA0583          ,12,12,12,0
,,,,,,NA0583          ,26,26,26,0
,,,,,,NA0605          ,8,8,8,0
,,,,,,NA0606          ,4,8,4,0
,,,,,,NA0606          ,10,10,10,0
,,,,,,NA0607         ,7,7,7,0
,,,,,,NA0607          ,4,4,4,0
,,,,,,NA0607          ,10,10,10,0
,,,,,,NA0607          ,12,12,12,0
,,,,,,NA0607          ,26,26,19,7
,,,,,,NA0608         ,4,4,4,0
,,,,,,NA0622          ,8,8,8,0
,,,,,,NA0637          ,2,2,2,0
,,,,,,NA0770         ,4,4,4,0
,,,,,,NA0774          ,1,1,1,0
,,,,,,NA0776          ,1,9,1,0
,,,,,,NA0776          ,3,3,3,0
,,,,,,NA0776          ,4,8,4,0
,,,,,,NA0776          ,8,8,8,0
,,,,,,NA0786          ,2,28,2,0
,,,,,,NA0786          ,3,3,3,0
,,,,,,NA0786          ,4,28,4,0
,,,,,,NA0786          ,5,25,5,0
,,,,,,NA0786          ,8,8,8,0
,,,,,,NA0786          ,20,20,20,0
,,,,,,NA0795          ,2,6,2,0
,,,,,,NA0796          ,6,12,6,0
,,,,,,NA0798          ,2,24,2,0
,,,,,,NA0798          ,3,3,1,2
,,,,,,NA0798          ,3,24,3,0
,,,,,,NA0798          ,4,16,4,0
,,,,,,NA0799          ,2,14,2,0
,,,,,,NA0799          ,3,18,3,0
,,,,,,NA0799          ,4,4,4,0
,,,,,,NA0800          ,1,28,1,0
,,,,,,NA0800          ,2,48,2,0
,,,,,,NA0800          ,2,2,4,0
,,,,,,NA0800          ,3,27,3,0
,,,,,,NA0800          ,4,216,4,0
,,,,,,NA0800          ,5,5,5,0
,,,,,,NA0800          ,6,6,6,0
,,,,,,NA0800          ,7,7,7,0
,,,,,,NA0800          ,8,112,8,0
,,,,,,NA0800          ,9,9,9,0
,,,,,,NA0800          ,10,10,10,0
,,,,,,NA0800          ,30,30,30,0
,,,,,,NA0800          ,45,45,45,0
,,,,,,NA0803          ,2,6,2,0
,,,,,,NA0810          ,4,40,4,0
,,,,,,NA0810          ,6,18,6,0
,,,,,,NA0816         ,2,2,2,0
,,,,,,NA0819          ,1,6,1,0
,,,,,,NA0821          ,1,3,1,0
,,,,,,NA0821          ,2,10,2,0
,,,,,,NA0821          ,3,18,3,0
,,,,,,NA0821          ,5,30,5,0
,,,,,,NA0821          ,6,6,6,0
,,,,,,NA0821          ,7,28,7,0
,,,,,,NA0821          ,8,8,8,0
,,,,,,NA0821          ,10,10,10,0
,,,,,,NA0821          ,14,14,14,0
,,,,,,NA0821          ,15,15,15,0
,,,,,,NA0821          ,30,30,30,0
,,,,,,NA0821          ,45,45,45,0
,,,,,,NA0827          ,2,6,2,0
,,,,,,NA0847          ,1,3,1,0
,,,,,,NA0850          ,2,2,2,0
,,,,,,NA0851          ,1,3,1,0
,,,,,,NA0854          ,1,1,1,0
,,,,,,NA0861          ,1,14,1,0
,,,,,,NA0861          ,2,6,2,0
,,,,,,NA0867          ,1,1,1,0
,,,,,,NA0912          ,3,6,3,0
,,,,,,NA0912          ,4,4,4,0
,,,,,,NA0913          ,2,6,2,0
,,,,,,NA0915         ,1,13,1,0
,,,,,,NA0915          ,3,3,3,0
,,,,,,NA0915          ,5,5,5,0
,,,,,,NA0918         ,2,6,2,0
,,,,,,NA0918         ,4,20,4,0
,,,,,,NA0918         ,6,6,6,0
,,,,,,NA0919         ,2,2,2,0
,,,,,,NA0919          ,3,3,3,0
,,,,,,NA0920         ,2,2,2,0
,,,,,,NA0920          ,3,3,3,0
,,,,,,NA0920          ,4,4,4,0
,,,,,,NA0923          ,1,8,1,0
,,,,,,NA0923          ,2,4,2,0
,,,,,,NA0923          ,5,10,5,0
,,,,,,NA0926          ,1,9,1,0
,,,,,,NA0968          ,1,5,1,0
,,,,,,NA0968          ,1,2,2,0
,,,,,,NA0968          ,2,4,2,0
,,,,,,NA0969          ,1,5,1,0
,,,,,,NA0969          ,1,2,2,0
,,,,,,NA0969          ,2,4,2,0
,,,,,,NA0972          ,12,12,12,0
,,,,,,NA0972          ,15,60,15,0
,,,,,,NA0972          ,15,30,30,0
,,,,,,NA0972          ,30,60,30,0
,,,,,,NA0973          ,12,12,12,0
,,,,,,NA0973          ,15,60,15,0
,,,,,,NA0973          ,15,30,30,0
,,,,,,NA0973          ,30,60,30,0
,,,,,,NA1078          ,2,6,2,0
,,,,,,NA1079         ,1,2,1,0
,,,,,,NA1080          ,1,2,1,0
,,,,,,NA1080          ,2,2,2,0
,,,,,,NA1082         ,1,2,1,0
,,,,,,NA1082          ,2,2,2,0
,,,,,,NA1083         ,2,2,2,0
,,,,,,NA1094          ,1,7,1,0
,,,,,,NA1095          ,1,11,1,0
,,,,,,NA1139          ,1,12,1,0
,,,,,,NA1139          ,2,12,2,0
,,,,,,NA1139          ,4,4,4,0
,,,,,,NA1141          ,1,5,1,0
,,,,,,NA1141          ,2,2,2,0
,,,,,,NA1144          ,1,3,1,0
,,,,,,NA1171          ,1,23,1,0
,,,,,,NA1171          ,2,2,2,0
,,,,,,NA1180         ,4,8,4,0
,,,,,,NA1180          ,1,8,1,0
,,,,,,NA1180          ,2,8,2,0
,,,,,,NA1180          ,3,3,3,0
,,,,,,NA1181-1        ,1,1,1,0
,,,,,,NA1228          ,2,4,2,0
,,,,,,NA1228          ,10,20,10,0
,,,,,,NA1229          ,3,3,3,0
,,,,,,NA1230          ,1,3,1,0
,,,,,,NA1230          ,2,4,2,0
,,,,,,NA1243          ,1,1,1,0
,,,,,,NA1261          ,2,2,2,0
,,,,,,NA1331          ,1,1,1,0
,,,,,,NA1344          ,1,1,1,0
,,,,,,NA1352          ,1,5,1,0
,,,,,,NA1356          ,10,10,10,0
,,,,,,NA1370         ,2,4,2,0
,,,,,,NA1376         ,2,2,2,0
,,,,,,NA1386          ,1,2,1,0
,,,,,,NA1388          ,2,2,2,0
,,,,,,NA1391          ,1,1,1,0
,,,,,,NA1394          ,1,1,1,0
,,,,,,NA1395          ,1,1,1,0
,,,,,,NA1397          ,1,7,1,0
,,,,,,NA1397          ,2,2,2,0
,,,,,,NA1397          ,5,5,5,0
,,,,,,NA1410          ,8,8,8,0
,,,,,,NA1413          ,2,10,2,0
,,,,,,NA1431          ,1,1,1,0
,,,,,,NA1431          ,2,4,2,0
,,,,,,NA1432          ,1,1,1,0
,,,,,,NA1433         ,3,3,3,0
,,,,,,NA1433          ,1,19,1,0
,,,,,,NA1433          ,2,2,2,0
,,,,,,NA1433          ,4,4,4,0
,,,,,,NA1434         ,2,2,2,0
,,,,,,NA1434          ,1,18,1,0
,,,,,,NA1434          ,3,3,3,0
,,,,,,NA1437         ,2,12,2,0
,,,,,,NA1443          ,1,1,1,0
,,,,,,NA1445          ,1,7,1,0
,,,,,,NA1445          ,2,4,2,0
,,,,,,NA1446          ,2,2,2,0
,,,,,,NA1456          ,1,8,1,0
,,,,,,NA1460          ,1,1,1,0
,,,,,,NA1467          ,1,4,1,0
,,,,,,NA1467          ,1,2,2,0
,,,,,,NA1467          ,2,4,2,0
,,,,,,NA1467          ,2,4,4,0
,,,,,,NA1467          ,3,3,3,0
,,,,,,NA1468          ,1,4,1,0
,,,,,,NA1468          ,1,2,2,0
,,,,,,NA1468          ,2,6,2,0
,,,,,,NA1468          ,2,4,4,0
,,,,,,NA1468          ,6,6,6,0
,,,,,,NA1472          ,1,2,1,0
,,,,,,NA1474          ,18,18,18,0
,,,,,,NA1476          ,1,1,1,0
,,,,,,NA1478          ,1,1,1,0
,,,,,,NA1481          ,6,72,6,0
,,,,,,NA1481          ,12,36,12,0
,,,,,,NA1481          ,24,24,24,0
,,,,,,NA1481          ,60,60,60,0
,,,,,,NA1485          ,2,4,2,0
,,,,,,NA1504          ,1,71,1,0
,,,,,,NA1504          ,2,46,2,0
,,,,,,NA1504          ,2,4,4,0
,,,,,,NA1504          ,3,60,3,0
,,,,,,NA1504          ,3,3,4,0
,,,,,,NA1504          ,4,24,4,0
,,,,,,NA1504          ,5,155,5,0
,,,,,,NA1505         ,1,6,1,0
,,,,,,NA1505          ,3,3,3,0
,,,,,,NA1531          ,4,4,4,0
,,,,,,NA1547          ,4,8,4,0
,,,,,,NA1548          ,1,4,1,0
,,,,,,NA1569         ,1,2,1,0
,,,,,,NA1574         ,2,10,2,0
,,,,,,NA1574          ,4,4,4,0
,,,,,,NA1574          ,8,8,8,0
,,,,,,NA1574          ,10,10,10,0
,,,,,,NA1586          ,4,4,4,0
,,,,,,NA1599          ,1,2,1,0
,,,,,,NA1600          ,2,8,2,0
,,,,,,NA1600          ,6,6,6,0
,,,,,,NA1603          ,1,4,1,0
,,,,,,NA1603          ,1,2,2,0
,,,,,,NA1603          ,2,4,2,0
,,,,,,NA1603          ,2,4,4,0
,,,,,,NA1603          ,3,3,3,0
,,,,,,NA1620          ,1,1,1,0
,,,,,,NA1627         ,2,12,2,0
,,,,,,NA1627          ,8,8,8,0
,,,,,,NA1627          ,10,10,10,0
,,,,,,NA1629          ,1,1,1,0
,,,,,,NA1630          ,1,1,1,0
,,,,,,NA1633          ,1,5,1,0
,,,,,,NA1633          ,2,2,2,0
,,,,,,NA1635         ,1,5,1,0
,,,,,,NA1635          ,2,8,2,0
,,,,,,NA1643          ,2,6,2,0
,,,,,,NA1643          ,3,3,3,0
,,,,,,NA1647          ,2,2,2,0
,,,,,,NA1649          ,1,2,1,0
,,,,,,NA1649          ,3,3,3,0
,,,,,,NA1657          ,1,4,1,0
,,,,,,NA1664          ,7,7,7,0
,,,,,,NA1672          ,1,1,1,0
,,,,,,NA1680          ,1,8,1,0
,,,,,,NA1681          ,1,4,1,0
,,,,,,NA1682         ,2,2,2,0
,,,,,,NA1685          ,1,8,1,0
,,,,,,NA1685          ,3,3,3,0
,,,,,,NA1685          ,4,8,4,0
,,,,,,NA1692          ,6,6,6,0
,,,,,,NA1693          ,1,9,1,0
,,,,,,NA1693          ,1,2,2,0
,,,,,,NA1693          ,2,2,2,0
,,,,,,NA1693          ,3,12,3,0
,,,,,,NA1693          ,4,4,4,0
,,,,,,NA1699         ,1,2,1,0
,,,,,,NA1722          ,1,1,1,0
,,,,,,NA1734          ,1,2,1,0
,,,,,,NA1739          ,1,2,1,0
,,,,,,NA1740          ,1,3,1,0
,,,,,,NA1745         ,2,6,2,0
,,,,,,NA1746         ,5,5,5,0
,,,,,,NA1746          ,2,2,2,0
,,,,,,NA1747          ,1,3,1,0
,,,,,,NA1774          ,1,40,1,0
,,,,,,NA1774          ,1,2,2,0
,,,,,,NA1774          ,2,30,2,0
,,,,,,NA1774          ,3,48,3,0
,,,,,,NA1774          ,4,12,4,0
,,,,,,NA1774          ,5,30,5,0
,,,,,,NA1774          ,6,36,6,0
,,,,,,NA1774          ,8,8,8,0
,,,,,,NA1774          ,9,9,9,0
,,,,,,NA1774          ,10,10,10,0
,,,,,,NA1774          ,12,24,12,0
,,,,,,NA1774          ,15,15,15,0
,,,,,,NA1774          ,20,80,20,0
,,,,,,NA1774          ,25,25,25,0
,,,,,,NA1774          ,30,30,30,0
,,,,,,NA1775          ,1,5,1,0
,,,,,,NA1775          ,2,2,2,0
,,,,,,NA1778          ,1,11,1,0
,,,,,,NA1780         ,2,4,2,0
,,,,,,NA1783          ,1,2,1,0
,,,,,,NA1784          ,1,6,1,0
,,,,,,NA1787          ,1,6,1,0
,,,,,,NA1790          ,6,18,6,0
,,,,,,NA1795          ,1,3,1,0
,,,,,,NA1797         ,2,2,2,0
,,,,,,NA1801          ,1,3,1,0
,,,,,,NA1805          ,1,6,1,0
,,,,,,NA1805          ,5,5,5,0
,,,,,,NA1809          ,1,9,1,0
,,,,,,NA1819          ,1,6,1,0
,,,,,,NA1819          ,1,2,2,0
,,,,,,NA1819          ,2,6,2,0
,,,,,,NA1819          ,3,3,3,0
,,,,,,NA1822         ,5,50,5,0
,,,,,,NA1824          ,1,37,1,0
,,,,,,NA1824          ,1,2,2,0
,,,,,,NA1824          ,2,44,2,0
,,,,,,NA1824          ,3,24,3,0
,,,,,,NA1824          ,4,24,4,0
,,,,,,NA1824          ,5,20,5,0
,,,,,,NA1824          ,6,12,6,0
,,,,,,NA1824          ,8,8,8,0
,,,,,,NA1824          ,9,9,9,0
,,,,,,NA1824          ,12,12,12,0
,,,,,,NA1824          ,15,30,15,0
,,,,,,NA1824          ,16,32,16,0
,,,,,,NA1824          ,20,40,20,0
,,,,,,NA1826          ,1,4,1,0
,,,,,,NA1826          ,2,4,2,0
,,,,,,NA1826          ,4,8,8,0
,,,,,,NA1826          ,5,10,5,0
,,,,,,NA1833         ,1,4,1,0
,,,,,,NA1833          ,2,4,2,0
,,,,,,NA1833          ,4,8,8,0
,,,,,,NA1833          ,5,10,5,0
,,,,,,NA1835          ,1,3,1,0
,,,,,,NA1840         ,5,10,5,0
,,,,,,NA1841          ,1,6,1,0
,,,,,,NA1849          ,2,2,2,0
,,,,,,NA1849          ,3,3,3,0
,,,,,,NA1850          ,3,3,3,0
,,,,,,NA1851         ,5,5,5,0
,,,,,,NA1851         ,6,24,6,0
,,,,,,NA1851         ,7,28,7,0
,,,,,,NA1851         ,18,18,18,0
,,,,,,NA1851          ,8,16,8,0
,,,,,,NA1860         ,2,4,2,0
,,,,,,NA1860          ,1,4,1,0
,,,,,,NA1862          ,1,5,1,0
,,,,,,NA1865          ,1,1,1,0
,,,,,,NA1865          ,2,4,2,0
,,,,,,NA1865          ,5,5,5,0
,,,,,,NA1869          ,1,10,1,0
,,,,,,NA1869          ,3,3,3,0
,,,,,,NA1907          ,2,8,2,0
,,,,,,NA1907          ,4,4,4,0
,,,,,,NA1910          ,8,8,8,0
,,,,,,NA1912          ,4,4,4,0
,,,,,,NA1913         ,2,12,2,0
,,,,,,NA1913         ,5,5,5,0
,,,,,,NA1913          ,1,10,1,0
,,,,,,NA1913          ,4,4,4,0
,,,,,,NA1914         ,4,4,4,0
,,,,,,NA1915          ,1,6,1,0
,,,,,,NA1915          ,2,4,2,0
,,,,,,NA1916          ,1,6,1,0
,,,,,,NA1916          ,2,4,2,0
,,,,,,NA1916          ,3,3,3,0
,,,,,,NA1916          ,4,8,4,0
,,,,,,NA1917         ,4,8,4,0
,,,,,,NA1917          ,1,4,1,0
,,,,,,NA1917          ,2,2,1,1
,,,,,,NA1917          ,2,2,2,0
,,,,,,NA1921          ,1,1,1,0
,,,,,,NA1921          ,4,4,4,0
,,,,,,NA1923         ,1,1,1,0
,,,,,,NA1923          ,2,6,2,0
,,,,,,NA1923          ,3,3,3,0
,,,,,,NA1925          ,1,10,1,0
,,,,,,NA1925          ,2,2,2,0
,,,,,,NA1925          ,3,3,3,0
,,,,,,NA1926          ,1,4,1,0
,,,,,,NA1926          ,2,2,2,0
,,,,,,NA1927          ,1,2,1,0
,,,,,,NA1927          ,2,2,2,0
,,,,,,NA1927          ,3,3,3,0
,,,,,,NA1927          ,5,5,5,0
,,,,,,NA1928          ,1,7,1,0
,,,,,,NA1928          ,2,2,2,0
,,,,,,NA1936          ,1,1,1,0
,,,,,,NA1937          ,1,2,1,0
,,,,,,NA1988          ,2,14,2,0
,,,,,,NA1988          ,6,6,6,0
,,,,,,NA1995          ,10,10,10,0
,,,,,,NA2008          ,1,5,1,0
,,,,,,NA2008          ,2,10,2,0
,,,,,,NA2018          ,1,4,1,0
,,,,,,NA2021          ,1,1,1,0
,,,,,,NA2031          ,1,5,1,0
,,,,,,NA2056         ,1,4,1,0
,,,,,,NA2056         ,3,3,3,0
,,,,,,NA2057         ,1,4,1,0
,,,,,,NA2057         ,3,3,3,0
,,,,,,NA2057         ,4,4,4,0
,,,,,,NA2057          ,2,10,2,0
,,,,,,NA2061          ,1,18,1,0
,,,,,,NA2063          ,2,4,2,0
,,,,,,NA2075          ,1,1,1,0
,,,,,,NA2075          ,2,2,2,0
,,,,,,NA2080         ,1,1,1,0
,,,,,,NA2080          ,3,3,3,0
,,,,,,NA2088          ,1,2,1,0
,,,,,,NA2088          ,1,2,2,0
,,,,,,NA2088          ,2,6,2,0
,,,,,,NA2088          ,3,3,3,0
,,,,,,NA2099          ,1,1,1,0
,,,,,,NA2101          ,1,9,1,0
,,,,,,NA2101          ,2,4,2,0
,,,,,,NA2103          ,4,40,4,0
,,,,,,NA2103          ,8,8,8,0
,,,,,,NA2104          ,2,2,2,0
,,,,,,NA2127          ,1,3,1,0
,,,,,,NA2127          ,2,4,2,0
,,,,,,NA2127          ,4,4,4,0
,,,,,,NA2129          ,1,12,1,0
,,,,,,NA2129          ,2,2,2,0
,,,,,,NA2129          ,3,3,3,0
,,,,,,NA2135         ,1,1,1,0
,,,,,,NA2135         ,2,8,2,0
,,,,,,NA2141          ,2,6,2,0
,,,,,,NA2142          ,1,11,1,0
,,,,,,NA2143         ,1,11,1,0
,,,,,,NA2143          ,4,48,4,0
,,,,,,NA2143          ,8,16,8,0
,,,,,,NA2145          ,2,10,2,0
,,,,,,NA2145          ,4,4,4,0
,,,,,,NA2145          ,10,10,10,0
,,,,,,NA2145          ,20,20,20,0
,,,,,,NA2145          ,30,30,30,0
,,,,,,NA2147          ,1,3,1,0
,,,,,,NA2161          ,1,10,1,0
,,,,,,NA2161          ,2,2,2,0
,,,,,,NA2164         ,1,1,1,0
,,,,,,NA2164         ,2,2,2,0
,,,,,,NA2176         ,1,1,1,0
,,,,,,NA2176          ,5,15,5,0
,,,,,,NA2179          ,1,1,1,0
,,,,,,NA2179          ,3,3,3,0
,,,,,,NA2179          ,4,4,3,1
,,,,,,NA2179          ,4,52,4,0
,,,,,,NA2179          ,5,25,5,0
,,,,,,NA2179          ,20,60,20,0
,,,,,,NA2182          ,1,12,1,0
,,,,,,NA2182          ,2,4,2,0
,,,,,,NA2182          ,3,12,3,0
,,,,,,NA2182          ,4,12,4,0
,,,,,,NA2182          ,5,20,5,0
,,,,,,NA2202         ,1,1,1,0
,,,,,,NA2205          ,1,6,1,0
,,,,,,NA2205          ,2,2,2,0
,,,,,,NA2206          ,1,20,1,0
,,,,,,NA2212          ,1,1,1,0
,,,,,,NA2213          ,1,5,1,0
,,,,,,NA2213          ,2,8,2,0
,,,,,,NA2214          ,1,26,1,0
,,,,,,NA2215          ,1,24,1,0
,,,,,,NA2216          ,1,21,1,0
,,,,,,NA2217          ,1,22,1,0
,,,,,,NA2254          ,2,2,2,0
,,,,,,NA2257          ,1,4,1,0
,,,,,,NA2268          ,1,1,1,0
,,,,,,NA2270          ,1,2,1,0
,,,,,,NA2272          ,1,2,1,0
,,,,,,NA2290          ,1,1,1,0
,,,,,,NA2303          ,2,2,2,0
,,,,,,NA2304          ,2,2,2,0
,,,,,,NA2327          ,2,2,2,0
,,,,,,NA2330          ,2,2,2,0
,,,,,,NA2331          ,2,2,2,0
,,,,,,NA2345          ,1,2,1,0
,,,,,,NA2346          ,1,1,1,0
,,,,,,NA2347          ,1,2,1,0
,,,,,,NA2350          ,1,1,1,0
,,,,,,NA2351          ,1,2,1,0
,,,,,,NA2351          ,3,3,3,0
,,,,,,NA2352          ,2,2,2,0
,,,,,,NA2358          ,15,15,15,0
,,,,,,NA2360         ,1,1,1,0
,,,,,,NA2378          ,1,1,1,0
,,,,,,NA2387         ,4,4,4,0
,,,,,,NA2387          ,2,16,2,0
,,,,,,NA2398          ,1,1,1,0
,,,,,,NA2408          ,4,4,4,0
,,,,,,NA2408          ,6,12,6,0
,,,,,,NA2408          ,7,7,7,0
,,,,,,NA2408          ,8,56,8,0
,,,,,,NA2408          ,10,50,10,0
,,,,,,NA2408          ,12,36,12,0
,,,,,,NA2408          ,16,16,16,0
,,,,,,NA2412          ,3,3,3,0
,,,,,,NA2426          ,1,1,1,0
,,,,,,NA2427         ,1,1,1,0
,,,,,,NA2428          ,1,4,1,0
,,,,,,NA2428          ,4,8,4,0
,,,,,,NA2431          ,3,3,3,0
,,,,,,NA2432          ,4,4,4,0
,,,,,,NA2433          ,1,5,1,0
,,,,,,NA2433          ,3,6,3,0
,,,,,,NA2433          ,4,4,4,0
,,,,,,NA2437          ,1,1,1,0
,,,,,,NA2443          ,2,2,2,0
,,,,,,NA2448         ,1,1,1,0
,,,,,,NA2448          ,2,2,2,0
,,,,,,NA2451          ,2,26,2,0
,,,,,,NA2451          ,4,4,4,0
,,,,,,NA2452          ,8,8,8,0
,,,,,,NA2472          ,2,18,2,0
,,,,,,NA2472          ,6,12,6,0
,,,,,,NA2472          ,10,10,10,0
,,,,,,NA2472          ,12,24,12,0
,,,,,,NA2472          ,22,22,22,0
,,,,,,NA2473         ,1,5,1,0
,,,,,,NA2474          ,1,3,1,0
,,,,,,NA2474          ,2,2,2,0
,,,,,,NA2474          ,2,4,4,0
,,,,,,NA2474          ,3,3,3,0
,,,,,,NA2474          ,4,4,4,0
,,,,,,NA2474          ,5,5,5,0
,,,,,,NA2475          ,1,1,1,0
,,,,,,NA2475          ,6,6,6,0
,,,,,,NA2476         ,4,4,4,0
,,,,,,NA2476          ,1,27,1,0
,,,,,,NA2476          ,2,4,2,0
,,,,,,NA2476          ,3,3,3,0
,,,,,,NA2488          ,1,2,1,0
,,,,,,NA2488          ,1,2,2,0
,,,,,,NA2488          ,2,4,2,0
,,,,,,NA2495          ,1,9,1,0
,,,,,,NA2495          ,3,6,3,0
,,,,,,NA2495          ,5,5,5,0
,,,,,,NA2495          ,6,12,6,0
,,,,,,NA2495          ,11,11,11,0
,,,,,,NA2496          ,1,1,1,0
,,,,,,NA2511         ,2,2,2,0
,,,,,,NA2511          ,4,8,4,0
,,,,,,NA2514          ,1,2,1,0
,,,,,,NA2517          ,1,1,1,0
,,,,,,NA2523          ,1,1,1,0
,,,,,,NA2523          ,2,2,1,0
,,,,,,NA2525         ,10,10,10,0
,,,,,,NA2525          ,6,6,6,0
,,,,,,NA2525          ,8,24,8,0
,,,,,,NA2525          ,20,20,20,0
,,,,,,NA2525          ,45,45,45,0
,,,,,,NA2526          ,2,2,2,0
,,,,,,NA2526          ,4,4,4,0
,,,,,,NA2526          ,8,16,8,0
,,,,,,NA2526          ,10,20,10,0
,,,,,,NA2527         ,8,16,8,0
,,,,,,NA2527          ,3,3,3,0
,,,,,,NA2527          ,4,4,4,0
,,,,,,NA2527          ,10,20,10,0
,,,,,,NA2527          ,12,12,12,0
,,,,,,NA2528          ,1,2,1,0
,,,,,,NA2529         ,1,2,1,0
,,,,,,NA2529          ,2,4,2,0
,,,,,,NA2529          ,3,3,3,0
,,,,,,NA2529          ,5,5,5,0
,,,,,,NA2530          ,1,5,1,0
,,,,,,NA2530          ,2,4,2,0
,,,,,,NA2532          ,1,2,1,0
,,,,,,NA2532          ,2,6,2,0
,,,,,,NA2533          ,1,1,1,0
,,,,,,NA2533          ,2,4,2,0
,,,,,,NA2533          ,4,4,4,0
,,,,,,NA2534          ,1,1,1,0
,,,,,,NA2534          ,4,4,4,0
,,,,,,NA2534          ,5,5,5,0
,,,,,,NA2535          ,1,1,1,0
,,,,,,NA2535          ,4,4,4,0
,,,,,,NA2535          ,5,10,5,0
,,,,,,NA2535          ,22,22,22,0
,,,,,,NA2536          ,1,1,1,0
,,,,,,NA2536          ,4,4,4,0
,,,,,,NA2536          ,12,12,12,0
,,,,,,NA2536          ,20,20,20,0
,,,,,,NA2537          ,5,15,5,0
,,,,,,NA2538         ,2,2,2,0
,,,,,,NA2538          ,4,12,4,0
,,,,,,NA2538          ,10,10,10,0
,,,,,,NA2541          ,2,2,2,0
,,,,,,NA2544          ,2,2,2,0
,,,,,,NA2544          ,6,12,6,0
,,,,,,NA2545          ,1,35,1,0
,,,,,,NA2545          ,1,4,2,0
,,,,,,NA2545          ,2,24,2,0
,,,,,,NA2545          ,2,4,4,0
,,,,,,NA2545          ,3,21,3,0
,,,,,,NA2545          ,4,12,4,0
,,,,,,NA2545          ,5,20,5,0
,,,,,,NA2546          ,2,28,2,0
,,,,,,NA2546          ,3,21,3,0
,,,,,,NA2546          ,3,6,6,0
,,,,,,NA2546          ,4,16,4,0
,,,,,,NA2546          ,5,60,5,0
,,,,,,NA2546          ,5,10,10,0
,,,,,,NA2546          ,6,24,6,0
,,,,,,NA2546          ,6,12,12,0
,,,,,,NA2546          ,7,7,7,0
,,,,,,NA2546          ,8,16,8,0
,,,,,,NA2546          ,9,36,9,0
,,,,,,NA2546          ,10,10,10,0
,,,,,,NA2546          ,14,28,14,0
,,,,,,NA2546          ,15,45,15,0
,,,,,,NA2546          ,18,18,18,0
,,,,,,NA2546          ,24,48,24,0
,,,,,,NA2546          ,32,96,32,0
,,,,,,NA2546          ,40,40,40,0
,,,,,,NA2547          ,1,33,1,0
,,,,,,NA2547          ,1,4,2,0
,,,,,,NA2547          ,2,14,2,0
,,,,,,NA2547          ,2,4,4,0
,,,,,,NA2547          ,3,21,3,0
,,,,,,NA2547          ,4,12,4,0
,,,,,,NA2547          ,5,20,5,0
,,,,,,NA2548          ,1,15,1,0
,,,,,,NA2548          ,1,4,2,0
,,,,,,NA2548          ,2,12,2,0
,,,,,,NA2548          ,2,4,4,0
,,,,,,NA2548          ,3,21,3,0
,,,,,,NA2548          ,4,12,4,0
,,,,,,NA2548          ,5,15,5,0
,,,,,,NA2549          ,1,10,1,0
,,,,,,NA2549          ,2,8,2,0
,,,,,,NA2549          ,2,4,4,0
,,,,,,NA2549          ,4,12,4,0
,,,,,,NA2549          ,4,8,8,0
,,,,,,NA2549          ,5,20,5,0
,,,,,,NA2549          ,6,96,6,0
,,,,,,NA2549          ,6,12,12,0
,,,,,,NA2549          ,8,8,8,0
,,,,,,NA2549          ,10,30,10,0
,,,,,,NA2549          ,11,33,11,0
,,,,,,NA2549          ,12,24,12,0
,,,,,,NA2549          ,20,20,20,0
,,,,,,NA2549          ,21,21,21,0
,,,,,,NA2549          ,22,22,22,0
,,,,,,NA2549          ,36,72,36,0
,,,,,,NA2549          ,48,144,48,0
,,,,,,NA2549          ,60,60,60,0
,,,,,,NA2550          ,1,10,1,0
,,,,,,NA2550          ,2,10,2,0
,,,,,,NA2550          ,2,4,4,0
,,,,,,NA2550          ,3,15,3,0
,,,,,,NA2550          ,4,56,4,0
,,,,,,NA2550          ,4,16,8,0
,,,,,,NA2550          ,6,48,6,0
,,,,,,NA2550          ,7,7,7,0
,,,,,,NA2550          ,8,8,8,0
,,,,,,NA2550          ,10,30,10,0
,,,,,,NA2550          ,12,24,12,0
,,,,,,NA2550          ,15,15,15,0
,,,,,,NA2550          ,21,42,21,0
,,,,,,NA2550          ,28,84,28,0
,,,,,,NA2550          ,35,35,35,0
,,,,,,NA2551          ,2,36,2,0
,,,,,,NA2551          ,3,51,3,0
,,,,,,NA2551          ,3,12,6,0
,,,,,,NA2551          ,4,20,4,0
,,,,,,NA2551          ,5,5,5,0
,,,,,,NA2551          ,6,30,6,0
,,,,,,NA2551          ,6,12,12,0
,,,,,,NA2551          ,9,54,9,0
,,,,,,NA2551          ,12,48,12,0
,,,,,,NA2551          ,15,60,15,0
,,,,,,NA2552         ,11,33,11,0
,,,,,,NA2552          ,3,3,3,0
,,,,,,NA2552          ,4,16,4,0
,,,,,,NA2552          ,6,48,6,0
,,,,,,NA2552          ,8,120,8,0
,,,,,,NA2552          ,8,16,16,0
,,,,,,NA2552          ,9,63,9,0
,,,,,,NA2552          ,10,30,10,0
,,,,,,NA2552          ,12,24,12,0
,,,,,,NA2552          ,16,48,16,0
,,,,,,NA2552          ,18,54,18,0
,,,,,,NA2552          ,20,40,20,0
,,,,,,NA2552          ,24,72,24,0
,,,,,,NA2552          ,27,54,27,0
,,,,,,NA2552          ,32,32,32,0
,,,,,,NA2552          ,35,35,35,0
,,,,,,NA2552          ,40,80,40,0
,,,,,,NA2552          ,41,82,41,0
,,,,,,NA2552          ,45,90,45,0
,,,,,,NA2552          ,45,90,90,0
,,,,,,NA2552          ,82,164,164,0
,,,,,,NA2553         ,10,10,10,0
,,,,,,NA2553          ,1,32,1,0
,,,,,,NA2553          ,1,2,2,0
,,,,,,NA2553          ,2,30,2,0
,,,,,,NA2553          ,2,4,4,0
,,,,,,NA2553          ,3,21,3,0
,,,,,,NA2553          ,4,12,4,0
,,,,,,NA2553          ,4,8,8,0
,,,,,,NA2553          ,5,20,5,0
,,,,,,NA2554          ,1,12,1,0
,,,,,,NA2554          ,2,42,2,0
,,,,,,NA2554          ,3,27,3,0
,,,,,,NA2554          ,3,6,6,0
,,,,,,NA2554          ,4,20,4,0
,,,,,,NA2554          ,5,5,5,0
,,,,,,NA2554          ,6,18,6,0
,,,,,,NA2554          ,7,14,7,0
,,,,,,NA2554          ,8,16,8,0
,,,,,,NA2554          ,8,32,16,0
,,,,,,NA2554          ,9,9,9,0
,,,,,,NA2554          ,10,20,10,0
,,,,,,NA2554          ,15,15,15,0
,,,,,,NA2554          ,16,16,16,0
,,,,,,NA2554          ,21,21,21,0
,,,,,,NA2555          ,2,44,2,0
,,,,,,NA2555          ,3,39,3,0
,,,,,,NA2555          ,3,12,6,0
,,,,,,NA2555          ,4,24,4,0
,,,,,,NA2555          ,6,30,6,0
,,,,,,NA2555          ,8,16,8,0
,,,,,,NA2555          ,8,16,16,0
,,,,,,NA2555          ,9,18,9,0
,,,,,,NA2555          ,10,10,10,0
,,,,,,NA2555          ,12,24,12,0
,,,,,,NA2556          ,1,9,1,0
,,,,,,NA2556          ,2,14,2,0
,,,,,,NA2556          ,3,27,3,0
,,,,,,NA2556          ,4,20,4,0
,,,,,,NA2556          ,5,85,5,0
,,,,,,NA2556          ,5,5,6,0
,,,,,,NA2556          ,5,10,10,0
,,,,,,NA2556          ,6,72,6,0
,,,,,,NA2556          ,8,8,8,0
,,,,,,NA2556          ,9,9,9,0
,,,,,,NA2556          ,10,40,10,0
,,,,,,NA2556          ,10,20,20,0
,,,,,,NA2556          ,12,12,12,0
,,,,,,NA2556          ,15,60,15,0
,,,,,,NA2556          ,18,18,18,0
,,,,,,NA2556          ,20,60,20,0
,,,,,,NA2556          ,21,21,21,0
,,,,,,NA2556          ,25,25,47,0
,,,,,,NA2556          ,30,30,30,0
,,,,,,NA2557          ,1,37,1,0
,,,,,,NA2557          ,1,4,2,0
,,,,,,NA2557          ,2,18,2,0
,,,,,,NA2557          ,2,4,4,0
,,,,,,NA2557          ,3,12,3,0
,,,,,,NA2557          ,4,12,4,0
,,,,,,NA2557          ,5,30,5,0
,,,,,,NA2558          ,1,1,1,0
,,,,,,NA2558          ,2,6,2,0
,,,,,,NA2558          ,5,10,5,0
,,,,,,NA2558          ,6,6,6,0
,,,,,,NA2560          ,1,3,1,0
,,,,,,NA2560          ,1,2,2,0
,,,,,,NA2560          ,2,2,2,0
,,,,,,NA2560          ,4,4,4,0
,,,,,,NA2561          ,1,8,1,0
,,,,,,NA2561          ,2,18,2,0
,,,,,,NA2561          ,3,9,3,0
,,,,,,NA2561          ,3,6,6,0
,,,,,,NA2561          ,4,12,4,0
,,,,,,NA2561          ,4,8,8,0
,,,,,,NA2561          ,5,5,5,0
,,,,,,NA2561          ,6,12,6,0
,,,,,,NA2561          ,8,16,8,0
,,,,,,NA2561          ,9,9,9,0
,,,,,,NA2561          ,10,10,10,0
,,,,,,NA2561          ,12,24,12,0
,,,,,,NA2561          ,15,30,15,0
,,,,,,NA2561          ,16,48,16,0
,,,,,,NA2561          ,18,18,18,0
,,,,,,NA2562          ,1,15,1,0
,,,,,,NA2562          ,2,10,2,0
,,,,,,NA2562          ,3,15,3,0
,,,,,,NA2562          ,4,12,4,0
,,,,,,NA2562          ,4,16,8,0
,,,,,,NA2562          ,5,5,5,0
,,,,,,NA2562          ,6,12,6,0
,,,,,,NA2562          ,8,16,8,0
,,,,,,NA2562          ,12,36,12,0
,,,,,,NA2562          ,15,45,15,0
,,,,,,NA2562          ,16,48,16,0
,,,,,,NA2568          ,1,10,1,0
,,,,,,NA2568          ,2,2,2,0
,,,,,,NA2568          ,3,3,3,0
,,,,,,NA2568          ,4,4,4,0
,,,,,,NA2571         ,1,3,1,0
,,,,,,NA2573          ,2,4,2,0
,,,,,,NA2580          ,1,4,1,0
,,,,,,NA2583          ,1,21,1,0
,,,,,,NA2583          ,2,30,2,0
,,,,,,NA2583          ,2,4,4,0
,,,,,,NA2583          ,3,12,3,0
,,,,,,NA2583          ,4,4,4,0
,,,,,,NA2583          ,5,35,5,0
,,,,,,NA2583          ,6,30,6,0
,,,,,,NA2583          ,8,24,8,0
,,,,,,NA2583          ,8,16,16,0
,,,,,,NA2585          ,1,18,1,0
,,,,,,NA2585          ,1,2,2,0
,,,,,,NA2585          ,2,6,2,0
,,,,,,NA2585          ,3,9,3,0
,,,,,,NA2585          ,5,5,5,0
,,,,,,NA2585          ,6,6,6,0
,,,,,,NA2585          ,9,9,9,0
,,,,,,NA2587          ,1,2,1,0
,,,,,,NA2592         ,2,4,2,0
,,,,,,NA2592          ,1,2,1,0
,,,,,,NA2592          ,3,3,3,0
,,,,,,NA2592          ,4,4,4,0
,,,,,,NA2592          ,5,5,5,0
,,,,,,NA2596          ,2,2,2,0
,,,,,,NA2598          ,1,3,1,0
,,,,,,NA2599          ,2,8,2,0
,,,,,,NA2615          ,1,10,1,0
,,,,,,NA2615          ,2,14,2,0
,,,,,,NA2615          ,3,27,3,0
,,,,,,NA2615          ,4,20,4,0
,,,,,,NA2615          ,5,85,5,0
,,,,,,NA2615          ,5,5,6,0
,,,,,,NA2615          ,5,10,10,0
,,,,,,NA2615          ,6,72,6,0
,,,,,,NA2615          ,8,8,8,0
,,,,,,NA2615          ,9,9,9,0
,,,,,,NA2615          ,10,40,10,0
,,,,,,NA2615          ,10,20,20,0
,,,,,,NA2615          ,12,12,12,0
,,,,,,NA2615          ,15,60,15,0
,,,,,,NA2615          ,18,18,18,0
,,,,,,NA2615          ,20,60,20,0
,,,,,,NA2615          ,21,21,21,0
,,,,,,NA2615          ,25,25,25,0
,,,,,,NA2615          ,30,30,30,0
,,,,,,NA2617          ,1,3,1,0
,,,,,,NA2617          ,2,40,2,0
,,,,,,NA2617          ,3,21,3,0
,,,,,,NA2617          ,3,6,6,0
,,,,,,NA2617          ,4,12,4,0
,,,,,,NA2617          ,5,25,5,0
,,,,,,NA2617          ,6,36,6,0
,,,,,,NA2617          ,8,8,8,0
,,,,,,NA2617          ,9,27,9,0
,,,,,,NA2617          ,10,20,10,0
,,,,,,NA2617          ,11,22,11,0
,,,,,,NA2617          ,12,24,12,0
,,,,,,NA2617          ,13,26,13,0
,,,,,,NA2617          ,13,26,26,0
,,,,,,NA2617          ,15,30,15,0
,,,,,,NA2617          ,22,44,44,0
,,,,,,NA2618          ,1,1,1,0
,,,,,,NA2619          ,1,24,1,0
,,,,,,NA2619          ,2,2,2,0
,,,,,,NA2619          ,5,5,5,0
,,,,,,NA2620          ,1,51,1,0
,,,,,,NA2620          ,2,10,2,0
,,,,,,NA2620          ,3,3,3,0
,,,,,,NA2620          ,5,15,5,0
,,,,,,NA2621          ,1,17,1,0
,,,,,,NA2621          ,2,4,2,0
,,,,,,NA2621          ,5,5,5,0
,,,,,,NA2624         ,2,8,2,0
,,,,,,NA2624          ,1,3,1,0
,,,,,,NA2624          ,3,3,3,0
,,,,,,NA2624          ,5,5,5,0
,,,,,,NA2628          ,2,6,2,0
,,,,,,NA2629          ,1,1,1,0
,,,,,,NA2630         ,2,2,4,0
,,,,,,NA2630          ,2,14,2,0
,,,,,,NA2630          ,4,16,4,0
,,,,,,NA2630          ,10,20,10,0
,,,,,,NA2633          ,2,2,2,0
,,,,,,NA2637          ,1,1,1,0
,,,,,,NA2637          ,2,18,2,0
,,,,,,NA2637          ,6,6,6,0
,,,,,,NA2637          ,8,16,8,0
,,,,,,NA2637          ,16,16,16,0
,,,,,,NA2642         ,1,1,1,0
,,,,,,NA2647          ,1,1,1,0
,,,,,,NA2650          ,2,2,1,1
,,,,,,NA2650          ,2,28,2,0
,,,,,,NA2651          ,2,10,2,0
,,,,,,NA2652          ,2,24,2,0
,,,,,,NA2652          ,3,12,3,0
,,,,,,NA2652          ,4,4,4,0
,,,,,,NA2652          ,6,6,6,0
,,,,,,NA2652          ,8,8,8,0
,,,,,,NA2652          ,10,10,10,0
,,,,,,NA2653          ,1,3,1,0
,,,,,,NA2653          ,2,2,2,0
,,,,,,NA2654          ,1,1,1,0
,,,,,,NA2655         ,4,8,4,0
,,,,,,NA2655          ,1,2,1,0
,,,,,,NA2655          ,2,6,2,0
,,,,,,NA2659         ,1,15,1,0
,,,,,,NA2659          ,2,10,2,0
,,,,,,NA2659          ,4,4,4,0
,,,,,,NA2660          ,1,2,1,0
,,,,,,NA2660          ,3,3,3,0
,,,,,,NA2668         ,2,2,2,0
,,,,,,NA2668          ,1,7,1,0
,,,,,,NA2669          ,1,2,1,0
,,,,,,NA2680          ,4,4,4,0
,,,,,,NA2700         ,6,438,6,0
,,,,,,NA2700          ,6,12,1,5
,,,,,,NA2700          ,30,30,30,0
,,,,,,NA2700          ,60,60,60,0
,,,,,,NA2700          ,126,126,126,0
,,,,,,NA2705          ,1,4,1,0
,,,,,,NA2706          ,1,3,1,0
,,,,,,NA2707          ,1,4,1,0
,,,,,,NA2708          ,1,3,1,0
,,,,,,NA2715          ,1,5,1,0
,,,,,,NA2715          ,6,6,6,0
,,,,,,NA2715          ,8,8,8,0
,,,,,,NA2715          ,10,10,10,0
,,,,,,NA2727          ,2,24,2,0
,,,,,,NA2729          ,2,8,2,0
,,,,,,NA2730          ,1,1,1,0
,,,,,,NA2731          ,1,2,1,0
,,,,,,NA2731          ,1,2,2,0
,,,,,,NA2731          ,2,10,2,0
,,,,,,NA2731          ,3,12,3,0
,,,,,,NA2733          ,2,8,2,0
,,,,,,NA2745          ,8,24,8,0
,,,,,,NA2746          ,1,4,1,0
,,,,,,NA2747          ,1,1,1,0
,,,,,,NA2748          ,1,1,1,0
,,,,,,NA2748          ,2,2,2,0
,,,,,,NA2748          ,5,5,5,0
,,,,,,NA2758         ,2,2,2,0
,,,,,,NA2794          ,2,2,10,0
,,,,,,NA2799          ,1,6,1,0
,,,,,,NA2800         ,1,5,1,0
,,,,,,NA2805         ,1,1,1,0
,,,,,,NA2810          ,1,1,1,0
,,,,,,NA2812          ,2,2,2,0
,,,,,,NA2813          ,3,3,3,0
,,,,,,NA2816         ,1,1,1,0
,,,,,,NA2818          ,1,11,1,0
,,,,,,NA2819          ,1,1,1,0
,,,,,,NA2820          ,1,1,1,0
,,,,,,NA2824          ,1,12,1,0
,,,,,,NA2829          ,2,2,2,0
,,,,,,NA2836         ,1,1,1,0
,,,,,,NA2839          ,1,1,1,0
,,,,,,NA2840          ,1,4,1,0
,,,,,,NA2841          ,1,2,1,0
,,,,,,NA2846          ,1,1,1,0
,,,,,,NA2848          ,1,2,1,0
,,,,,,NA2850          ,1,12,1,0
,,,,,,NA2853          ,1,1,1,0
,,,,,,NA2854          ,1,1,1,0
,,,,,,NA2855          ,1,1,1,0
,,,,,,NA2866         ,1,1,1,0
,,,,,,NA2873          ,1,2,1,0
,,,,,,NA2885         ,1,1,1,0
,,,,,,NA2897          ,1,3,1,0
,,,,,,NA2897          ,1,2,2,0
,,,,,,NA2899          ,1,3,1,0
,,,,,,NA2912          ,3,3,3,0
,,,,,,NA2914          ,1,2,1,0
,,,,,,NA2914          ,2,4,4,0
,,,,,,NA2914          ,3,3,3,0
,,,,,,NA2915          ,6,6,6,0
,,,,,,NA2916         ,4,8,4,0
,,,,,,NA2916          ,1,5,1,0
,,,,,,NA2917          ,1,2,1,0
,,,,,,NA2918          ,1,2,1,0
,,,,,,NA2919         ,1,1,1,0
,,,,,,NA2919         ,4,8,4,0
,,,,,,NA2920         ,1,4,1,0
,,,,,,NA2925          ,1,5,1,0
,,,,,,NA2925          ,1,2,2,0
,,,,,,NA2925          ,2,14,2,0
,,,,,,NA2925          ,3,12,3,0
,,,,,,NA2927          ,2,24,2,0
,,,,,,NA2929          ,4,16,4,0
,,,,,,NA2942          ,1,2,1,0
,,,,,,NA2943         ,1,2,1,0
,,,,,,NA2950          ,1,3,1,0
,,,,,,NA2952         ,4,8,4,0
,,,,,,NA2967         ,1,3,1,0
,,,,,,NA2968          ,2,42,2,0
,,,,,,NA2968          ,4,16,4,0
,,,,,,NA2968          ,6,18,6,0
,,,,,,NA2968          ,8,8,8,0
,,,,,,NA2968          ,10,10,10,0
,,,,,,NA2968          ,12,24,12,0
,,,,,,NA2968          ,20,20,20,0
,,,,,,NA2968          ,24,24,24,0
,,,,,,NA2978         ,1,1,1,0
,,,,,,NA2980          ,4,4,4,0
,,,,,,NA2989          ,1,5,1,0
,,,,,,NA2989          ,2,2,2,0
,,,,,,NA2989          ,5,5,5,0
,,,,,,NA2989          ,10,10,10,0
,,,,,,NA2989          ,15,15,15,0
,,,,,,NA2992          ,3,9,3,0
,,,,,,NA2992          ,3,6,6,0
,,,,,,NA2992          ,6,6,6,0
,,,,,,NA2995          ,1,3,1,0
,,,,,,NA3004         ,1,12,1,0
,,,,,,NA3005         ,1,10,1,0
,,,,,,NA3006         ,1,8,1,0
,,,,,,NA3007         ,2,2,2,0
,,,,,,NA3007          ,1,7,1,0
,,,,,,NA3008         ,1,1,2,0
,,,,,,NA3008         ,1,1,3,0
,,,,,,NA3008         ,2,16,2,0
,,,,,,NA3008          ,1,28,1,0
,,,,,,NA3009          ,1,6,1,0
,,,,,,NA3021          ,1,1,1,0
,,,,,,NA3024          ,1,6,1,0
,,,,,,NA3027         ,1,4,1,0
,,,,,,NA3027         ,3,6,3,0
,,,,,,NA3027          ,2,2,2,0
,,,,,,NA3028          ,1,1,1,0
,,,,,,NA3029         ,1,2,1,0
,,,,,,NA3029         ,2,2,2,0
,,,,,,NA3030          ,1,4,1,0
,,,,,,NA3032          ,1,4,1,0
,,,,,,NA3032          ,2,2,2,0
,,,,,,NA3033         ,1,1,2,0
,,,,,,NA3033         ,2,4,2,0
,,,,,,NA3033          ,1,17,1,0
,,,,,,NA3034          ,1,1,1,0
,,,,,,NA3035          ,1,1,1,0
,,,,,,NA3038          ,1,5,1,0
,,,,,,NA3039          ,1,3,1,0
,,,,,,NA3043          ,2,2,2,0
,,,,,,NA3054          ,1,21,1,0
,,,,,,NA3054          ,2,2,2,0
,,,,,,NA3054          ,5,25,5,0
,,,,,,NA3055          ,1,36,1,0
,,,,,,NA3055          ,2,4,2,0
,,,,,,NA3055          ,4,4,4,0
,,,,,,NA3055          ,5,30,5,0
,,,,,,NA3061          ,1,1,1,0
,,,,,,NA3063         ,1,4,1,0
,,,,,,NA3068         ,1,1,1,0
,,,,,,NA3069          ,1,4,1,0
,,,,,,NA3072          ,1,3,1,0
,,,,,,NA3077          ,2,2,2,0
,,,,,,NA3078          ,2,2,2,0
,,,,,,NA3079          ,2,2,2,0
,,,,,,NA3080          ,2,2,2,0
,,,,,,NA3081          ,1,1,1,0
,,,,,,NA3082          ,4,4,4,0
,,,,,,NA3087          ,1,5,1,0
,,,,,,NA3087          ,2,2,2,0
,,,,,,NA3087          ,4,16,4,0
,,,,,,NA3087          ,8,8,8,0
,,,,,,NA3087          ,10,20,10,0
,,,,,,NA3097          ,1,7,1,0
,,,,,,NA3097          ,2,2,2,0
,,,,,,NA3098         ,1,3,1,0
,,,,,,NA3098          ,2,2,2,0
,,,,,,NA3100          ,1,1,1,0
,,,,,,NA3101          ,1,1,1,0
,,,,,,NA3102         ,2,2,2,0
,,,,,,NA3103          ,2,2,2,0
,,,,,,NA3104         ,1,26,1,0
,,,,,,NA3104          ,2,18,2,0
,,,,,,NA3104          ,3,54,3,0
,,,,,,NA3104          ,4,4,4,0
,,,,,,NA3104          ,5,10,5,0
,,,,,,NA3104          ,20,20,20,0
,,,,,,NA3104          ,30,30,30,0
,,,,,,NA3105          ,1,28,1,0
,,,,,,NA3105          ,2,28,2,0
,,,,,,NA3105          ,3,39,3,0
,,,,,,NA3105          ,4,64,4,0
,,,,,,NA3105          ,5,10,5,0
,,,,,,NA3106         ,3,6,3,0
,,,,,,NA3106          ,1,9,1,0
,,,,,,NA3106          ,2,22,2,0
,,,,,,NA3106          ,5,10,5,0
,,,,,,NA3107         ,5,20,5,0
,,,,,,NA3107          ,1,51,1,0
,,,,,,NA3107          ,1,2,2,0
,,,,,,NA3107          ,2,12,2,0
,,,,,,NA3107          ,3,21,3,0
,,,,,,NA3107          ,4,16,4,0
,,,,,,NA3107          ,8,16,8,0
,,,,,,NA3107          ,9,9,9,0
,,,,,,NA3108          ,1,57,1,0
,,,,,,NA3108          ,2,16,2,0
,,,,,,NA3108          ,3,30,3,0
,,,,,,NA3108          ,6,6,6,0
,,,,,,NA3108          ,14,140,14,0
,,,,,,NA3108          ,17,34,17,0
,,,,,,NA3109          ,1,23,1,0
,,,,,,NA3109          ,8,8,8,0
,,,,,,NA3112          ,1,4,1,0
,,,,,,NA3115          ,1,1,1,0
,,,,,,NA3116          ,1,1,1,0
,,,,,,NA3121          ,1,1,1,0
,,,,,,NA3124          ,1,8,1,0
,,,,,,NA3125          ,1,1,1,0
,,,,,,NA3127         ,1,5,1,0
,,,,,,NA3128          ,1,10,1,0
,,,,,,NA3128          ,2,4,2,0
,,,,,,NA3128          ,5,15,5,0
,,,,,,NA3128          ,6,6,6,0
,,,,,,NA3129          ,1,4,1,0
,,,,,,NA3131          ,1,1,1,0
,,,,,,NA3132          ,1,1,1,0
,,,,,,NA3134          ,1,2,1,0
,,,,,,NA3140          ,1,23,1,0
,,,,,,NA3141          ,1,30,1,0
,,,,,,NA3141          ,2,6,2,0
,,,,,,NA3144          ,1,17,1,0
,,,,,,NA3144          ,2,8,2,0
,,,,,,NA3144          ,3,3,3,0
,,,,,,NA3144          ,4,4,4,0
,,,,,,NA3144          ,5,5,5,0
,,,,,,NA3144          ,6,6,6,0
,,,,,,NA3145          ,1,16,1,0
,,,,,,NA3145          ,1,2,2,0
,,,,,,NA3145          ,2,4,2,0
,,,,,,NA3145          ,3,6,3,0
,,,,,,NA3145          ,5,15,5,0
,,,,,,NA3146          ,1,11,1,0
,,,,,,NA3146          ,2,4,2,0
,,,,,,NA3146          ,5,15,5,0
,,,,,,NA3146          ,6,6,6,0
,,,,,,NA3147          ,1,1,1,0
,,,,,,NA3147          ,2,8,2,0
,,,,,,NA3147          ,4,16,4,0
,,,,,,NA3147          ,5,5,5,0
,,,,,,NA3147          ,6,6,6,0
,,,,,,NA3147          ,8,8,8,0
,,,,,,NA3147          ,10,10,10,0
,,,,,,NA3147          ,20,20,20,0
,,,,,,NA3149          ,1,12,1,0
,,,,,,NA3149          ,2,4,2,0
,,,,,,NA3149          ,5,15,5,0
,,,,,,NA3149          ,6,6,6,0
,,,,,,NA3156          ,1,3,1,0
,,,,,,NA3156          ,3,3,3,0
,,,,,,NA3156          ,9,9,9,0
,,,,,,NA3157         ,2,4,2,0
,,,,,,NA3159         ,1,2,1,0
,,,,,,NA3162          ,1,8,1,0
,,,,,,NA3162          ,3,3,3,0
,,,,,,NA3162          ,7,7,7,0
,,,,,,NA3162          ,8,8,8,0
,,,,,,NA3163         ,1,9,1,0
,,,,,,NA3166          ,1,1,1,0
,,,,,,NA3167          ,1,7,1,0
,,,,,,NA3167          ,3,3,3,0
,,,,,,NA3167          ,7,7,7,0
,,,,,,NA3167          ,8,8,8,0
,,,,,,NA3168          ,1,1,1,0
,,,,,,NA3174          ,1,5,1,0
,,,,,,NA3178          ,1,3,1,0
,,,,,,NA3180          ,1,1,1,0
,,,,,,NA3181          ,1,1,1,0
,,,,,,NA3181          ,2,2,2,0
,,,,,,NA3181          ,3,9,3,0
,,,,,,NA3181          ,12,24,12,0
,,,,,,NA3181          ,15,30,15,0
,,,,,,NA3182          ,3,9,3,0
,,,,,,NA3182          ,4,4,4,0
,,,,,,NA3182          ,12,24,12,0
,,,,,,NA3182          ,15,30,15,0
,,,,,,NA3185          ,1,77,1,0
,,,,,,NA3185          ,2,8,2,0
,,,,,,NA3194          ,1,1,1,0
,,,,,,NA3194          ,10,10,10,0
,,,,,,NA3195          ,1,1,1,0
,,,,,,NA3196          ,1,1,1,0
,,,,,,NA3201          ,1,4,1,0
,,,,,,NA3202          ,1,2,1,0
,,,,,,NA3203          ,1,2,1,0
,,,,,,NA3204          ,1,1,1,0
,,,,,,NA3205          ,1,4,1,0
,,,,,,NA3213         ,1,10,1,0
,,,,,,NA3221         ,1,1,1,0
,,,,,,NA3228          ,1,28,1,0
,,,,,,NA3230         ,1,1,1,0
,,,,,,NA3233          ,1,4,1,0
,,,,,,NA3233          ,8,8,8,0
,,,,,,NA3234          ,1,1,1,0
,,,,,,NA3242          ,1,1,1,0
,,,,,,NA3243          ,10,10,10,0
,,,,,,NA3246         ,1,1,1,0
,,,,,,NA3246          ,2,2,2,0
,,,,,,NA3247          ,1,7,1,0
,,,,,,NA3247          ,2,2,2,0
,,,,,,NA3250          ,1,4,1,0
,,,,,,NA3252          ,1,2,1,0
,,,,,,NA3254          ,1,2,1,0
,,,,,,NA3255          ,1,3,1,0
,,,,,,NA3256          ,1,9,1,0
,,,,,,NA3257          ,1,22,1,0
,,,,,,NA3257          ,2,6,2,0
,,,,,,NA3257          ,3,9,3,0
,,,,,,NA3257          ,4,12,4,0
,,,,,,NA3257          ,5,5,5,0
,,,,,,NA3257          ,6,12,6,0
,,,,,,NA3257          ,10,10,10,0
,,,,,,NA3257          ,12,12,12,0
,,,,,,NA3259         ,1,15,1,0
,,,,,,NA3259          ,2,2,2,0
,,,,,,NA3259          ,3,3,3,0
,,,,,,NA3261          ,1,20,1,0
,,,,,,NA3261          ,7,7,7,0
,,,,,,NA3262          ,1,53,1,0
,,,,,,NA3262          ,2,24,2,0
,,,,,,NA3262          ,3,3,3,0
,,,,,,NA3262          ,4,16,4,0
,,,,,,NA3264         ,1,1,1,0
,,,,,,NA3267          ,1,1,1,0
,,,,,,NA3268          ,2,2,2,0
,,,,,,NA3271          ,1,1,1,0
,,,,,,NA3272          ,1,14,1,0
,,,,,,NA3287          ,2,4,2,0
,,,,,,NA3288          ,1,2,1,0
,,,,,,NA3290          ,1,4,1,0
,,,,,,NA3291          ,1,1,1,0
,,,,,,NA3291          ,2,30,2,0
,,,,,,NA3291          ,2,4,4,0
,,,,,,NA3291          ,3,9,3,0
,,,,,,NA3291          ,4,4,4,0
,,,,,,NA3291          ,5,10,5,0
,,,,,,NA3291          ,8,8,8,0
,,,,,,NA3291          ,9,9,9,0
,,,,,,NA3291          ,10,10,10,0
,,,,,,NA3291          ,15,45,15,0
,,,,,,NA3291          ,20,60,20,0
,,,,,,NA3291          ,30,30,30,0
,,,,,,NA3293          ,1,1,1,0
,,,,,,NA3296          ,1,8,1,0
,,,,,,NA3296          ,2,2,2,0
,,,,,,NA3297          ,1,10,1,0
,,,,,,NA3298          ,1,10,1,0
,,,,,,NA3306          ,1,2,1,0
,,,,,,NA3307          ,2,12,2,0
,,,,,,NA3307          ,4,4,4,0
,,,,,,NA3308          ,5,30,5,0
,,,,,,NA3308          ,10,10,10,0
,,,,,,NA3309          ,1,6,1,0
,,,,,,NA3309          ,2,2,2,0
,,,,,,NA3310          ,1,6,1,0
,,,,,,NA3310          ,2,2,2,0
,,,,,,NA3311          ,2,12,2,0
,,,,,,NA3311          ,4,4,4,0
,,,,,,NA3312          ,2,12,2,0
,,,,,,NA3312          ,4,4,4,0
,,,,,,NA3322          ,1,5,1,0
,,,,,,NA3323          ,2,12,2,0
,,,,,,NA3323          ,4,8,4,0
,,,,,,NA3326          ,1,4,1,0
,,,,,,NA3329          ,1,11,1,0
,,,,,,NA3329          ,2,2,2,0
,,,,,,NA3330          ,1,7,1,0
,,,,,,NA3330          ,2,2,2,0
,,,,,,NA3331          ,2,8,2,0
,,,,,,NA3332          ,3,30,3,0
,,,,,,NA3332          ,6,6,6,0
,,,,,,NA3333          ,1,3,1,0
,,,,,,NA3334          ,2,28,2,0
,,,,,,NA3335          ,1,1,1,0
,,,,,,NA3335          ,2,2,2,0
,,,,,,NA3336          ,1,9,1,0
,,,,,,NA3336          ,2,2,2,0
,,,,,,NA3341          ,1,13,1,0
,,,,,,NA3341          ,1,2,2,0
,,,,,,NA3341          ,2,8,2,0
,,,,,,NA3341          ,3,15,3,0
,,,,,,NA3341          ,4,8,4,0
,,,,,,NA3341          ,5,10,5,0
,,,,,,NA3348          ,1,13,1,0
,,,,,,NA3348          ,2,2,2,0
,,,,,,NA3351          ,1,9,1,0
,,,,,,NA3351          ,2,2,2,0
,,,,,,NA3357          ,1,2,1,0
,,,,,,NA3358          ,1,2,1,0
,,,,,,NA3360          ,1,1,1,0
,,,,,,NA3393          ,1,2,1,0
,,,,,,NA3394          ,1,7,1,0
,,,,,,NA3394          ,1,2,2,0
,,,,,,NA3394          ,2,12,2,0
,,,,,,NA3394          ,4,-2,2,4
,,,,,,NA3394          ,6,12,6,0
,,,,,,NA3395          ,1,2,1,0
,,,,,,NA3396          ,2,6,2,0
,,,,,,NA3397          ,1,14,1,0
,,,,,,NA3397          ,1,2,2,0
,,,,,,NA3397          ,2,4,4,0
,,,,,,NA3397          ,3,3,3,0
,,,,,,NA3397          ,4,4,4,0
,,,,,,NA3397          ,5,10,5,0
,,,,,,NA3398          ,1,1,1,0
,,,,,,NA3402          ,1,3,1,0
,,,,,,NA3405          ,1,26,1,0
,,,,,,NA3405          ,2,8,2,0
,,,,,,NA3409          ,1,10,1,0
,,,,,,NA3409          ,2,10,2,0
,,,,,,NA3409          ,3,9,3,0
,,,,,,NA3409          ,5,5,5,0
,,,,,,NA3410          ,1,4,1,0
,,,,,,NA3410          ,2,2,2,0
,,,,,,NA3410          ,3,30,3,0
,,,,,,NA3410          ,6,6,6,0
,,,,,,NA3412          ,2,40,2,0
,,,,,,NA3412          ,3,12,3,0
,,,,,,NA3412          ,4,4,4,0
,,,,,,NA3412          ,6,6,6,0
,,,,,,NA3412          ,8,16,8,0
,,,,,,NA3412          ,10,10,10,0
,,,,,,NA3413          ,2,30,2,0
,,,,,,NA3413          ,3,12,3,0
,,,,,,NA3413          ,4,4,4,0
,,,,,,NA3413          ,6,6,6,0
,,,,,,NA3413          ,8,16,8,0
,,,,,,NA3413          ,10,10,10,0
,,,,,,NA3428          ,1,1,1,0
,,,,,,NA3432          ,4,40,4,0
,,,,,,NA3432          ,8,8,8,0
,,,,,,NA3435          ,1,5,1,0
,,,,,,NA3438          ,1,1,1,0
,,,,,,NA3438          ,2,2,2,0
,,,,,,NA3439          ,1,8,1,0
,,,,,,NA3440          ,1,3,1,0
,,,,,,NA3440          ,2,4,2,0
,,,,,,NA3440          ,3,3,3,0
,,,,,,NA3441          ,1,14,1,0
,,,,,,NA3441          ,2,6,2,0
,,,,,,NA3441          ,5,5,5,0
,,,,,,NA3442          ,1,1,1,0
,,,,,,NA3444          ,1,11,1,0
,,,,,,NA3444          ,5,5,5,0
,,,,,,NA3446          ,1,2,1,0
,,,,,,NA3447          ,1,2,1,0
,,,,,,NA3452          ,1,38,1,0
,,,,,,NA3457          ,1,10,1,0
,,,,,,NA3460          ,3,3,3,0
,,,,,,NA3461          ,1,3,1,0
,,,,,,NA3462          ,1,4,1,0
,,,,,,NA3462          ,2,24,2,0
,,,,,,NA3462          ,4,4,4,0
,,,,,,NA3465          ,1,1,1,0
,,,,,,NA3466          ,7.5,15,7.5,0
,,,,,,NA3466          ,17,34,17,0
,,,,,,NA3467          ,2,20,2,0
,,,,,,NA3467          ,4,4,4,0
,,,,,,NA3481          ,2,10,2,0
,,,,,,NA3492          ,1,3,1,0
,,,,,,NA3495          ,1,6,1,0
,,,,,,NA3496          ,1,6,1,0
,,,,,,NA3497          ,1,2,1,0
,,,,,,NA3497          ,2,10,2,0
,,,,,,NA3501          ,1,1,1,0
,,,,,,NA3505          ,1,1,1,0
,,,,,,NA3506          ,1,4,1,0
,,,,,,NA3507          ,1,4,1,0
,,,,,,NA3509          ,1,4,1,0
,,,,,,NA3519          ,1,1,1,0
,,,,,,NA3523          ,1,17,1,0
,,,,,,NA3524          ,1,8,1,0
,,,,,,NA3525          ,1,9,1,0
,,,,,,NA3526          ,2,12,2,0
,,,,,,NA3526          ,4,4,4,0
,,,,,,NA3527          ,2,12,2,0
,,,,,,NA3527          ,4,4,4,0
,,,,,,NA3528          ,1,1,1,0
,,,,,,NA3535          ,1,2,1,0
,,,,,,NA3536          ,1,7,1,0
,,,,,,NA3537          ,1,1,1,0
,,,,,,NA3540          ,2.5,27.5,2.5,0
,,,,,,NA3543          ,1,4,1,0
,,,,,,NA3544          ,1,1,1,0
,,,,,,NA3545          ,1,3,1,0
,,,,,,NA3547          ,4.64,4.64,4.64,0
,,,,,,NA3548          ,0.15,0.15,0.15,0
,,,,,,NA3550          ,1,6,1,0
,,,,,,NA3550          ,2,2,2,0
,,,,,,NA3553          ,2,22,2,0
,,,,,,NA3556          ,1,1,1,0
,,,,,,NA3557          ,1,4,1,0
,,,,,,NA3560          ,1,1,1,0
,,,,,,NA3565          ,1,7,1,0
,,,,,,NA3571          ,1,4,1,0
,,,,,,NA3571          ,1,2,2,0
,,,,,,NA3572          ,1,3,1,0
,,,,,,NA3573          ,1,1,1,0
,,,,,,NA3574          ,1,1,1,0
,,,,,,NA3575          ,1,1,1,0
,,,,,,NA3578          ,1,7,1,0
,,,,,,NA3579          ,1,5,1,0
,,,,,,NA3581          ,1,2,1,0
,,,,,,NA3585          ,1,1,1,0
,,,,,,NA3586          ,1,2,1,0
,,,,,,NA3589          ,1,5,1,0
,,,,,,NA3591          ,1,6,1,0
,,,,,,NA3591          ,9,9,9,0
,,,,,,NA3598          ,2,6,2,0
,,,,,,NA3607          ,1,4,1,0
,,,,,,NA3608          ,1,2,1,0
,,,,,,NA3609          ,1,2,1,0
,,,,,,NA3612          ,1,4,1,0
,,,,,,NA3613          ,1,4,1,0
,,,,,,NA3616          ,1,1,1,0
,,,,,,NA3617          ,1,2,1,0
,,,,,,NA3620          ,1,2,1,0
,,,,,,NA3622          ,1,8,1,0
,,,,,,NA3623          ,1,6,1,0
,,,,,,NA3626          ,1,1,1,0
,,,,,,NA3633          ,2,2,2,0
,,,,,,NA3638          ,1,1,1,0
,,,,,,NA3643          ,1,1,1,0
,,,,,,NA3653          ,4,32,4,0
,,,,,,NA3653          ,12,12,12,0
,,,,,,NA3654          ,1,4,1,0
,,,,,,NA3654          ,3,3,3,0
,,,,,,NA3654          ,7,7,7,0
,,,,,,NA3654          ,8,8,8,0
,,,,,,NA3655          ,1,4,1,0
,,,,,,NA3655          ,3,3,3,0
,,,,,,NA3655          ,7,7,7,0
,,,,,,NA3655          ,8,8,8,0
,,,,,,NA3656          ,1,4,1,0
,,,,,,NA3656          ,3,3,3,0
,,,,,,NA3656          ,7,7,7,0
,,,,,,NA3656          ,8,8,8,0
,,,,,,NA3662          ,1,5,1,0
,,,,,,NA3662          ,3,3,3,0
,,,,,,NA3662          ,7,7,7,0
,,,,,,NA3662          ,8,8,8,0
,,,,,,NA3663          ,1,2,1,0
,,,,,,NA3669          ,4,4,4,0
,,,,,,NA3670          ,1,1,1,0
,,,,,,NA3676          ,1,1,1,0
,,,,,,NA3685          ,1,6,1,0
,,,,,,NA3685          ,2,2,2,0
,,,,,,NA3685          ,5,5,5,0
,,,,,,NA3685          ,20,20,20,0
,,,,,,NA3686          ,1,2,1,0
,,,,,,NA3690          ,1,1,1,0
,,,,,,NA3691          ,1,1,1,0
,,,,,,NA3692          ,1,8,1,0
,,,,,,NA3698          ,1,1,1,0
,,,,,,NA3698          ,3,3,3,0
,,,,,,NA3700          ,1,1,1,0
,,,,,,NA3700          ,3,3,3,0
,,,,,,NA3701          ,1,1,1,0
,,,,,,NA3701          ,3,3,3,0
,,,,,,NA3702          ,2,2,2,0
,,,,,,NA3702          ,6,6,6,0
,,,,,,NA3703          ,1,1,1,0
,,,,,,NA3704          ,1,1,1,0
,,,,,,NA3715          ,7.5,15,7.5,0
,,,,,,NA3715          ,9.5,19,9.5,0
,,,,,,NA3716          ,1,2,1,0
,,,,,,NA3717          ,1,8,1,0
,,,,,,NA3717          ,3,3,3,0
,,,,,,NA3717          ,7,7,7,0
,,,,,,NA3717          ,8,8,8,0
,,,,,,NA3719          ,1,1,1,0
,,,,,,NA3728          ,1,1,1,0
,,,,,,NA3729          ,1,1,1,0
,,,,,,NA3731          ,1,1,1,0
,,,,,,NA3731          ,10,10,10,0
,,,,,,NA3733          ,1,3,1,0
,,,,,,NA3734          ,1,1,1,0
,,,,,,NA3744          ,1,4,1,0
,,,,,,NA3745          ,1,2,1,0
,,,,,,NA3745          ,3,3,3,0
,,,,,,NA3752          ,2,2,2,0
,,,,,,NA3760          ,1,2,1,0
,,,,,,NA3765          ,1,6,1,0
,,,,,,NA3767          ,1,1,1,0
,,,,,,NA3768          ,1,1,1,0
,,,,,,NA3768          ,3,3,3,0
,,,,,,NA3769          ,3,3,3,0
,,,,,,NA3769          ,4,4,4,0
,,,,,,NA3770          ,1,1,1,0
,,,,,,NA3770          ,2,2,2,0
,,,,,,NA3772          ,1,53,1,0
,,,,,,NA3772          ,2,20,2,0
,,,,,,NA3772          ,3,3,3,0
,,,,,,NA3772          ,4,8,4,0
,,,,,,NA3773          ,1,58,1,0
,,,,,,NA3773          ,2,20,2,0
,,,,,,NA3773          ,3,3,3,0
,,,,,,NA3773          ,4,12,4,0
,,,,,,NA3773          ,5,5,5,0
,,,,,,NA3774          ,1,10,1,0
,,,,,,NA3774          ,1,2,2,0
,,,,,,NA3774          ,2,6,2,0
,,,,,,NA3774          ,2,4,4,0
,,,,,,NA3774          ,3,15,3,0
,,,,,,NA3774          ,4,8,4,0
,,,,,,NA3774          ,5,30,5,0
,,,,,,NA3774          ,6,6,6,0
,,,,,,NA3775          ,6,42,6,0
,,,,,,NA3776          ,12,12,12,0
,,,,,,NA3776          ,24,24,24,0
,,,,,,NA3784          ,1,10,1,0
,,,,,,NA3785          ,2,2,2,0
,,,,,,NA3795          ,1,1,1,0
,,,,,,NA3796          ,1,2,1,0
,,,,,,NA3797          ,1,1,1,0
,,,,,,NA3801          ,1,4,1,0
,,,,,,NA3802          ,2,2,2,0
,,,,,,NA3808          ,1,2,1,0
,,,,,,NA3813          ,1,2,1,0
,,,,,,NA3818          ,1,1,1,0
,,,,,,NA3819          ,1,1,1,0
,,,,,,NA3821          ,1,1,1,0
,,,,,,NA3832          ,1,1,1,0
,,,,,,NA3846          ,0.1,0.30000000000000004,0.1,0
,,,,,,NA3846          ,1,1,0.1,0
,,,,,,NA3850          ,1,3,1,0
,,,,,,NA3855          ,12,12,12,0
,,,,,,NA3868          ,0.5,3.5,0.5,0
,,,,,,NA3868          ,4.5,4.5,4.5,0
,,,,,,NA3872          ,1,1,1,0
,,,,,,NA3879          ,1,3,1,0
,,,,,,NA3880          ,1,2,1,0
,,,,,,NA3881          ,1,8,1,0
,,,,,,NA3882          ,7.5,15,7.5,0
,,,,,,NA3882          ,9.5,47.5,9.5,0
,,,,,,NA3882          ,19,19,19,0
,,,,,,NA3885          ,1,1,1,0
,,,,,,NA3885          ,2,6,2,0
,,,,,,NA3886          ,4,4,2,2
,,,,,,NA3887          ,1,1,1,0
,,,,,,NA3893          ,2,44,2,0
,,,,,,NA3894          ,2,44,2,0
,,,,,,NA3897          ,1,1,1,0
,,,,,,NA3898          ,1,1,1,0
,,,,,,NA3901          ,1,2,1,0
,,,,,,NA3903          ,1,1,1,0
,,,,,,NA3904          ,2,2,2,0
,,,,,,NA3906          ,1,1,1,0
,,,,,,NA3908          ,1,1,1,0
,,,,,,NA3908          ,2,2,2,0
,,,,,,NA3908          ,3,6,3,0
,,,,,,NA3913          ,4,8,4,0
,,,,,,NA3923          ,2,2,2,0
,,,,,,NA3925          ,1,1,1,0
,,,,,,NA3927          ,9.5,9.5,5.5,4
,,,,,,NA3927          ,9.5,28.5,9.5,0
,,,,,,NA3949          ,5,60,5,0
,,,,,,NA3956          ,1,6,1,0
,,,,,,NA3960          ,1,2,1,0
,,,,,,NA3964          ,10,10,10,0
,,,,,,NA3965          ,10,10,10,0
,,,,,,NA3966          ,1,1,1,0
,,,,,,NA3966          ,10,10,10,0
,,,,,,NA3976          ,2,2,2,0
,,,,,,NA3976          ,20,20,20,0
,,,,,,NA3979          ,2,2,2,0
,,,,,,NA3979          ,4,4,4,0
,,,,,,NA3984          ,1,2,1,0
,,,,,,NA3985          ,1,2,1,0
,,,,,,NA3988          ,1,1,1,0
,,,,,,NA3989          ,1,1,1,0
,,,,,,NA3992          ,1,9,1,0
,,,,,,NA3993          ,4,4,3,4
,,,,,,NA3997          ,1,14,1,0
,,,,,,NA3997          ,3,12,3,0
,,,,,,NA3997          ,4,8,4,0
,,,,,,NA3997          ,5,5,5,0
,,,,,,NA3997          ,6,6,6,0
,,,,,,NA3997          ,7,7,7,0
,,,,,,NA3999          ,1,2,1,0
,,,,,,NA3999          ,3,3,3,0
,,,,,,NA4006          ,3,3,3,0
,,,,,,NA4009          ,2,4,2,0
,,,,,,NA4011          ,1,2,1,0
,,,,,,NA4012          ,1,2,1,0
,,,,,,NA4013          ,1,2,1,0
,,,,,,NA4014          ,1,5,1,0
,,,,,,NA4016          ,2,2,2,0
,,,,,,NA4017          ,2,12,2,0
,,,,,,NA4018          ,1,1,1,0
,,,,,,NA4019          ,1,9,1,0
,,,,,,NA4019          ,2,2,2,0
,,,,,,NA4019          ,5,10,5,0
,,,,,,NA4023          ,1,1,1,0
,,,,,,NA4027          ,3,42,3,0
,,,,,,NA4027          ,9,36,9,0
,,,,,,NA4027          ,12,24,12,0
,,,,,,NA4027          ,15,15,15,0
,,,,,,NA4027          ,18,18,18,0
,,,,,,NA4027          ,21,21,21,0
,,,,,,NA4029          ,2,2,2,0
,,,,,,NA4109          ,1,2,1,0
,,,,,,NA4121          ,2,24,2,0
,,,,,,NA4123          ,1,1,1,0
,,,,,,NA4123          ,3.48,3.48,3.48,0
,,,,,,NA4126          ,1,2,1,0
,,,,,,NA4126          ,2,6,2,0
,,,,,,NA4126          ,3,3,3,0
,,,,,,NA4126          ,5,10,5,0
,,,,,,NA4127          ,1,20,1,0
,,,,,,NA4127          ,2,2,2,0
,,,,,,NA4127          ,3,9,3,0
,,,,,,NA4127          ,4,4,4,0
,,,,,,NA4136          ,1,3,1,0
,,,,,,NA4139          ,1,3,1,0
,,,,,,NA4154          ,5,5,5,0
,,,,,,NA4156          ,5,5,5,0
,,,,,,NA4161          ,5,5,5,0
,,,,,,NA4174          ,1,1,1,0
,,,,,,NA4215          ,1,11,1,0
,,,,,,NA4215          ,2,2,1,1
,,,,,,NA4215          ,3,9,3,0
,,,,,,NA4215          ,5,10,5,0
,,,,,,NA4217          ,1,1,1,0
,,,,,,NA4217          ,2,2,2,0
,,,,,,NA4217          ,3,3,3,0
,,,,,,NA4217          ,4,4,4,0
,,,,,,NA4225          ,1,1,1,0
,,,,,,OP117           ,1,13,1,0
,,,,,,OP130           ,1,2,1,0
,,,,,,PR0005          ,1,93,1,0
,,,,,,PR0010          ,1,1,1,0
,,,,,,PR0014          ,1,1,1,0
,,,,,,PR0015          ,1,2,1,0
,,,,,,PR0019          ,1,1,1,0
,,,,,,PR0044          ,1,1,1,0
,,,,,,PR0044          ,2,6,2,0
,,,,,,PR0045          ,1,1,1,0
,,,,,,PR0045          ,2,6,2,0
,,,,,,PR0092          ,1,2,1,0
,,,,,,PR0103          ,1,1,1,0
,,,,,,PR0119          ,1,1,1,0
,,,,,,PR0120          ,1,5,1,0
,,,,,,PR0122          ,1,1,1,0
,,,,,,PR0135          ,1,1,1,0
,,,,,,PR0135          ,2,6,2,0
,,,,,,PR0136          ,1,1,1,0
,,,,,,PR0136          ,2,6,2,0
,,,,,,PR0138          ,1,1,1,0
,,,,,,PR0145          ,2,2,2,0
,,,,,,PR0146         ,1,2,1,0
,,,,,,PR0151          ,1,1,1,0
,,,,,,PR0152          ,1,1,1,0
,,,,,,PR0174          ,1,2,1,0
,,,,,,PR0175         ,1,1,1,0
,,,,,,PR0180          ,1,1,1,0
,,,,,,PR0181          ,1,1,1,0
,,,,,,PR0209          ,1,3,1,0
,,,,,,PR0227          ,1,2,1,0
,,,,,,PR0230          ,1,1,1,0
,,,,,,PR0230          ,2,6,2,0
,,,,,,PR0241          ,1,1,1,0
,,,,,,PR0300         ,1,2,1,0
,,,,,,PR0308          ,1,7,1,0
,,,,,,PR0308          ,2,2,1,2
,,,,,,PR0308          ,4,4,4,0
,,,,,,S40001          ,1,1,1,0
,,,,,,S40002         ,1,2,1,0
,,,,,,S40003          ,2,6,2,0
,,,,,,S40004          ,1,1,1,0
,,,,,,S40005          ,1,1,1,0
,,,,,,S40007          ,4,4,4,0
,,,,,,S40008         ,1,1,1,0
,,,,,,S40010         ,1,1,1,0
,,,,,,S40017          ,1,1,1,0
,,,,,,S40021         ,1,2,1,0
,,,,,,S40024          ,1,1,1,0
,,,,,,S40030          ,1,1,1,0
,,,,,,S40031          ,1,1,1,0
,,,,,,S40032          ,1,1,1,0
,,,,,,S40033          ,1,1,1,0
,,,,,,S40036          ,1,1,1,0
,,,,,,S40061          ,1,1,1,0
,,,,,,S40068          ,2,2,2,0
,,,,,,S40071          ,1,1,1,0
,,,,,,S40073          ,1,1,1,0
,,,,,,SC102          ,1,1,1,0
,,,,,,SC102           ,2,2,2,0
,,,,,,SC151           ,1,3,1,0
,,,,,,SC152           ,1,10,1,0
,,,,,,SC155          ,1,9,1,0
,,,,,,SC155           ,2,2,2,0
,,,,,,SC171           ,1,125,1,0
,,,,,,SC171           ,3,3,3,0
,,,,,,SC171           ,5,5,5,0
,,,,,,SC171           ,7,7,7,0
,,,,,,SC173           ,1,7,1,0
,,,,,,SC174           ,1,65,1,0
,,,,,,SC174           ,2,2,2,0
,,,,,,SC175           ,1,19,1,0
,,,,,,SC401           ,1,5,1,0
,,,,,,SC401           ,2,2,2,0
,,,,,,SC402           ,1,5,1,0
,,,,,,SC402           ,2,2,2,0
,,,,,,SC403           ,1,5,1,0
,,,,,,SC403           ,2,2,2,0
,,,,,,SERV-15612U     ,50,50,50,0
,,,,,,SERV-15619      ,9,9,9,0
,,,,,,SERV-15900      ,80,80,80,0
,,,,,,SERV-BRX0001012 ,1,1,1,0
,,,,,,SERV-BRX0002002 ,1,1,1,0
,,,,,,SERV-CM106      ,4,4,4,0
,,,,,,SERV-CM145.0    ,1,2,1,0
,,,,,,SERV-CM146      ,2,2,2,0
,,,,,,SERV-CM146.0    ,1,2,1,0
,,,,,,SERV-CM146.0    ,2,2,2,0
,,,,,,SERV-CM147      ,1,1,1,0
,,,,,,SERV-CM147.0    ,1,2,1,0
,,,,,,SERV-CM171.B    ,1,1,1,0
,,,,,,SERV-CM178      ,1,1,1,0
,,,,,,SERV-CM178      ,3,3,3,0
,,,,,,SERV-CM201      ,1,1,1,0
,,,,,,SERV-CM201      ,2,2,5,0
,,,,,,SERV-CM201      ,5,5,5,0
,,,,,,SERV-CM300      ,2,2,2,0
,,,,,,SERV-CM320      ,1,1,1,0
,,,,,,SERV-CM320      ,2,2,2,0
,,,,,,SERV-CM403      ,2,2,2,0
,,,,,,SERV-CM415      ,1,9,1,0
,,,,,,SERV-CM415      ,5,5,5,0
,,,,,,SERV-CM418      ,1,18,1,0
,,,,,,SERV-CM418      ,2,6,2,0
,,,,,,SERV-CM418      ,3,6,3,0
,,,,,,SERV-CM424      ,1,10,1,0
,,,,,,SERV-CM424      ,5,85,5,0
,,,,,,SERV-CM424      ,6,-12,6,0
,,,,,,SERV-CM425      ,1,19,1,0
,,,,,,SERV-CM426      ,1,13,1,0
,,,,,,SERV-CM426      ,2,2,2,0
,,,,,,SERV-CM426      ,5,10,5,0
,,,,,,SERV-CM427      ,1,3,1,0
,,,,,,SERV-CM427      ,2,4,2,0
,,,,,,SERV-CM433      ,1,2,1,0
,,,,,,SERV-CM460      ,2,4,2,0
,,,,,,SERV-CM460      ,5,5,5,0
,,,,,,SERV-CM464      ,2,4,2,0
,,,,,,SERV-CM469      ,2,4,2,0
,,,,,,SERV-CM469      ,4,4,4,0
,,,,,,SERV-CM470      ,2,2,2,0
,,,,,,SERV-CM627      ,1,1,1,0
,,,,,,SERV-CM628      ,1,4,1,0
,,,,,,SERV-CM628      ,2,2,2,0
,,,,,,SERV-CM628      ,3,3,3,0
,,,,,,SERV-DA1291     ,1,7,1,0
,,,,,,SERV-DA1291     ,2,4,2,0
,,,,,,SERV-DA1291     ,4,4,4,0
,,,,,,SERV-DA1491     ,6,12,6,0
,,,,,,SERV-DA1491     ,12,24,12,0
,,,,,,SERV-DA1491     ,21,21,21,0
,,,,,,SERV-DA1491     ,69,69,69,0
,,,,,,SERV-DA1957     ,1,1,1,0
,,,,,,SERV-DA2838    ,1,1,1,0
,,,,,,SERV-DA3195     ,1,6,1,0
,,,,,,SERV-DA3257     ,1,1,1,0
,,,,,,SERV-DA3804     ,1,1,1,0
,,,,,,SERV-DA3804     ,6,54,6,0
,,,,,,SERV-DA3804     ,12,24,12,0
,,,,,,SERV-DA3804     ,30,30,30,0
,,,,,,SERV-DA3804     ,72,72,72,0
,,,,,,SERV-DA3804     ,249,249,249,0
,,,,,,SERV-DA3805     ,4,4,4,0
,,,,,,SERV-DA3806     ,12,12,12,0
,,,,,,SERV-DA3806     ,60,60,60,0
,,,,,,SERV-DA4621     ,1,3,1,0
,,,,,,SERV-DA5914     ,13,13,13,0
,,,,,,SERV-DA5914     ,24,24,24,0
,,,,,,SERV-DA5915     ,6,6,6,0
,,,,,,SERV-DA5916     ,5,5,5,0
,,,,,,SERV-DA6870     ,1,1,1,0
,,,,,,SERV-DA6912     ,1,2,1,0
,,,,,,SERV-DA6912     ,3,3,3,0
,,,,,,SERV-DA7174     ,1,2,1,0
,,,,,,SERV-DA7176     ,1,1,1,0
,,,,,,SERV-DA7537     ,4,12,4,0
,,,,,,SERV-DA7537     ,12,96,12,0
,,,,,,SERV-DA7537     ,241,241,241,0
,,,,,,SERV-DA7537     ,4620,4620,4620,0
,,,,,,SERV-DA7538     ,6,36,6,0
,,,,,,SERV-DA7538     ,180,180,180,0
,,,,,,SERV-DA7538     ,252,252,252,0
,,,,,,SERV-DA7539     ,6,12,6,0
,,,,,,SERV-DA7539     ,180,180,180,0
,,,,,,SERV-DA7540     ,6,36,6,0
,,,,,,SERV-DA7540     ,180,360,180,0
,,,,,,SERV-DA7541     ,2,12,2,0
,,,,,,SERV-DA7625     ,1,1,1,0
,,,,,,SERV-DA8191     ,1,1,1,0
,,,,,,SERV-DA8191     ,3,3,3,0
,,,,,,SERV-DA8335     ,1,3,1,0
,,,,,,SERV-DA8663     ,1,1,1,0
,,,,,,SERV-DA8670    ,1,1,1,0
,,,,,,SERV-DA9133     ,1,4,1,0
,,,,,,SERV-DA9133     ,2,2,2,0
,,,,,,SERV-DA9331     ,1,1,1,0
,,,,,,SERV-DA9347     ,0.5,0.5,1,0
,,,,,,SERV-DA9347     ,1,5,1,0
,,,,,,SERV-DA9348     ,1,2,1,0
,,,,,,SERV-DA9506     ,1,1,1,0
,,,,,,SERV-DA9544     ,1,1,1,0
,,,,,,SERV-DA9565     ,1,41,1,0
,,,,,,SERV-DA9565     ,18,18,18,0
,,,,,,SERV-DA9566     ,1,21,1,0
,,,,,,SERV-DA9567     ,1,20,1,0
,,,,,,SERV-DA9568     ,1,12,1,0
,,,,,,SERV-DA9985     ,1,3,1,0
,,,,,,SERV-DA9985     ,2,2,2,0
,,,,,,SERV-DB0044     ,1,2,1,0
,,,,,,SERV-DB0055     ,1,2,1,0
,,,,,,SERV-DB0078     ,1,4,1,0
,,,,,,SERV-DB0190     ,1,5,1,0
,,,,,,SERV-DB0190     ,2,4,2,0
,,,,,,SERV-DB0418     ,1,3,1,0
,,,,,,SERV-DB0426     ,1,2,1,0
,,,,,,SERV-DB0804     ,1,24,1,0
,,,,,,SERV-DB0804     ,4,4,4,0
,,,,,,SERV-DB0804     ,5,10,5,0
,,,,,,SERV-DB0859     ,1,13,1,0
,,,,,,SERV-DB0859     ,2,2,2,0
,,,,,,SERV-DB0874     ,1,13,1,0
,,,,,,SERV-DB0874     ,2,2,2,0
,,,,,,SERV-DB0955     ,6,6,6,0
,,,,,,SERV-DB0956     ,6,6,6,0
,,,,,,SERV-DB0957     ,6,6,6,0
,,,,,,SERV-DB0958     ,2,2,2,0
,,,,,,SERV-DB1440     ,1,7,1,0
,,,,,,SERV-DB1440     ,2,2,2,0
,,,,,,SERV-DB1440     ,3,3,3,0
,,,,,,SERV-DB1440     ,4,4,4,0
,,,,,,SERV-DB1560     ,2,4,2,0
,,,,,,SERV-DB1560     ,3,12,3,0
,,,,,,SERV-DB1560     ,4,4,4,0
,,,,,,SERV-DB1560     ,5,25,5,0
,,,,,,SERV-DB1564     ,1,13,1,0
,,,,,,SERV-DB1564     ,2,14,2,0
,,,,,,SERV-DB1564     ,3,18,3,0
,,,,,,SERV-DB1564     ,5,10,5,0
,,,,,,SERV-DB1565     ,1,3,1,0
,,,,,,SERV-DB1574     ,1,5,1,0
,,,,,,SERV-DB1574     ,2,2,2,0
,,,,,,SERV-DB1574     ,3,3,3,0
,,,,,,SERV-DB1575     ,1,10,1,0
,,,,,,SERV-DB1576     ,1,2,1,0
,,,,,,SERV-DB1576     ,2,4,2,0
,,,,,,SERV-DB1576     ,3,9,3,0
,,,,,,SERV-DB1576     ,4,4,4,0
,,,,,,SERV-DB1579     ,1,9,1,0
,,,,,,SERV-DB1579     ,2,8,2,0
,,,,,,SERV-DB1579     ,4,4,4,0
,,,,,,SERV-DB1580     ,1,9,1,0
,,,,,,SERV-DB1622     ,1,6,1,0
,,,,,,SERV-DB1622     ,2,4,2,0
,,,,,,SERV-DB1622     ,3,3,3,0
,,,,,,SERV-DB1622     ,5,5,5,0
,,,,,,SERV-DB1629     ,1,1,1,0
,,,,,,SERV-DB1629     ,2,8,2,0
,,,,,,SERV-DB1643     ,1,4,1,0
,,,,,,SERV-DB1643     ,2,2,2,0
,,,,,,SERV-DB1644     ,3,3,3,0
,,,,,,SERV-DB1802     ,1,6,1,0
,,,,,,SERV-DB1802     ,2,2,2,0
,,,,,,SERV-DB1828     ,1,6,1,0
,,,,,,SERV-DB1836     ,1,2,1,0
,,,,,,SERV-DB1836     ,2,2,2,0
,,,,,,SERV-DB1984     ,1,3,1,0
,,,,,,SERV-DB1985     ,1,3,1,0
,,,,,,SERV-DB1986     ,1,2,1,0
,,,,,,SERV-DB2009     ,1,4,1,0
,,,,,,SERV-DB2044     ,1,6,1,0
,,,,,,SERV-DB2059     ,1,1,1,0
,,,,,,SERV-DB2090     ,1,10,1,0
,,,,,,SERV-DB2090     ,2,6,2,0
,,,,,,SERV-DB2091     ,1,9,1,0
,,,,,,SERV-DB2091     ,3,6,3,0
,,,,,,SERV-DB2091     ,4,8,4,0
,,,,,,SERV-DB2091     ,5,10,5,0
,,,,,,SERV-DB2092     ,1,3,1,0
,,,,,,SERV-DB2093     ,1,5,1,0
,,,,,,SERV-DB2094     ,1,2,1,0
,,,,,,SERV-DB2094     ,2,2,2,0
,,,,,,SERV-DB2095     ,1,3,1,0
,,,,,,SERV-DB2103     ,1,1,1,0
,,,,,,SERV-DB2157     ,1,3,1,0
,,,,,,SERV-DB2194     ,1,6,1,0
,,,,,,SERV-DB2270     ,1,4,1,0
,,,,,,SERV-DB2270     ,2,2,2,0
,,,,,,SERV-DB2270     ,3,6,3,0
,,,,,,SERV-DB2270     ,4,4,4,0
,,,,,,SERV-DB2270     ,5,15,5,0
,,,,,,SERV-DB2273     ,1,4,1,0
,,,,,,SERV-DB2273     ,2,4,2,0
,,,,,,SERV-DB2412     ,2,2,2,0
,,,,,,SERV-DB2412     ,5,5,5,0
,,,,,,SERV-DB2469     ,1,3,1,0
,,,,,,SERV-DB2606     ,1,1,1,0
,,,,,,SERV-DB2607     ,1,2,1,0
,,,,,,SERV-DB2690     ,14,14,14,0
,,,,,,SERV-DB3043     ,1,27,1,0
,,,,,,SERV-DB3043     ,2,6,2,0
,,,,,,SERV-DB3043     ,3,3,3,0
,,,,,,SERV-DB3043     ,4,16,4,0
,,,,,,SERV-DB3043     ,5,45,5,0
,,,,,,SERV-DB3043     ,6,6,6,0
,,,,,,SERV-DB3052     ,1,22,1,0
,,,,,,SERV-DB3052     ,2,2,2,0
,,,,,,SERV-DB3052     ,3,9,3,0
,,,,,,SERV-DB3052     ,4,12,4,0
,,,,,,SERV-DB3052     ,5,10,5,0
,,,,,,SERV-DB3052     ,6,6,6,0
,,,,,,SERV-DB3079     ,1,5,1,0
,,,,,,SERV-DB3090     ,1,2,1,0
,,,,,,SERV-DB3175     ,2,2,2,0
,,,,,,SERV-DB3175     ,4,4,4,0
,,,,,,SERV-DB3175     ,5,15,5,0
,,,,,,SERV-DB3298     ,1,1,1,0
,,,,,,SERV-DB3311     ,1,4,1,0
,,,,,,SERV-DB3311     ,2,-6,2,0
,,,,,,SERV-DB3311     ,3,-3,3,0
,,,,,,SERV-DB3420     ,1,3,1,0
,,,,,,SERV-DB3434     ,1,5,1,0
,,,,,,SERV-DB3434     ,2,4,2,0
,,,,,,SERV-DB3434     ,3,3,3,0
,,,,,,SERV-DB3434     ,4,8,4,0
,,,,,,SERV-DB3500     ,1,1,1,0
,,,,,,SERV-DB3525     ,1,3,1,0
,,,,,,SERV-DB3527     ,1,1,1,0
,,,,,,SERV-DB3529     ,1,2,1,0
,,,,,,SERV-DB3732     ,1,1,1,0
,,,,,,SERV-DB3741     ,1,2,1,0
,,,,,,SERV-DB3741     ,2,2,2,0
,,,,,,SERV-DB3934     ,1,6,1,0
,,,,,,SERV-DB3934     ,9,9,9,0
,,,,,,SERV-DB4004     ,1,2,1,0
,,,,,,SERV-DB4459     ,1,1,1,0
,,,,,,SERV-DB4510     ,1,1,1,0
,,,,,,SERV-DB4518     ,1,1,1,0
,,,,,,SERV-DB4744     ,1,1,1,0
,,,,,,SERV-DB4850     ,1,1,1,0
,,,,,,SERV-DB4850     ,5,5,5,0
,,,,,,SERV-DB4850     ,15,15,15,0
,,,,,,SERV-DB5026     ,1,1,1,0
,,,,,,SERV-DB5055     ,10,10,10,0
,,,,,,SERV-DB5109     ,1,2,1,0
,,,,,,SERV-DB5110     ,1,7,1,0
,,,,,,SERV-DB5110     ,2,2,2,0
,,,,,,SERV-DB5350     ,1,2,1,0
,,,,,,SERV-DB5390     ,1,4,1,0
,,,,,,SERV-DB5390     ,2,-1,2,0
,,,,,,SERV-DB5390     ,3,3,3,0
,,,,,,SERV-DB5481     ,1,1,1,0
,,,,,,SERV-DB5881     ,5,5,5,0
,,,,,,SERV-DB5941     ,1,1,1,0
,,,,,,SERV-DB5942     ,1,2,1,0
,,,,,,SERV-DB5944     ,1,1,1,0
,,,,,,SERV-DB5945     ,1,1,1,0
,,,,,,SERV-DB5947     ,1,1,1,0
,,,,,,SERV-DB5948     ,1,2,1,0
,,,,,,SERV-DB6071     ,1,1,1,0
,,,,,,SERV-DB6211     ,1,3,1,0
,,,,,,SERV-DB6211     ,5,5,5,0
,,,,,,SERV-DB6212     ,1,3,1,0
,,,,,,SERV-DB6213     ,1,1,1,0
,,,,,,SERV-DB6214     ,1,2,1,0
,,,,,,SERV-DB6215     ,1,3,1,0
,,,,,,SERV-DB6280     ,1,2,1,0
,,,,,,SERV-DB6308     ,1,3,1,0
,,,,,,SERV-DB6440     ,1,4,1,0
,,,,,,SERV-DB6440     ,3,3,3,0
,,,,,,SERV-DB6461     ,1,3,1,0
,,,,,,SERV-DB6461     ,3,3,3,0
,,,,,,SERV-DB6828     ,1,1,1,0
,,,,,,SERV-DB7079     ,1,2,1,0
,,,,,,SERV-DB7079     ,10,10,10,0
,,,,,,SERV-DB7506     ,1,1,1,0
,,,,,,SERV-KF101      ,1,1,1,0
,,,,,,SERV-KF103      ,1,22,1,0
,,,,,,SERV-KF103      ,4,4,4,0
,,,,,,SERV-KF103      ,17,17,17,0
,,,,,,SERV-KF106      ,1,18,1,0
,,,,,,SERV-KF109      ,1,6,1,0
,,,,,,SERV-KF109      ,3,3,3,0
,,,,,,SERV-KF109      ,19,19,19,0
,,,,,,SERV-KF142      ,1,3,1,0
,,,,,,SERV-KF142      ,7,7,7,0
,,,,,,SERV-KF146      ,2,2,2,0
,,,,,,SERV-KF146      ,10,10,10,0
,,,,,,SERV-KF148      ,1,1,1,0
,,,,,,SERV-KF154      ,1,1,1,0
,,,,,,SERV-KF155      ,1,1,1,0
,,,,,,SERV-KF155      ,4,4,2,0
,,,,,,SERV-KF155-02   ,18,18,18,0
,,,,,,SERV-KF177.B    ,1,3,1,0
,,,,,,SERV-KF177.B    ,2,2,2,0
,,,,,,SERV-KF196P     ,1,5,1,0
,,,,,,SERV-KF198P     ,1,1,1,0
,,,,,,SERV-KF198P     ,5,5,5,0
,,,,,,SERV-KF198P     ,109,109,109,0
,,,,,,SERV-KF198U     ,60,120,60,0
,,,,,,SERV-KF200      ,15,15,15,0
,,,,,,SERV-KF200P     ,60,60,60,0
,,,,,,SERV-KF465      ,1,4,1,0
,,,,,,SERV-KF494      ,12,12,12,0
,,,,,,SERV-KF711      ,4,4,4,0
,,,,,,SERV-KF829U     ,2,2,2,0
,,,,,,SERV-KF830U     ,3,3,3,0
,,,,,,SERV-KF831U     ,2,2,2,0
,,,,,,SERV-KF831U     ,4,4,4,0
,,,,,,SERV-KF832U     ,3,3,3,0
,,,,,,SERV-KF833U     ,4,4,4,0
,,,,,,SERV-NA2794     ,10,10,10,0
,,,,,,SERV-NA3233     ,1,1,1,0
,,,,,,SERV-PR0138     ,1,7,1,0
,,,,,,SERV-PR0145    ,1,1,1,0
,,,,,,SERV-PR0145     ,2,2,2,0
,,,,,,SERV-PR0146     ,1,5,1,0
,,,,,,SERV-PR0146     ,4,8,4,0
,,,,,,SERV-PR0146     ,5,15,5,0
,,,,,,SERV-PR0150     ,1,1,1,0
,,,,,,SERV-PR0151     ,1,1,1,0
,,,,,,SERV-PR0152     ,1,6,1,0
,,,,,,SERV-PR0174     ,2,2,2,0
,,,,,,SERV-PR0300    ,1,1,1,0
,,,,,,TA0081          ,1,1,1,0
,,,,,,TA0081          ,7,7,7,0
,,,,,,TA0088          ,6,18,6,0
,,,,,,TA0090          ,24,24,24,0
,,,,,,TA0091          ,0.66,0.66,0.66,0
,,,,,,TA0091          ,1.98,1.98,0.33,1.65
,,,,,,TA0091          ,1.98,7.92,1.98,0
,,,,,,TA0091          ,3.96,11.879999999999999,3.96,0
,,,,,,TA0091          ,23.76,23.76,3.86,23.76
,,,,,,TA0091          ,82.17,82.17,82.17,0
,,,,,,TA0092          ,2.88,2.88,2.88,0
,,,,,,TA0093          ,0.2,0.2,0.2,0
,,,,,,TA0094          ,0.1,0.1,0.1,0
,,,,,,TA0097          ,0.6,5.3999999999999995,0.6,0
,,,,,,TA0098          ,14.4,14.4,14.4,0
,,,,,,TA0100          ,0.19,0.38,0.19,0
,,,,,,TA0100          ,1,1,1,0
,,,,,,TA0100          ,1.63,3.26,1.63,0
,,,,,,TA0100          ,3.85,3.85,3.85,0
,,,,,,TA0100          ,18,18,18,0
,,,,,,TA0100          ,31.16,31.16,31.16,0
,,,,,,TA0103          ,2.36,2.36,2.36,0
,,,,,,TA0103          ,11.8,11.8,11.8,0
,,,,,,TA0104          ,0.96,0.96,0.96,0
,,,,,,TA0104          ,4.86,4.86,4.86,0
,,,,,,TA0105          ,0.03,0.15,0.03,0
,,,,,,TA0105          ,0.76,0.76,0.76,0
,,,,,,TA0109          ,0.33,0.33,0.33,0
,,,,,,TA0110          ,0.43,0.86,0.43,0
,,,,,,TA0110          ,0.45,1.35,0.45,0
,,,,,,TA0110          ,1.24,1.24,0.18,1.06
,,,,,,TA0110          ,1.24,7.44,1.24,0
,,,,,,TA0110          ,4.96,4.96,4.96,0
,,,,,,TA0112          ,0.13,0.26,0.13,0
,,,,,,TA0113          ,0.96,0.96,0.96,0
,,,,,,TA0113          ,2.12,2.12,2.12,0
,,,,,,TA0113          ,12.96,12.96,12.96,0
,,,,,,TA0114          ,0.38,0.38,0.38,0
,,,,,,TA0114          ,5.22,5.22,5.22,0
,,,,,,TA0114          ,7.71,7.71,7.71,0
,,,,,,TA0116          ,0.03,0.03,0.03,0
,,,,,,TA0116          ,0.1,0.1,0.1,0
,,,,,,TA0117          ,1.28,1.28,1.28,0
,,,,,,TA0118          ,0.1,0.1,0.1,0
,,,,,,TA0119          ,0.38,0.76,0.38,0
,,,,,,TA0121          ,0.28,0.56,0.28,0
,,,,,,TA0121          ,0.6,0.6,0.6,0
,,,,,,TA0122          ,0.46,0.46,0.46,0
,,,,,,TA0123          ,0.49,0.98,0.49,0
,,,,,,TA0123          ,0.51,0.51,0.51,0
,,,,,,TA0123          ,2.16,2.16,2.16,0
,,,,,,TA0124          ,0.53,0.53,0.53,0
,,,,,,TA0126          ,0.37,2.22,0.37,0
,,,,,,TA0126          ,7.03,7.03,7.03,0
,,,,,,TA0129          ,1.22,1.22,1.22,0
,,,,,,TA0130          ,0.74,0.74,0.74,0
,,,,,,TA0132          ,1.57,4.71,1.57,0
,,,,,,TA0132          ,10.99,10.99,10.99,0
,,,,,,TA0133          ,36,36,36,0
,,,,,,TA0136          ,1.57,1.57,1.57,0
,,,,,,TA0140          ,0.2,0.2,0.2,0
,,,,,,TA0141          ,0.63,0.63,0.18,0.45
,,,,,,TA0141          ,0.63,1.26,0.63,0
,,,,,,TA0141          ,2.52,2.52,2.52,0
,,,,,,TA0143          ,0.01,0.02,0.01,0
,,,,,,TA0143          ,0.12,0.12,0.12,0
,,,,,,TA0145          ,1.18,1.18,1.18,0
,,,,,,TA0147          ,0.24,0.24,0.24,0
,,,,,,TA0148          ,0.12,1.3200000000000003,0.12,0
,,,,,,TA0153          ,0.65,0.65,0.65,0
,,,,,,TA0155          ,0.2,0.2,0.2,0
,,,,,,TA0156          ,0.36,0.36,0.36,0
,,,,,,TA0160          ,1.42,12.78,1.42,0
,,,,,,TA0160          ,5.68,5.68,5.68,0
,,,,,,TA0161          ,0.32,0.32,0.32,0
,,,,,,TA0162          ,0.06,0.06,0.06,0
,,,,,,TA0165          ,7.54,7.54,7.54,0
,,,,,,TA0166          ,0.27,1.8900000000000001,0.27,0
,,,,,,TA0176          ,0.23,0.23,0.23,0
,,,,,,TA0176          ,2.3,2.3,2.3,0
,,,,,,TA0176          ,2.43,2.43,0.82,1.61
,,,,,,TA0176          ,46.36,46.36,46.36,0
,,,,,,TA0177          ,0.06,0.06,0.06,0
,,,,,,TA0179          ,3.2,3.2,3.2,0
,,,,,,TA0180          ,2,2,2,0
,,,,,,TA0181          ,3.06,3.06,1.81,1.25
,,,,,,TA0181          ,28.98,28.98,28.98,0
,,,,,,TA0183          ,36,36,36,0
,,,,,,TA0193          ,1.6,4.800000000000001,1.6,0
,,,,,,TA0199          ,1,1,1,0
,,,,,,TA0200          ,1,1,1,0
,,,,,,TA0201          ,3,3,3,0
,,,,,,TA0203          ,4,4,4,0
,,,,,,TA0204          ,2,2,2,0
,,,,,,TA0205          ,0.6,4.2,0.6,0
,,,,,,TA0205          ,10.8,10.8,10.8,0
,,,,,,TA0208          ,1.2,1.2,1.2,0
,,,,,,TA0208          ,6,6,6,0
,,,,,,TA0214          ,0.5,0.5,0.5,0
,,,,,,TA0214          ,2.5,2.5,2.5,0
,,,,,,TA0226          ,1,1,1,0
,,,,,,TA0330          ,4,4,4,0
01234401001,IA1817          ,ITENS COMPLEMENTO DE KF                                                                   ,1,20211108,20211116,10109           ,1,1,1,0
01234401001,IA1817          ,ITENS COMPLEMENTO DE KF                                                                   ,1,20211108,20211116,15203           ,10,10,10,0
01234401001,IA1817          ,ITENS COMPLEMENTO DE KF                                                                   ,1,20211108,20211116,15512           ,3,3,1,0
01234401001,IA1817          ,ITENS COMPLEMENTO DE KF                                                                   ,1,20211108,20211116,15606           ,2,2,1,0
01234401001,IA1817          ,ITENS COMPLEMENTO DE KF                                                                   ,1,20211108,20211116,15607           ,2,2,2,0
01234401001,IA1817          ,ITENS COMPLEMENTO DE KF                                                                   ,1,20211108,20211116,15607           ,17,17,20,0
01234401001,IA1817          ,ITENS COMPLEMENTO DE KF                                                                   ,1,20211108,20211116,15608           ,18,18,20,0
01234401001,IA1817          ,ITENS COMPLEMENTO DE KF                                                                   ,1,20211108,20211116,15618           ,10,10,10,0
01234401001,IA1817          ,ITENS COMPLEMENTO DE KF                                                                   ,1,20211108,20211116,15625           ,5,5,5,0
01234401001,IA1817          ,ITENS COMPLEMENTO DE KF                                                                   ,1,20211108,20211116,15626           ,8,8,10,0
01234401001,IA1817          ,ITENS COMPLEMENTO DE KF                                                                   ,1,20211108,20211116,15632           ,8,8,10,0
01234401001,IA1817          ,ITENS COMPLEMENTO DE KF                                                                   ,1,20211108,20211116,15639           ,1,1,1,0
01234401001,IA1817          ,ITENS COMPLEMENTO DE KF                                                                   ,1,20211108,20211116,15639           ,8,8,10,0
01234401001,IA1817          ,ITENS COMPLEMENTO DE KF                                                                   ,1,20211108,20211116,15806           ,2,2,2,0
01234401001,IA1817          ,ITENS COMPLEMENTO DE KF                                                                   ,1,20211108,20211116,15806           ,4,4,5,0
01234401001,IA1817          ,ITENS COMPLEMENTO DE KF                                                                   ,1,20211108,20211116,15806           ,6,6,6,0
01234401001,IA1817          ,ITENS COMPLEMENTO DE KF                                                                   ,1,20211108,20211116,15807           ,6,6,5,0
01234401001,IA1817          ,ITENS COMPLEMENTO DE KF                                                                   ,1,20211108,20211116,15807           ,22,22,28,0
01234401001,IA1817          ,ITENS COMPLEMENTO DE KF                                                                   ,1,20211108,20211116,15808           ,2,2,1,0
01234401001,IA1817          ,ITENS COMPLEMENTO DE KF                                                                   ,1,20211108,20211116,15808           ,17,17,15,0
01234401001,IA1817          ,ITENS COMPLEMENTO DE KF                                                                   ,1,20211108,20211116,15808           ,18,18,24,0
01234401001,IA1817          ,ITENS COMPLEMENTO DE KF                                                                   ,1,20211108,20211116,15842           ,3,3,1,0
01234401001,IA1817          ,ITENS COMPLEMENTO DE KF                                                                   ,1,20211108,20211116,15843           ,1,1,1,0
01234401001,IA1817          ,ITENS COMPLEMENTO DE KF                                                                   ,1,20211108,20211116,25007           ,3,3,3,0
01234401001,IA1817          ,ITENS COMPLEMENTO DE KF                                                                   ,1,20211108,20211116,DA0355          ,1,1,1,0
01234401001,IA1817          ,ITENS COMPLEMENTO DE KF                                                                   ,1,20211108,20211116,DA0495          ,2,2,2,0
01234401001,IA1817          ,ITENS COMPLEMENTO DE KF                                                                   ,1,20211108,20211116,DA0706          ,15,15,15,0
01234401001,IA1817          ,ITENS COMPLEMENTO DE KF                                                                   ,1,20211108,20211116,DA0757          ,15,15,15,0
01234401001,IA1817          ,ITENS COMPLEMENTO DE KF                                                                   ,1,20211108,20211116,DA0841          ,4,4,4,0
01234401001,IA1817          ,ITENS COMPLEMENTO DE KF                                                                   ,1,20211108,20211116,DA1053          ,2,2,2,0
01234401001,IA1817          ,ITENS COMPLEMENTO DE KF                                                                   ,1,20211108,20211116,DA1055          ,1,1,1,0
01234401001,IA1817          ,ITENS COMPLEMENTO DE KF                                                                   ,1,20211108,20211116,DA1074          ,2,2,2,0
01234401001,IA1817          ,ITENS COMPLEMENTO DE KF                                                                   ,1,20211108,20211116,DA1074          ,4,4,8,0
01234401001,IA1817          ,ITENS COMPLEMENTO DE KF                                                                   ,1,20211108,20211116,DA1581          ,3,3,1,0
01234401001,IA1817          ,ITENS COMPLEMENTO DE KF                                                                   ,1,20211108,20211116,DA1584          ,2,2,2,0
01234401001,IA1817          ,ITENS COMPLEMENTO DE KF                                                                   ,1,20211108,20211116,DA1585          ,1,1,1,0
01234401001,IA1817          ,ITENS COMPLEMENTO DE KF                                                                   ,1,20211108,20211116,DA1652          ,20,20,20,0
01234401001,IA1817          ,ITENS COMPLEMENTO DE KF                                                                   ,1,20211108,20211116,DA1678          ,2,2,2,0
01234401001,IA1817          ,ITENS COMPLEMENTO DE KF                                                                   ,1,20211108,20211116,DA1834          ,1,1,1,0
01234401001,IA1817          ,ITENS COMPLEMENTO DE KF                                                                   ,1,20211108,20211116,DA2054          ,7,7,7,0
01234401001,IA1817          ,ITENS COMPLEMENTO DE KF                                                                   ,1,20211108,20211116,DA2086          ,2,2,2,0
01234401001,IA1817          ,ITENS COMPLEMENTO DE KF                                                                   ,1,20211108,20211116,DA2355          ,2,2,2,0
01234401001,IA1817          ,ITENS COMPLEMENTO DE KF                                                                   ,1,20211108,20211116,DA2408          ,1,1,1,0
01234401001,IA1817          ,ITENS COMPLEMENTO DE KF                                                                   ,1,20211108,20211116,DA2410          ,1,1,1,0
01234401001,IA1817          ,ITENS COMPLEMENTO DE KF                                                                   ,1,20211108,20211116,DA2413          ,1,1,1,0
01234401001,IA1817          ,ITENS COMPLEMENTO DE KF                                                                   ,1,20211108,20211116,DA2416          ,1,1,2,0
01234401001,IA1817          ,ITENS COMPLEMENTO DE KF                                                                   ,1,20211108,20211116,DA2422          ,1,1,1,0
01234401001,IA1817          ,ITENS COMPLEMENTO DE KF                                                                   ,1,20211108,20211116,DA2475          ,1,1,1,0
01234401001,IA1817          ,ITENS COMPLEMENTO DE KF                                                                   ,1,20211108,20211116,DA2496          ,1,1,1,0
01234401001,IA1817          ,ITENS COMPLEMENTO DE KF                                                                   ,1,20211108,20211116,DA3258          ,1,1,1,0
01234401001,IA1817          ,ITENS COMPLEMENTO DE KF                                                                   ,1,20211108,20211116,DA3273          ,1,1,1,0
01234401001,IA1817          ,ITENS COMPLEMENTO DE KF                                                                   ,1,20211108,20211116,DA3273          ,2,2,2,0
01234401001,IA1817          ,ITENS COMPLEMENTO DE KF                                                                   ,1,20211108,20211116,DA3386          ,2,2,2,0
01234401001,IA1817          ,ITENS COMPLEMENTO DE KF                                                                   ,1,20211108,20211116,DA3787          ,1,1,1,0
01234401001,IA1817          ,ITENS COMPLEMENTO DE KF                                                                   ,1,20211108,20211116,DA3890          ,1,1,2,0
01234401001,IA1817          ,ITENS COMPLEMENTO DE KF                                                                   ,1,20211108,20211116,DA3979          ,4,4,4,0
01234401001,IA1817          ,ITENS COMPLEMENTO DE KF                                                                   ,1,20211108,20211116,DA4266          ,1,1,1,0
01234401001,IA1817          ,ITENS COMPLEMENTO DE KF                                                                   ,1,20211108,20211116,DA4324          ,1,1,1,0
01234401001,IA1817          ,ITENS COMPLEMENTO DE KF                                                                   ,1,20211108,20211116,DA4365          ,9,9,4,0
01234401001,IA1817          ,ITENS COMPLEMENTO DE KF                                                                   ,1,20211108,20211116,DA4599          ,1,1,1,0
01234401001,IA1817          ,ITENS COMPLEMENTO DE KF                                                                   ,1,20211108,20211116,DA4765          ,2,2,4,0
01234401001,IA1817          ,ITENS COMPLEMENTO DE KF                                                                   ,1,20211108,20211116,DA4794          ,4,4,4,0
01234401001,IA1817          ,ITENS COMPLEMENTO DE KF                                                                   ,1,20211108,20211116,DA4799          ,2,2,2,0
01234401001,IA1817          ,ITENS COMPLEMENTO DE KF                                                                   ,1,20211108,20211116,DA5436          ,2,2,2,0
01234401001,IA1817          ,ITENS COMPLEMENTO DE KF                                                                   ,1,20211108,20211116,DA5443          ,1,1,1,0
01234401001,IA1817          ,ITENS COMPLEMENTO DE KF                                                                   ,1,20211108,20211116,DA5702          ,1,1,1,0
01234401001,IA1817          ,ITENS COMPLEMENTO DE KF                                                                   ,1,20211108,20211116,DA5733          ,1,1,1,0
01234401001,IA1817          ,ITENS COMPLEMENTO DE KF                                                                   ,1,20211108,20211116,DA6071          ,1,1,1,0
01234401001,IA1817          ,ITENS COMPLEMENTO DE KF                                                                   ,1,20211108,20211116,DA6075          ,1,1,1,0
01234401001,IA1817          ,ITENS COMPLEMENTO DE KF                                                                   ,1,20211108,20211116,DA6076          ,1,1,1,0
01234401001,IA1817          ,ITENS COMPLEMENTO DE KF                                                                   ,1,20211108,20211116,DA6077          ,2,2,2,0
01234401001,IA1817          ,ITENS COMPLEMENTO DE KF                                                                   ,1,20211108,20211116,DA6081          ,1,1,1,0
01234401001,IA1817          ,ITENS COMPLEMENTO DE KF                                                                   ,1,20211108,20211116,DA6084          ,1,1,1,0
01234401001,IA1817          ,ITENS COMPLEMENTO DE KF                                                                   ,1,20211108,20211116,DA6084          ,3,3,3,0
01234401001,IA1817          ,ITENS COMPLEMENTO DE KF                                                                   ,1,20211108,20211116,DA6084          ,6,6,4,0
01234401001,IA1817          ,ITENS COMPLEMENTO DE KF                                                                   ,1,20211108,20211116,DA6086          ,3,6,3,0
01234401001,IA1817          ,ITENS COMPLEMENTO DE KF                                                                   ,1,20211108,20211116,DA6086          ,6,6,10,0
01234401001,IA1817          ,ITENS COMPLEMENTO DE KF                                                                   ,1,20211108,20211116,DA6087          ,9,9,10,0
01234401001,IA1817          ,ITENS COMPLEMENTO DE KF                                                                   ,1,20211108,20211116,DA6144          ,1,2,1,0
01234401001,IA1817          ,ITENS COMPLEMENTO DE KF                                                                   ,1,20211108,20211116,DA6201          ,1,1,1,0
01234401001,IA1817          ,ITENS COMPLEMENTO DE KF                                                                   ,1,20211108,20211116,DA6259          ,1,1,1,0
01234401001,IA1817          ,ITENS COMPLEMENTO DE KF                                                                   ,1,20211108,20211116,DA6307          ,2,2,2,0
01234401001,IA1817          ,ITENS COMPLEMENTO DE KF                                                                   ,1,20211108,20211116,DA6316          ,6,6,6,0
01234401001,IA1817          ,ITENS COMPLEMENTO DE KF                                                                   ,1,20211108,20211116,DA6450          ,1,1,1,0
01234401001,IA1817          ,ITENS COMPLEMENTO DE KF                                                                   ,1,20211108,20211116,DA6591          ,1,1,1,0
01234401001,IA1817          ,ITENS COMPLEMENTO DE KF                                                                   ,1,20211108,20211116,DA6606          ,2,2,2,0
01234401001,IA1817          ,ITENS COMPLEMENTO DE KF                                                                   ,1,20211108,20211116,DA6614          ,1,2,1,0
01234401001,IA1817          ,ITENS COMPLEMENTO DE KF                                                                   ,1,20211108,20211116,DA6615          ,2,4,2,0
01234401001,IA1817          ,ITENS COMPLEMENTO DE KF                                                                   ,1,20211108,20211116,DA6625          ,9,9,15,0
01234401001,IA1817          ,ITENS COMPLEMENTO DE KF                                                                   ,1,20211108,20211116,DA6625          ,10,10,1,0
01234401001,IA1817          ,ITENS COMPLEMENTO DE KF                                                                   ,1,20211108,20211116,DA6625          ,10,10,10,0
01234401001,IA1817          ,ITENS COMPLEMENTO DE KF                                                                   ,1,20211108,20211116,DA6703          ,1,1,1,0
01234401001,IA1817          ,ITENS COMPLEMENTO DE KF                                                                   ,1,20211108,20211116,DA6703          ,1,1,10,0
01234401001,IA1817          ,ITENS COMPLEMENTO DE KF                                                                   ,1,20211108,20211116,DA6703          ,6,6,5,0
01234401001,IA1817          ,ITENS COMPLEMENTO DE KF                                                                   ,1,20211108,20211116,DA6704          ,10,10,10,0
01234401001,IA1817          ,ITENS COMPLEMENTO DE KF                                                                   ,1,20211108,20211116,DA6921          ,1,2,1,0
01234401001,IA1817          ,ITENS COMPLEMENTO DE KF                                                                   ,1,20211108,20211116,DA6934          ,3,3,3,0
01234401001,IA1817          ,ITENS COMPLEMENTO DE KF                                                                   ,1,20211108,20211116,DA6967          ,4,4,4,0
01234401001,IA1817          ,ITENS COMPLEMENTO DE KF                                                                   ,1,20211108,20211116,DA6987          ,3,3,3,0
01234401001,IA1817          ,ITENS COMPLEMENTO DE KF                                                                   ,1,20211108,20211116,DA6990          ,1,1,1,0
01234401001,IA1817          ,ITENS COMPLEMENTO DE KF                                                                   ,1,20211108,20211116,DA6990          ,26,26,30,0
01234401001,IA1817          ,ITENS COMPLEMENTO DE KF                                                                   ,1,20211108,20211116,DA6991          ,1,1,1,0
01234401001,IA1817          ,ITENS COMPLEMENTO DE KF                                                                   ,1,20211108,20211116,DA6991          ,4,4,3,0
01234401001,IA1817          ,ITENS COMPLEMENTO DE KF                                                                   ,1,20211108,20211116,DA6992          ,4,4,4,0
01234401001,IA1817          ,ITENS COMPLEMENTO DE KF                                                                   ,1,20211108,20211116,DA6993          ,1,1,1,0
01234401001,IA1817          ,ITENS COMPLEMENTO DE KF                                                                   ,1,20211108,20211116,DA7003          ,1,1,1,0
01234401001,IA1817          ,ITENS COMPLEMENTO DE KF                                                                   ,1,20211108,20211116,DA7014          ,1,1,1,0
01234401001,IA1817          ,ITENS COMPLEMENTO DE KF                                                                   ,1,20211108,20211116,DA7020          ,4,4,5,0
01234401001,IA1817          ,ITENS COMPLEMENTO DE KF                                                                   ,1,20211108,20211116,DA7022          ,3,3,6,0
01234401001,IA1817          ,ITENS COMPLEMENTO DE KF                                                                   ,1,20211108,20211116,DA7032          ,1,1,1,0
01234401001,IA1817          ,ITENS COMPLEMENTO DE KF                                                                   ,1,20211108,20211116,DA7046          ,4,4,4,0
01234401001,IA1817          ,ITENS COMPLEMENTO DE KF                                                                   ,1,20211108,20211116,DA7048          ,6,6,6,0
01234401001,IA1817          ,ITENS COMPLEMENTO DE KF                                                                   ,1,20211108,20211116,DA7187          ,1,1,1,0
01234401001,IA1817          ,ITENS COMPLEMENTO DE KF                                                                   ,1,20211108,20211116,DA7215          ,10,10,10,0
01234401001,IA1817          ,ITENS COMPLEMENTO DE KF                                                                   ,1,20211108,20211116,DA7231          ,8,8,8,0
01234401001,IA1817          ,ITENS COMPLEMENTO DE KF                                                                   ,1,20211108,20211116,DA7336          ,1,1,1,0
01234401001,IA1817          ,ITENS COMPLEMENTO DE KF                                                                   ,1,20211108,20211116,DA7360          ,1,1,1,0
01234401001,IA1817          ,ITENS COMPLEMENTO DE KF                                                                   ,1,20211108,20211116,DA7365          ,4,4,4,0
01234401001,IA1817          ,ITENS COMPLEMENTO DE KF                                                                   ,1,20211108,20211116,DA7381          ,11,11,11,0
01234401001,IA1817          ,ITENS COMPLEMENTO DE KF                                                                   ,1,20211108,20211116,DA7440          ,1,1,1,0
01234401001,IA1817          ,ITENS COMPLEMENTO DE KF                                                                   ,1,20211108,20211116,DA7501          ,1,1,2,0
01234401001,IA1817          ,ITENS COMPLEMENTO DE KF                                                                   ,1,20211108,20211116,DA7508          ,1,1,1,0
01234401001,IA1817          ,ITENS COMPLEMENTO DE KF                                                                   ,1,20211108,20211116,DA7508          ,2,2,2,0
01234401001,IA1817          ,ITENS COMPLEMENTO DE KF                                                                   ,1,20211108,20211116,DA7550          ,1,1,2,0
01234401001,IA1817          ,ITENS COMPLEMENTO DE KF                                                                   ,1,20211108,20211116,DA7736          ,9,9,9,0
01234401001,IA1817          ,ITENS COMPLEMENTO DE KF                                                                   ,1,20211108,20211116,DA7737          ,6,6,6,0
01234401001,IA1817          ,ITENS COMPLEMENTO DE KF                                                                   ,1,20211108,20211116,DA7851          ,1,1,1,0
01234401001,IA1817          ,ITENS COMPLEMENTO DE KF                                                                   ,1,20211108,20211116,DA7851          ,2,2,2,0
01234401001,IA1817          ,ITENS COMPLEMENTO DE KF                                                                   ,1,20211108,20211116,DA7853          ,1,1,1,0
01234401001,IA1817          ,ITENS COMPLEMENTO DE KF                                                                   ,1,20211108,20211116,DA7872          ,1,1,1,0
01234401001,IA1817          ,ITENS COMPLEMENTO DE KF                                                                   ,1,20211108,20211116,DA7977          ,17,17,17,0
01234401001,IA1817          ,ITENS COMPLEMENTO DE KF                                                                   ,1,20211108,20211116,DA8061          ,2,2,2,0
01234401001,IA1817          ,ITENS COMPLEMENTO DE KF                                                                   ,1,20211108,20211116,DA8097          ,1,1,1,0
01234401001,IA1817          ,ITENS COMPLEMENTO DE KF                                                                   ,1,20211108,20211116,DA8104          ,1,1,1,0
01234401001,IA1817          ,ITENS COMPLEMENTO DE KF                                                                   ,1,20211108,20211116,DA8105          ,1,1,1,0
01234401001,IA1817          ,ITENS COMPLEMENTO DE KF                                                                   ,1,20211108,20211116,DA8106          ,1,1,1,0
01234401001,IA1817          ,ITENS COMPLEMENTO DE KF                                                                   ,1,20211108,20211116,DA8156          ,1,1,1,0
01234401001,IA1817          ,ITENS COMPLEMENTO DE KF                                                                   ,1,20211108,20211116,DA8157          ,1,1,1,0
01234401001,IA1817          ,ITENS COMPLEMENTO DE KF                                                                   ,1,20211108,20211116,DA8246          ,1,2,1,0
01234401001,IA1817          ,ITENS COMPLEMENTO DE KF                                                                   ,1,20211108,20211116,DA8260          ,1,1,1,0
01234401001,IA1817          ,ITENS COMPLEMENTO DE KF                                                                   ,1,20211108,20211116,DA8261          ,8,8,8,0
01234401001,IA1817          ,ITENS COMPLEMENTO DE KF                                                                   ,1,20211108,20211116,DA8262          ,1,1,2,0
01234401001,IA1817          ,ITENS COMPLEMENTO DE KF                                                                   ,1,20211108,20211116,DA8263          ,2,2,2,0
01234401001,IA1817          ,ITENS COMPLEMENTO DE KF                                                                   ,1,20211108,20211116,DA8271          ,6,6,6,0
01234401001,IA1817          ,ITENS COMPLEMENTO DE KF                                                                   ,1,20211108,20211116,DA8276          ,1,1,1,0
01234401001,IA1817          ,ITENS COMPLEMENTO DE KF                                                                   ,1,20211108,20211116,DA8536          ,7,7,1,0
01234401001,IA1817          ,ITENS COMPLEMENTO DE KF                                                                   ,1,20211108,20211116,DA8538          ,2,2,1,0
01234401001,IA1817          ,ITENS COMPLEMENTO DE KF                                                                   ,1,20211108,20211116,DA8541          ,1,2,1,0
01234401001,IA1817          ,ITENS COMPLEMENTO DE KF                                                                   ,1,20211108,20211116,DA8543          ,1,1,1,0
01234401001,IA1817          ,ITENS COMPLEMENTO DE KF                                                                   ,1,20211108,20211116,DA8600          ,1,1,1,0
01234401001,IA1817          ,ITENS COMPLEMENTO DE KF                                                                   ,1,20211108,20211116,DA8625          ,1,1,1,0
01234401001,IA1817          ,ITENS COMPLEMENTO DE KF                                                                   ,1,20211108,20211116,DA8629          ,1,1,1,0
01234401001,IA1817          ,ITENS COMPLEMENTO DE KF                                                                   ,1,20211108,20211116,DA8763          ,1,1,1,0
01234401001,IA1817          ,ITENS COMPLEMENTO DE KF                                                                   ,1,20211108,20211116,DA8964          ,1,1,1,0
01234401001,IA1817          ,ITENS COMPLEMENTO DE KF                                                                   ,1,20211108,20211116,DA9031          ,1,1,1,0
01234401001,IA1817          ,ITENS COMPLEMENTO DE KF                                                                   ,1,20211108,20211116,DA9069          ,1,1,1,0
01234401001,IA1817          ,ITENS COMPLEMENTO DE KF                                                                   ,1,20211108,20211116,DA9069          ,1,1,2,0
01234401001,IA1817          ,ITENS COMPLEMENTO DE KF                                                                   ,1,20211108,20211116,DA9083          ,1,1,1,0
01234401001,IA1817          ,ITENS COMPLEMENTO DE KF                                                                   ,1,20211108,20211116,DA9155          ,3,3,1,0
01234401001,IA1817          ,ITENS COMPLEMENTO DE KF                                                                   ,1,20211108,20211116,DA9155          ,3,3,2,0
01234401001,IA1817          ,ITENS COMPLEMENTO DE KF                                                                   ,1,20211108,20211116,DA9157          ,1,1,1,0
01234401001,IA1817          ,ITENS COMPLEMENTO DE KF                                                                   ,1,20211108,20211116,DA9157          ,2,2,1,0
01234401001,IA1817          ,ITENS COMPLEMENTO DE KF                                                                   ,1,20211108,20211116,DA9165          ,1,1,1,0
01234401001,IA1817          ,ITENS COMPLEMENTO DE KF                                                                   ,1,20211108,20211116,DA9168          ,1,1,1,0
01234401001,IA1817          ,ITENS COMPLEMENTO DE KF                                                                   ,1,20211108,20211116,DA9234          ,1,1,1,0
01234401001,IA1817          ,ITENS COMPLEMENTO DE KF                                                                   ,1,20211108,20211116,DA9261          ,1,1,1,0
01234401001,IA1817          ,ITENS COMPLEMENTO DE KF                                                                   ,1,20211108,20211116,DA9325          ,1,1,1,0
01234401001,IA1817          ,ITENS COMPLEMENTO DE KF                                                                   ,1,20211108,20211116,DA9344          ,1,1,1,0
01234401001,IA1817          ,ITENS COMPLEMENTO DE KF                                                                   ,1,20211108,20211116,DA9349          ,1,1,1,0
01234401001,IA1817          ,ITENS COMPLEMENTO DE KF                                                                   ,1,20211108,20211116,DA9354          ,1,1,1,0
01234401001,IA1817          ,ITENS COMPLEMENTO DE KF                                                                   ,1,20211108,20211116,DA9356          ,3,3,3,0
01234401001,IA1817          ,ITENS COMPLEMENTO DE KF                                                                   ,1,20211108,20211116,DA9454          ,1,1,1,0
01234401001,IA1817          ,ITENS COMPLEMENTO DE KF                                                                   ,1,20211108,20211116,DA9455          ,1,1,2,0
01234401001,IA1817          ,ITENS COMPLEMENTO DE KF                                                                   ,1,20211108,20211116,DA9496          ,1,1,1,0
01234401001,IA1817          ,ITENS COMPLEMENTO DE KF                                                                   ,1,20211108,20211116,DA9565          ,1,1,1,0
01234401001,IA1817          ,ITENS COMPLEMENTO DE KF                                                                   ,1,20211108,20211116,DA9565          ,4,4,4,0
01234401001,IA1817          ,ITENS COMPLEMENTO DE KF                                                                   ,1,20211108,20211116,DA9566          ,1,1,1,0
01234401001,IA1817          ,ITENS COMPLEMENTO DE KF                                                                   ,1,20211108,20211116,DA9566          ,2,2,2,0
01234401001,IA1817          ,ITENS COMPLEMENTO DE KF                                                                   ,1,20211108,20211116,DA9567          ,1,1,1,0
01234401001,IA1817          ,ITENS COMPLEMENTO DE KF                                                                   ,1,20211108,20211116,DA9567          ,2,2,1,0
01234401001,IA1817          ,ITENS COMPLEMENTO DE KF                                                                   ,1,20211108,20211116,DA9567          ,3,3,3,0
01234401001,IA1817          ,ITENS COMPLEMENTO DE KF                                                                   ,1,20211108,20211116,DA9568          ,1,1,1,0
01234401001,IA1817          ,ITENS COMPLEMENTO DE KF                                                                   ,1,20211108,20211116,DA9568          ,3,3,3,0
01234401001,IA1817          ,ITENS COMPLEMENTO DE KF                                                                   ,1,20211108,20211116,DA9588          ,1,1,1,0
01234401001,IA1817          ,ITENS COMPLEMENTO DE KF                                                                   ,1,20211108,20211116,DA9605          ,2,2,2,0
01234401001,IA1817          ,ITENS COMPLEMENTO DE KF                                                                   ,1,20211108,20211116,DA9802          ,2,2,1,0
01234401001,IA1817          ,ITENS COMPLEMENTO DE KF                                                                   ,1,20211108,20211116,DA9802          ,2,2,2,0
01234401001,IA1817          ,ITENS COMPLEMENTO DE KF                                                                   ,1,20211108,20211116,DA9803          ,1,1,1,0
01234401001,IA1817          ,ITENS COMPLEMENTO DE KF                                                                   ,1,20211108,20211116,DA9911          ,2,2,2,0
01234401001,IA1817          ,ITENS COMPLEMENTO DE KF                                                                   ,1,20211108,20211116,DB0027          ,1,2,1,0
01234401001,IA1817          ,ITENS COMPLEMENTO DE KF                                                                   ,1,20211108,20211116,DB0028          ,1,1,1,0
01234401001,IA1817          ,ITENS COMPLEMENTO DE KF                                                                   ,1,20211108,20211116,DB0126          ,1,1,1,0
01234401001,IA1817          ,ITENS COMPLEMENTO DE KF                                                                   ,1,20211108,20211116,DB0155          ,1,1,1,0
01234401001,IA1817          ,ITENS COMPLEMENTO DE KF                                                                   ,1,20211108,20211116,DB0182          ,1,1,1,0
01234401001,IA1817          ,ITENS COMPLEMENTO DE KF                                                                   ,1,20211108,20211116,DB0188          ,2,2,2,0
01234401001,IA1817          ,ITENS COMPLEMENTO DE KF                                                                   ,1,20211108,20211116,DB0192          ,1,1,1,0
01234401001,IA1817          ,ITENS COMPLEMENTO DE KF                                                                   ,1,20211108,20211116,DB0237          ,1,1,1,0
01234401001,IA1817          ,ITENS COMPLEMENTO DE KF                                                                   ,1,20211108,20211116,DB0274          ,2,2,1,0
01234401001,IA1817          ,ITENS COMPLEMENTO DE KF                                                                   ,1,20211108,20211116,DB0613          ,1,1,1,0
01234401001,IA1817          ,ITENS COMPLEMENTO DE KF                                                                   ,1,20211108,20211116,DB0677          ,2,2,2,0
01234401001,IA1817          ,ITENS COMPLEMENTO DE KF                                                                   ,1,20211108,20211116,DB0853          ,1,1,1,0
01234401001,IA1817          ,ITENS COMPLEMENTO DE KF                                                                   ,1,20211108,20211116,DB0860          ,4,4,3,0
01234401001,IA1817          ,ITENS COMPLEMENTO DE KF                                                                   ,1,20211108,20211116,DB0861          ,4,4,3,0
01234401001,IA1817          ,ITENS COMPLEMENTO DE KF                                                                   ,1,20211108,20211116,DB0949          ,4,4,2,0
01234401001,IA1817          ,ITENS COMPLEMENTO DE KF                                                                   ,1,20211108,20211116,DB1154          ,1,1,1,0
01234401001,IA1817          ,ITENS COMPLEMENTO DE KF                                                                   ,1,20211108,20211116,DB1429          ,1,1,1,0
01234401001,IA1817          ,ITENS COMPLEMENTO DE KF                                                                   ,1,20211108,20211116,DB1432          ,1,1,1,0
01234401001,IA1817          ,ITENS COMPLEMENTO DE KF                                                                   ,1,20211108,20211116,DB1433          ,1,1,1,0
01234401001,IA1817          ,ITENS COMPLEMENTO DE KF                                                                   ,1,20211108,20211116,DB1446          ,2,2,2,0
01234401001,IA1817          ,ITENS COMPLEMENTO DE KF                                                                   ,1,20211108,20211116,DB1464          ,2,2,2,0
01234401001,IA1817          ,ITENS COMPLEMENTO DE KF                                                                   ,1,20211108,20211116,DB1465          ,5,5,5,0
01234401001,IA1817          ,ITENS COMPLEMENTO DE KF                                                                   ,1,20211108,20211116,DB1610          ,1,1,1,0
01234401001,IA1817          ,ITENS COMPLEMENTO DE KF                                                                   ,1,20211108,20211116,DB1639          ,48,48,48,0
01234401001,IA1817          ,ITENS COMPLEMENTO DE KF                                                                   ,1,20211108,20211116,DB1642          ,1,1,3,0
01234401001,IA1817          ,ITENS COMPLEMENTO DE KF                                                                   ,1,20211108,20211116,DB1870          ,1,1,1,0
01234401001,IA1817          ,ITENS COMPLEMENTO DE KF                                                                   ,1,20211108,20211116,DB1923          ,4,4,3,0
01234401001,IA1817          ,ITENS COMPLEMENTO DE KF                                                                   ,1,20211108,20211116,DB1929          ,4,4,3,0
01234401001,IA1817          ,ITENS COMPLEMENTO DE KF                                                                   ,1,20211108,20211116,DB1969          ,2,2,2,0
01234401001,IA1817          ,ITENS COMPLEMENTO DE KF                                                                   ,1,20211108,20211116,DB2160          ,1,1,1,0
01234401001,IA1817          ,ITENS COMPLEMENTO DE KF                                                                   ,1,20211108,20211116,DB2251          ,1,1,1,0
01234401001,IA1817          ,ITENS COMPLEMENTO DE KF                                                                   ,1,20211108,20211116,DB2261          ,1,1,1,0
01234401001,IA1817          ,ITENS COMPLEMENTO DE KF                                                                   ,1,20211108,20211116,DB2261          ,2,2,1,0
01234401001,IA1817          ,ITENS COMPLEMENTO DE KF                                                                   ,1,20211108,20211116,DB2290          ,1,1,1,0
01234401001,IA1817          ,ITENS COMPLEMENTO DE KF                                                                   ,1,20211108,20211116,DB2478          ,2,2,2,0
01234401001,IA1817          ,ITENS COMPLEMENTO DE KF                                                                   ,1,20211108,20211116,DB2587          ,10,10,10,0
01234401001,IA1817          ,ITENS COMPLEMENTO DE KF                                                                   ,1,20211108,20211116,DB2631          ,10,10,10,0
01234401001,IA1817          ,ITENS COMPLEMENTO DE KF                                                                   ,1,20211108,20211116,DB2635          ,10,10,10,0
01234401001,IA1817          ,ITENS COMPLEMENTO DE KF                                                                   ,1,20211108,20211116,DB2896          ,2,2,2,0
01234401001,IA1817          ,ITENS COMPLEMENTO DE KF                                                                   ,1,20211108,20211116,DB3022          ,6,6,6,0
01234401001,IA1817          ,ITENS COMPLEMENTO DE KF                                                                   ,1,20211108,20211116,DB3842          ,1,1,1,0
01234401001,IA1817          ,ITENS COMPLEMENTO DE KF                                                                   ,1,20211108,20211116,DB3969          ,5,5,5,0
01234401001,IA1817          ,ITENS COMPLEMENTO DE KF                                                                   ,1,20211108,20211116,DB3970          ,3,3,2,0
01234401001,IA1817          ,ITENS COMPLEMENTO DE KF                                                                   ,1,20211108,20211116,IA1817          ,1,1,1,0
01234401001,IA1817          ,ITENS COMPLEMENTO DE KF                                                                   ,1,20211108,20211116,NA2812          ,2,2,2,0
01234401001,IA1817          ,ITENS COMPLEMENTO DE KF                                                                   ,1,20211108,20211116,NA2813          ,2,2,2,0
01234401001,IA1817          ,ITENS COMPLEMENTO DE KF                                                                   ,1,20211108,20211116,NA2820          ,1,1,1,0
01234401001,IA1817          ,ITENS COMPLEMENTO DE KF                                                                   ,1,20211108,20211116,S40020          ,6,6,6,0
01467301001,DTX029UM220     ,DROP-TOP 400/450                                                                          ,1,20220805,20220813,15205           ,6,6,6,0
01467301001,DTX029UM220     ,DROP-TOP 400/450                                                                          ,1,20220805,20220813,25049           ,2,2,1,2
01467301001,DTX029UM220     ,DROP-TOP 400/450                                                                          ,1,20220805,20220813,DA2420          ,1,1,1,0
01467301001,DTX029UM220     ,DROP-TOP 400/450                                                                          ,1,20220805,20220813,DA2431          ,1,1,1,0
01467301001,DTX029UM220     ,DROP-TOP 400/450                                                                          ,1,20220805,20220813,DA2695          ,1,1,1,0
01467301001,DTX029UM220     ,DROP-TOP 400/450                                                                          ,1,20220805,20220813,DA3822          ,1,1,1,0
01467301001,DTX029UM220     ,DROP-TOP 400/450                                                                          ,1,20220805,20220813,DA3844          ,1,1,1,0
01467301001,DTX029UM220     ,DROP-TOP 400/450                                                                          ,1,20220805,20220813,DA4265          ,1,1,1,0
01467301001,DTX029UM220     ,DROP-TOP 400/450                                                                          ,1,20220805,20220813,DA4778          ,1,1,1,0
01467301001,DTX029UM220     ,DROP-TOP 400/450                                                                          ,1,20220805,20220813,DA4781          ,1,1,1,0
01467301001,DTX029UM220     ,DROP-TOP 400/450                                                                          ,1,20220805,20220813,DA4802          ,1,1,1,0
01467301001,DTX029UM220     ,DROP-TOP 400/450                                                                          ,1,20220805,20220813,DA8190          ,1,1,1,0
01467301003,PR0019          ,CONJUNTO ESTEIRA DROP-TOP UL/NSF/NR12,1,20220805,20220813,DA2088          ,2,2,2,0
01467301003,PR0019          ,CONJUNTO ESTEIRA DROP-TOP UL/NSF/NR12,1,20220805,20220813,DA2089          ,2,2,1,1
01467301003,PR0019          ,CONJUNTO ESTEIRA DROP-TOP UL/NSF/NR12,1,20220805,20220813,DA2091          ,2,2,2,0
01467301003,PR0019          ,CONJUNTO ESTEIRA DROP-TOP UL/NSF/NR12,1,20220805,20220813,DA2095          ,2,2,1,2
01467301003,PR0019          ,CONJUNTO ESTEIRA DROP-TOP UL/NSF/NR12,1,20220805,20220813,DA2096          ,1,1,1,0
01467301003,PR0019          ,CONJUNTO ESTEIRA DROP-TOP UL/NSF/NR12,1,20220805,20220813,DA2699          ,2,2,1,1
01502801001,ECX031UM220     ,ESTAMPADOR CORTADOR UL NSF CSA                                                            ,1,20220822,20220830,DA1334          ,2,2,1,2
01502801001,ECX031UM220     ,ESTAMPADOR CORTADOR UL NSF CSA                                                            ,1,20220822,20220830,DA1790          ,1,1,1,0
01502801001,ECX031UM220     ,ESTAMPADOR CORTADOR UL NSF CSA                                                            ,1,20220822,20220830,DA3800          ,1,1,1,0
01502801001,ECX031UM220     ,ESTAMPADOR CORTADOR UL NSF CSA                                                            ,1,20220822,20220830,DA6276          ,4,4,3,4
01502801001,ECX031UM220     ,ESTAMPADOR CORTADOR UL NSF CSA                                                            ,1,20220822,20220830,DA6725          ,1,1,1,0
01502801001,ECX031UM220     ,ESTAMPADOR CORTADOR UL NSF CSA                                                            ,1,20220822,20220830,S40003          ,2,2,1,1
01713601001,DA6399          ,DOSADOR PROD. GRANDE                                                                      ,1,20221209,20221217,DA6400          ,1,1,1,0
01764401001,DB3429          ,SISTEMA MASSA SIMPLES COM PROPULSOR DUE 10.0 MK NR12                                      ,1,20230120,20230128,DA0757          ,2,2,1,2
01764401001,DB3429          ,SISTEMA MASSA SIMPLES COM PROPULSOR DUE 10.0 MK NR12                                      ,1,20230120,20230128,DB3431          ,2,2,2,0
01764501001,DB3413          ,CONJUNTO PROPULSOR MASSA RECEHIO 1 DUE 10.0 MK NR12                                       ,1,20230120,20230128,DA0757          ,4,4,1,4
01764501001,DB3413          ,CONJUNTO PROPULSOR MASSA RECEHIO 1 DUE 10.0 MK NR12                                       ,1,20230120,20230128,DA4361          ,3,3,2,3
01775901007,DA2723          ,CONJUNTO RASPADOR KIT DOCE HOTMIXER 14L                     ,1,20230306,20230314,DA2736          ,1,1,1,0
01869401001,DB3835          ,CONJUNTO CONCENTRADOR FARINHA SALSICHA                                                    ,2,20230515,20230523,DA1648          ,28,28,28,0
01909801006,DB3492          ,SISTEMA ESTRUTURA NEW HOTMIXER 14L INOX NR12 - CE           ,1,20230807,20230815,KF512           ,1,1,1,0
02025001003,DB3192          ,SISTEMA ESTEIRA CORTADOR NR12                               ,1,20230925,20231003,KF698           ,1,1,1,0
02091001001,DB4005          ,SISTEMA ESFARINHADOR ADICIONAL                                                            ,3,20231006,20231014,DA5466          ,3,3,2,3
02091001001,DB4005          ,SISTEMA ESFARINHADOR ADICIONAL                                                            ,3,20231006,20231014,DA7192          ,3,3,2,3
02091001001,DB4005          ,SISTEMA ESFARINHADOR ADICIONAL                                                            ,3,20231006,20231014,DB4007          ,3,3,2,1
02091001001,DB4005          ,SISTEMA ESFARINHADOR ADICIONAL                                                            ,3,20231006,20231014,DB4008          ,3,3,3,0
02091001001,DB4005          ,SISTEMA ESFARINHADOR ADICIONAL                                                            ,3,20231006,20231014,DB4014          ,6,6,6,0
02397901001,DB4348          ,MOLDE ESFIHA ABERTA SEM BORDA Ø80MM                                                       ,2,20240423,20240501,DA1346          ,2,2,2,0
02397901001,DB4348          ,MOLDE ESFIHA ABERTA SEM BORDA Ø80MM                                                       ,2,20240423,20240501,DA5036          ,2,2,2,0
02397901001,DB4348          ,MOLDE ESFIHA ABERTA SEM BORDA Ø80MM                                                       ,2,20240423,20240501,DA5038          ,4,4,4,0
02397901001,DB4348          ,MOLDE ESFIHA ABERTA SEM BORDA Ø80MM                                                       ,2,20240423,20240501,DA8758          ,8,8,8,0
02397901001,DB4348          ,MOLDE ESFIHA ABERTA SEM BORDA Ø80MM                                                       ,2,20240423,20240501,DB4340          ,24,24,24,0
02397901001,DB4348          ,MOLDE ESFIHA ABERTA SEM BORDA Ø80MM                                                       ,2,20240423,20240501,DB4349          ,2,2,2,0
02397901001,DB4348          ,MOLDE ESFIHA ABERTA SEM BORDA Ø80MM                                                       ,2,20240423,20240501,NA2968          ,4,4,4,0
02397901001,DB4348          ,MOLDE ESFIHA ABERTA SEM BORDA Ø80MM                                                       ,2,20240423,20240501,NA3257          ,2,2,2,0
02428701001,DA8402          ,CONJUNTO ESTEIRA LIQUIDO                                                                  ,1,20240607,20240615,DA8437          ,3,3,3,0
02428701001,DA8402          ,CONJUNTO ESTEIRA LIQUIDO                                                                  ,1,20240607,20240615,KF780           ,1,1,1,0
02476701002,DB3325          ,SISTEMA ACESSORIOS DROP-TOP SISTEMA FIXO                    ,1,20240723,20240731,DB4550          ,1,1,1,0
02520001001,DA7103          ,MOLDE ESFIHA MEIA LUA 170X80MM                                                            ,4,20240729,20240806,DA1346          ,4,4,4,0
02520001001,DA7103          ,MOLDE ESFIHA MEIA LUA 170X80MM                                                            ,4,20240729,20240806,DA5036          ,4,4,4,0
02520001001,DA7103          ,MOLDE ESFIHA MEIA LUA 170X80MM                                                            ,4,20240729,20240806,DA5038          ,12,12,12,0
02520001001,DA7103          ,MOLDE ESFIHA MEIA LUA 170X80MM                                                            ,4,20240729,20240806,DA8758          ,12,12,12,0
02520001001,DA7103          ,MOLDE ESFIHA MEIA LUA 170X80MM                                                            ,4,20240729,20240806,DB3543          ,4,4,4,0
02520001001,DA7103          ,MOLDE ESFIHA MEIA LUA 170X80MM                                                            ,4,20240729,20240806,NA2968          ,8,8,8,0
02520001001,DA7103          ,MOLDE ESFIHA MEIA LUA 170X80MM                                                            ,4,20240729,20240806,NA3257          ,4,4,4,0
02543301001,DA9049          ,SISTEMA FORMADOR Ø25 SPINNING 400                           ,1,20240821,20240821,DA3749          ,1,1,1,0
02552001001,MFX168UM220     ,MAXIFORM BIG 10.0 MK MAQUINA MODELADORA RECHEADORA DE DOCES E SALGADOS UL NSF CSA         ,1,20241014,20241022,SC155           ,1,1,1,0
02552001002,DA8201          ,SISTEMA ESTRUTURA UL NSF                                    ,1,20241014,20241014,DA3788          ,4,4,3,4
02552001005,DA8209          ,SISTEMA RECHEIO MOVEL UL NSF                                ,1,20241014,20241014,15805           ,4,4,4,0
02552401001,MFX003NM220     ,MAXIFORM TUBO - MAQUINA FORMADORA DE DOCES                                                ,1,20241014,20241022,15205           ,2,2,1,1
02552401001,MFX003NM220     ,MAXIFORM TUBO - MAQUINA FORMADORA DE DOCES                                                ,1,20241014,20241022,15454           ,1,1,1,0
02552401001,MFX003NM220     ,MAXIFORM TUBO - MAQUINA FORMADORA DE DOCES                                                ,1,20241014,20241022,DA0955          ,2,2,1,2
02552401001,MFX003NM220     ,MAXIFORM TUBO - MAQUINA FORMADORA DE DOCES                                                ,1,20241014,20241022,DA1003          ,2,2,2,0
02552401001,MFX003NM220     ,MAXIFORM TUBO - MAQUINA FORMADORA DE DOCES                                                ,1,20241014,20241022,DA1004          ,1,1,1,0
02552401001,MFX003NM220     ,MAXIFORM TUBO - MAQUINA FORMADORA DE DOCES                                                ,1,20241014,20241022,DA1009          ,1,1,1,0
02552401001,MFX003NM220     ,MAXIFORM TUBO - MAQUINA FORMADORA DE DOCES                                                ,1,20241014,20241022,DA1037          ,1,1,1,0
02552401001,MFX003NM220     ,MAXIFORM TUBO - MAQUINA FORMADORA DE DOCES                                                ,1,20241014,20241022,DA1105          ,2,2,1,2
02552401001,MFX003NM220     ,MAXIFORM TUBO - MAQUINA FORMADORA DE DOCES                                                ,1,20241014,20241022,DA1186          ,2,2,2,0
02552401001,MFX003NM220     ,MAXIFORM TUBO - MAQUINA FORMADORA DE DOCES                                                ,1,20241014,20241022,DA1192          ,2,2,2,0
02552401001,MFX003NM220     ,MAXIFORM TUBO - MAQUINA FORMADORA DE DOCES                                                ,1,20241014,20241022,DA4927          ,1,1,1,0
02552401001,MFX003NM220     ,MAXIFORM TUBO - MAQUINA FORMADORA DE DOCES                                                ,1,20241014,20241022,PR0005          ,1,1,1,0
02561101001,FRX063NM220.0   ,FORMIX MULTIMASSAS                                                                        ,1,20241014,20241022,DB1875          ,1,1,1,0
02582701001,DB4867          ,CONJUNTO ESTEIRA FARINHA                                                                  ,1,20240909,20240917,KF818           ,1,1,1,0
02588401001,DA6202          ,MOLDE ESFIHA RETANGULAR 150X125MM                                                         ,1,20240920,20240928,DA1346          ,1,1,1,0
02588401001,DA6202          ,MOLDE ESFIHA RETANGULAR 150X125MM                                                         ,1,20240920,20240928,DA5036          ,1,1,1,0
02588401001,DA6202          ,MOLDE ESFIHA RETANGULAR 150X125MM                                                         ,1,20240920,20240928,DA5038          ,4,4,4,0
02588401001,DA6202          ,MOLDE ESFIHA RETANGULAR 150X125MM                                                         ,1,20240920,20240928,DA9625          ,4,4,4,0
02588401001,DA6202          ,MOLDE ESFIHA RETANGULAR 150X125MM                                                         ,1,20240920,20240928,DB2614          ,1,1,1,0
02588401001,DA6202          ,MOLDE ESFIHA RETANGULAR 150X125MM                                                         ,1,20240920,20240928,NA2968          ,2,2,2,0
02588401001,DA6202          ,MOLDE ESFIHA RETANGULAR 150X125MM                                                         ,1,20240920,20240928,NA3257          ,1,1,1,0
02611901011,DB5250          ,CONJUNTO CANECA RECHEIO PASTELYX                            ,1,20241118,20241126,DB5237          ,1,1,1,0
02620901001,DB1875          ,SISTEMA AUTOMACAO ELETRICA FORMIX (WEG) NR12                                              ,1,20241021,20241029,KF304           ,1,1,1,0
02620901001,DB1875          ,SISTEMA AUTOMACAO ELETRICA FORMIX (WEG) NR12                                              ,1,20241021,20241029,SERV-DB1875     ,1,1,1,0
02621001001,FRX063NM220.0   ,FORMIX MULTIMASSAS                                                                        ,1,20241118,20241126,DA5469          ,1,1,1,0
02621001001,FRX063NM220.0   ,FORMIX MULTIMASSAS                                                                        ,1,20241118,20241126,DA5650          ,1,1,1,0
02621001001,FRX063NM220.0   ,FORMIX MULTIMASSAS                                                                        ,1,20241118,20241126,DA6015          ,1,1,1,0
02621001001,FRX063NM220.0   ,FORMIX MULTIMASSAS                                                                        ,1,20241118,20241126,DA6399          ,1,1,1,0
02621001001,FRX063NM220.0   ,FORMIX MULTIMASSAS                                                                        ,1,20241118,20241126,DA6449          ,2,2,2,0
02621001001,FRX063NM220.0   ,FORMIX MULTIMASSAS                                                                        ,1,20241118,20241126,DA6450          ,2,2,2,0
02621001001,FRX063NM220.0   ,FORMIX MULTIMASSAS                                                                        ,1,20241118,20241126,DA7135          ,1,1,1,0
02621001001,FRX063NM220.0   ,FORMIX MULTIMASSAS                                                                        ,1,20241118,20241126,DA7136          ,1,1,1,0
02621001001,FRX063NM220.0   ,FORMIX MULTIMASSAS                                                                        ,1,20241118,20241126,KF309           ,1,1,1,0
02621001001,FRX063NM220.0   ,FORMIX MULTIMASSAS                                                                        ,1,20241118,20241126,KF317           ,1,1,1,0
02621001001,FRX063NM220.0   ,FORMIX MULTIMASSAS                                                                        ,1,20241118,20241126,KF344           ,1,1,1,0
02621001001,FRX063NM220.0   ,FORMIX MULTIMASSAS                                                                        ,1,20241118,20241126,KF367-01        ,1,1,1,0
02621001001,FRX063NM220.0   ,FORMIX MULTIMASSAS                                                                        ,1,20241118,20241126,NA0800          ,16,16,12,16
02649401001,DA9053          ,SISTEMA FORMADOR Ø40 SPINNING 400                           ,1,20241021,20241021,DA3990          ,1,1,1,0
02777501002,CM529           ,SISTEMA RESISTENCIA ELETRICA - HOT 14L (DB1652)             ,1,20250210,20250218,DB1934          ,1,1,1,0
02777501006,DA2723          ,CONJUNTO RASPADOR KIT DOCE HOTMIXER 14L                     ,1,20250210,20250218,15205           ,1,1,1,0
02777501006,DA2723          ,CONJUNTO RASPADOR KIT DOCE HOTMIXER 14L                     ,1,20250210,20250218,DA2737          ,1,1,1,0
02777501007,DB3492          ,SISTEMA ESTRUTURA NEW HOTMIXER 14L INOX NR12 - CE           ,1,20250210,20250218,KF512           ,1,1,1,0
02787001001,DB5250          ,CONJUNTO CANECA RECHEIO PASTELYX                            ,1,20241218,20241218,DB5237          ,1,1,1,0
02834901001,HTX106CM220     ,NEW HOTMIXER 14L INOX - MASSEIRA PLANETARIA PARA SALGADOS E/OU DOCES - CE                 ,1,20250313,20250321,DA5992          ,1,1,1,0
02834901001,HTX106CM220     ,NEW HOTMIXER 14L INOX - MASSEIRA PLANETARIA PARA SALGADOS E/OU DOCES - CE                 ,1,20250313,20250321,DB2996          ,1,1,1,0
02834901001,HTX106CM220     ,NEW HOTMIXER 14L INOX - MASSEIRA PLANETARIA PARA SALGADOS E/OU DOCES - CE                 ,1,20250313,20250321,DB3105          ,1,1,1,0
02834901001,HTX106CM220     ,NEW HOTMIXER 14L INOX - MASSEIRA PLANETARIA PARA SALGADOS E/OU DOCES - CE                 ,1,20250313,20250321,DB3746          ,1,1,1,0
02834901003,CM636           ,SISTEMA GAS BSP - HOT 14L - CE (DB2986)                     ,1,20250313,20250321,DB2987          ,1,1,1,0
02834901003,CM636           ,SISTEMA GAS BSP - HOT 14L - CE (DB2986)                     ,1,20250313,20250321,NA3242          ,1,1,1,0
02834901005,DB0036          ,SISTEMA ESTRUTURA NEW HOTMIXER 14L GAS INOX UL NSF          ,1,20250313,20250321,DB2952          ,1,1,1,0
02834901005,DB0036          ,SISTEMA ESTRUTURA NEW HOTMIXER 14L GAS INOX UL NSF          ,1,20250313,20250321,DB3494          ,1,1,1,0
02834901005,DB0036          ,SISTEMA ESTRUTURA NEW HOTMIXER 14L GAS INOX UL NSF          ,1,20250313,20250321,KF512           ,1,1,1,0
02848001001,DA9048          ,SISTEMA FORMADOR Ø22 SPINNING 400                                                         ,1,20250418,20250426,DA4051          ,1,1,1,0
02848001001,DA9048          ,SISTEMA FORMADOR Ø22 SPINNING 400                                                         ,1,20250418,20250426,DA5411          ,1,1,1,0
02849001001,DA9037          ,MOLDE Ø70 MAAMOUL 18 EXTRACAO                                                             ,1,20250221,20250301,SERV-DA9037     ,1,1,1,0
02849901001,HTX101NM220     ,NEW HOTMIXER 14L CARBONO - MASSEIRA PLANETARIA PARA SALGADOS E/OU DOCES - NR12            ,1,20250221,20250301,DB2757          ,1,1,1,0
02849901001,HTX101NM220     ,NEW HOTMIXER 14L CARBONO - MASSEIRA PLANETARIA PARA SALGADOS E/OU DOCES - NR12            ,1,20250221,20250301,HTX101CM220     ,1,1,1,0
02874801003,DA7117          ,SISTEMA ESTRUTURA SUPERIOR EMBANDEJADOR UL NSF              ,1,20250423,20250501,NA1095          ,1,1,1,0
02884601001,DB3596          ,SISTEMA MASSA SEW                                                                         ,1,20250526,20250603,15805           ,1,1,1,0
02884601001,DB3596          ,SISTEMA MASSA SEW                                                                         ,1,20250526,20250603,KF151.B         ,1,1,1,0
02884601001,DB3596          ,SISTEMA MASSA SEW                                                                         ,1,20250526,20250603,KF152           ,1,1,1,0
02884601001,DB3596          ,SISTEMA MASSA SEW                                                                         ,1,20250526,20250603,KF155-02        ,1,1,1,0
02885301001,MFX098NM220     ,MAXIFORM LUNA - MAQUINA FORMADORA/RECHEADORA - NR12                                       ,1,20250530,20250607,DA9549          ,1,1,1,0
02885301001,MFX098NM220     ,MAXIFORM LUNA - MAQUINA FORMADORA/RECHEADORA - NR12                                       ,1,20250530,20250607,DA9582          ,1,1,1,0
02885301001,MFX098NM220     ,MAXIFORM LUNA - MAQUINA FORMADORA/RECHEADORA - NR12                                       ,1,20250530,20250607,DA9584          ,1,1,1,0
02885301001,MFX098NM220     ,MAXIFORM LUNA - MAQUINA FORMADORA/RECHEADORA - NR12                                       ,1,20250530,20250607,DB0107          ,1,1,1,0
02885301001,MFX098NM220     ,MAXIFORM LUNA - MAQUINA FORMADORA/RECHEADORA - NR12                                       ,1,20250530,20250607,DB0286          ,1,1,1,0
02885301001,MFX098NM220     ,MAXIFORM LUNA - MAQUINA FORMADORA/RECHEADORA - NR12                                       ,1,20250530,20250607,DB0399          ,6,6,6,0
02885301001,MFX098NM220     ,MAXIFORM LUNA - MAQUINA FORMADORA/RECHEADORA - NR12                                       ,1,20250530,20250607,DB0400          ,6,6,6,0
02885301001,MFX098NM220     ,MAXIFORM LUNA - MAQUINA FORMADORA/RECHEADORA - NR12                                       ,1,20250530,20250607,DB0402          ,2,2,2,0
02885301001,MFX098NM220     ,MAXIFORM LUNA - MAQUINA FORMADORA/RECHEADORA - NR12                                       ,1,20250530,20250607,KF456-06        ,1,1,1,0
02885301001,MFX098NM220     ,MAXIFORM LUNA - MAQUINA FORMADORA/RECHEADORA - NR12                                       ,1,20250530,20250607,KF456-07        ,1,1,1,0
02885301001,MFX098NM220     ,MAXIFORM LUNA - MAQUINA FORMADORA/RECHEADORA - NR12                                       ,1,20250530,20250607,KF709           ,1,1,1,0
02885301001,MFX098NM220     ,MAXIFORM LUNA - MAQUINA FORMADORA/RECHEADORA - NR12                                       ,1,20250530,20250607,SC174           ,1,1,1,0
02888701005,DB3599          ,SISTEMA RECHEIO BIG 6.0 NR12 SEW                            ,1,20250606,20250614,15805           ,2,2,2,0
02888701005,DB3599          ,SISTEMA RECHEIO BIG 6.0 NR12 SEW                            ,1,20250606,20250614,DA4038          ,1,1,1,0
02922101001,MFX177CM220     ,MAXIFORM SUPER BIG 20.0 PLUS TECH MKR - MAQUINA FORMADORA/RECHEADORA - CE                 ,1,20250627,20250705,DB4302          ,1,1,1,0
02922101001,MFX177CM220     ,MAXIFORM SUPER BIG 20.0 PLUS TECH MKR - MAQUINA FORMADORA/RECHEADORA - CE                 ,1,20250627,20250705,DB5309          ,1,1,1,0
02922101001,MFX177CM220     ,MAXIFORM SUPER BIG 20.0 PLUS TECH MKR - MAQUINA FORMADORA/RECHEADORA - CE                 ,1,20250627,20250705,DB5599          ,1,1,1,0
02922101001,MFX177CM220     ,MAXIFORM SUPER BIG 20.0 PLUS TECH MKR - MAQUINA FORMADORA/RECHEADORA - CE                 ,1,20250627,20250705,DB5600          ,1,1,1,0
02922101001,MFX177CM220     ,MAXIFORM SUPER BIG 20.0 PLUS TECH MKR - MAQUINA FORMADORA/RECHEADORA - CE                 ,1,20250627,20250705,DB5601          ,1,1,1,0
02922101002,DB4302          ,SISTEMA RECHEIO SUPER 20.0 PLUS MKR                         ,1,20250627,20250705,15805           ,5,5,4,1
02922101002,DB4302          ,SISTEMA RECHEIO SUPER 20.0 PLUS MKR                         ,1,20250627,20250705,DB0298          ,2,2,1,2
02922101002,DB4302          ,SISTEMA RECHEIO SUPER 20.0 PLUS MKR                         ,1,20250627,20250705,KF761-01        ,1,1,1,0
02922101002,DB4302          ,SISTEMA RECHEIO SUPER 20.0 PLUS MKR                         ,1,20250627,20250705,NA3108          ,2,2,2,0
02922101005,DB5309          ,SISTEMA ESTRUTURA SUPER 20                                  ,1,20250627,20250705,KF835-01        ,1,1,1,0
02922101010,DB5600          ,SISTEMA MOLDE FORMADOR SUPER 20.0 PLUS MKR CE               ,1,20250627,20250705,15512           ,2,2,1,2
02922101010,DB5600          ,SISTEMA MOLDE FORMADOR SUPER 20.0 PLUS MKR CE               ,1,20250627,20250705,DA3805          ,2,2,2,0
02922101010,DB5600          ,SISTEMA MOLDE FORMADOR SUPER 20.0 PLUS MKR CE               ,1,20250627,20250705,PR0308          ,2,2,1,2
02960801002,DB4302          ,SISTEMA RECHEIO SUPER 20.0 PLUS MKR                         ,1,20250728,20250805,15805           ,5,5,5,0
02960801002,DB4302          ,SISTEMA RECHEIO SUPER 20.0 PLUS MKR                         ,1,20250728,20250805,KF146           ,2,2,2,0
02960801012,DB5600          ,SISTEMA MOLDE FORMADOR SUPER 20.0 PLUS MKR CE               ,1,20250728,20250805,15205           ,2,2,2,0
02968101003,CM605           ,SISTEMA ESTRUTURA - FRITADEIRA CONTINUA (DB0700)            ,1,20250728,20250805,KF600-05        ,1,1,1,0
02968101005,DB3363          ,TELA FIXACAO ISOLANTE TERMICO                               ,1,20250728,20250805,NA3548          ,0.08,0.08,0.08,0
02968101006,CM606           ,SISTEMA ESTEIRA - FRITADEIRA CONTINUA (DB0703)              ,1,20250728,20250805,KF611           ,1,1,1,0
02989201001,DB0273          ,SISTEMA ACESSORIOS DROP TOP SISTEMA PLUS UL NSF                                           ,1,20250723,20250731,DA5593          ,6,6,2,6
02989201002,DA2531          ,CONJUTO REGUA DO BOLO                                       ,1,20250723,20250731,DA2560          ,2,2,1,2
02989201008,DB0272          ,CONJUNTO CABECOTE MASSA MAIOR UL NSF                        ,1,20250723,20250731,KF335           ,1,1,1,0
02989201008,DB0272          ,CONJUNTO CABECOTE MASSA MAIOR UL NSF                        ,1,20250723,20250731,KF339           ,1,1,1,0
03003501001,DB5692          ,SISTEMA MASSA RECHEIO 1 COM PROPULSOR DUE 10.0 MK CE                                      ,1,20250825,20250902,10104           ,8,8,8,0
03003501001,DB5692          ,SISTEMA MASSA RECHEIO 1 COM PROPULSOR DUE 10.0 MK CE                                      ,1,20250825,20250902,11406           ,8,8,8,0
03003501001,DB5692          ,SISTEMA MASSA RECHEIO 1 COM PROPULSOR DUE 10.0 MK CE                                      ,1,20250825,20250902,15802           ,1,1,1,0
03003501001,DB5692          ,SISTEMA MASSA RECHEIO 1 COM PROPULSOR DUE 10.0 MK CE                                      ,1,20250825,20250902,15805           ,1,1,1,0
03003501001,DB5692          ,SISTEMA MASSA RECHEIO 1 COM PROPULSOR DUE 10.0 MK CE                                      ,1,20250825,20250902,DA0511          ,4,4,4,0
03003501001,DB5692          ,SISTEMA MASSA RECHEIO 1 COM PROPULSOR DUE 10.0 MK CE                                      ,1,20250825,20250902,DA0516          ,2,2,2,0
03003501001,DB5692          ,SISTEMA MASSA RECHEIO 1 COM PROPULSOR DUE 10.0 MK CE                                      ,1,20250825,20250902,DA0841          ,4,4,4,0
03003501001,DB5692          ,SISTEMA MASSA RECHEIO 1 COM PROPULSOR DUE 10.0 MK CE                                      ,1,20250825,20250902,DA1057          ,4,4,4,0
03003501001,DB5692          ,SISTEMA MASSA RECHEIO 1 COM PROPULSOR DUE 10.0 MK CE                                      ,1,20250825,20250902,DA3781          ,1,1,1,0
03003501001,DB5692          ,SISTEMA MASSA RECHEIO 1 COM PROPULSOR DUE 10.0 MK CE                                      ,1,20250825,20250902,DA6408          ,1,1,1,0
03003501001,DB5692          ,SISTEMA MASSA RECHEIO 1 COM PROPULSOR DUE 10.0 MK CE                                      ,1,20250825,20250902,DB5667          ,4,4,4,0
03003501001,DB5692          ,SISTEMA MASSA RECHEIO 1 COM PROPULSOR DUE 10.0 MK CE                                      ,1,20250825,20250902,KF867           ,1,1,1,0
03003501001,DB5692          ,SISTEMA MASSA RECHEIO 1 COM PROPULSOR DUE 10.0 MK CE                                      ,1,20250825,20250902,KF868           ,1,1,1,0
03003501001,DB5692          ,SISTEMA MASSA RECHEIO 1 COM PROPULSOR DUE 10.0 MK CE                                      ,1,20250825,20250902,KF869-01        ,1,1,1,0
03003501001,DB5692          ,SISTEMA MASSA RECHEIO 1 COM PROPULSOR DUE 10.0 MK CE                                      ,1,20250825,20250902,NA0810          ,4,4,4,0
03003501001,DB5692          ,SISTEMA MASSA RECHEIO 1 COM PROPULSOR DUE 10.0 MK CE                                      ,1,20250825,20250902,NA1180          ,1,1,1,0
03003501001,DB5692          ,SISTEMA MASSA RECHEIO 1 COM PROPULSOR DUE 10.0 MK CE                                      ,1,20250825,20250902,NA1915          ,2,2,2,0
03003501001,DB5692          ,SISTEMA MASSA RECHEIO 1 COM PROPULSOR DUE 10.0 MK CE                                      ,1,20250825,20250902,NA1923          ,2,2,2,0
03003501001,DB5692          ,SISTEMA MASSA RECHEIO 1 COM PROPULSOR DUE 10.0 MK CE                                      ,1,20250825,20250902,NA3405          ,1,1,1,0
03003501001,DB5692          ,SISTEMA MASSA RECHEIO 1 COM PROPULSOR DUE 10.0 MK CE                                      ,1,20250825,20250902,NA3766          ,1,1,1,0
03003501001,DB5692          ,SISTEMA MASSA RECHEIO 1 COM PROPULSOR DUE 10.0 MK CE                                      ,1,20250825,20250902,NA3767          ,1,1,1,0
03003501001,DB5692          ,SISTEMA MASSA RECHEIO 1 COM PROPULSOR DUE 10.0 MK CE                                      ,1,20250825,20250902,NA3770          ,1,1,1,0
03003501001,DB5692          ,SISTEMA MASSA RECHEIO 1 COM PROPULSOR DUE 10.0 MK CE                                      ,1,20250825,20250902,NA3913          ,4,4,4,0
03004101001,DB5601          ,SISTEMA MASSA SUPER 20.0 PLUS MKR CE                                                      ,1,20250825,20250902,15805           ,1,1,1,0
03004101001,DB5601          ,SISTEMA MASSA SUPER 20.0 PLUS MKR CE                                                      ,1,20250825,20250902,NA3108          ,3,3,3,0
03008401002,CM400           ,ESTRUTURA + SISTEMA FORMADOR DOLCELYX NR12 / CE (DA8951+DA89,1,20250825,20250902,NA2557          ,1,1,1,0
03008401007,CM401           ,SISTEMA COMPRESSAO - DOLCELYX (DA8960)                      ,1,20250825,20250902,DA8543          ,1,1,1,0
03008401007,CM401           ,SISTEMA COMPRESSAO - DOLCELYX (DA8960)                      ,1,20250825,20250902,DA8580          ,1,1,1,0
03008401007,CM401           ,SISTEMA COMPRESSAO - DOLCELYX (DA8960)                      ,1,20250825,20250902,KF406           ,1,1,1,0
03008401007,CM401           ,SISTEMA COMPRESSAO - DOLCELYX (DA8960)                      ,1,20250825,20250902,NA3992          ,1,1,1,0
03008401008,DB4975          ,CONJUNTO CAVALETE DO SISTEMA COMPRESSOR                     ,1,20250825,20250902,DB4970          ,2,2,2,0
03008501001,MFX090NM220     ,MAXIFORM DOLCELYX - MAQUINA FORMADORA - NR12                                              ,1,20250825,20250902,DB1576          ,1,1,1,0
03008501002,CM400           ,ESTRUTURA + SISTEMA FORMADOR DOLCELYX NR12 / CE (DA8951+DA89,1,20250825,20250902,KF179.B         ,1,1,1,0
03008501002,CM400           ,ESTRUTURA + SISTEMA FORMADOR DOLCELYX NR12 / CE (DA8951+DA89,1,20250825,20250902,NA2557          ,1,1,1,0
03008501007,CM401           ,SISTEMA COMPRESSAO - DOLCELYX (DA8960)                      ,1,20250825,20250902,DA8543          ,1,1,1,0
03008501007,CM401           ,SISTEMA COMPRESSAO - DOLCELYX (DA8960)                      ,1,20250825,20250902,DA8580          ,1,1,1,0
03008501007,CM401           ,SISTEMA COMPRESSAO - DOLCELYX (DA8960)                      ,1,20250825,20250902,DB6861          ,1,1,1,0
03008501007,CM401           ,SISTEMA COMPRESSAO - DOLCELYX (DA8960)                      ,1,20250825,20250902,KF406           ,1,1,1,0
03009201006,DA2723          ,CONJUNTO RASPADOR KIT DOCE HOTMIXER 14L                     ,1,20250901,20250909,DA2740          ,2,2,1,2
03014401003,CM605           ,SISTEMA ESTRUTURA - FRITADEIRA CONTINUA (DB0700)            ,1,20250825,20250902,KF600-05        ,1,1,1,0
03014401005,DB3363          ,TELA FIXACAO ISOLANTE TERMICO                               ,1,20250825,20250902,NA3548          ,0.08,0.08,0.08,0
03014401006,CM606           ,SISTEMA ESTEIRA - FRITADEIRA CONTINUA (DB0703)              ,1,20250825,20250902,KF611           ,1,1,1,0
03014401007,CM609           ,SISTEMA PROTECAO - FRITADEIRA CONTINUA (DB0752)             ,1,20250825,20250902,DB1160          ,1,1,1,0
03014401007,CM609           ,SISTEMA PROTECAO - FRITADEIRA CONTINUA (DB0752)             ,1,20250825,20250902,KF607-06        ,1,1,1,0
03015501001,ECX031CM220     ,ESTAMPADOR/CORTADOR - DISPOSITIVO P/ MOLDAR/CORTAR C/ AQUEC.                              ,1,20250825,20250902,DA6725          ,1,1,1,0
03015501001,ECX031CM220     ,ESTAMPADOR/CORTADOR - DISPOSITIVO P/ MOLDAR/CORTAR C/ AQUEC.                              ,1,20250825,20250902,DB3346          ,2,2,2,0
03015501001,ECX031CM220     ,ESTAMPADOR/CORTADOR - DISPOSITIVO P/ MOLDAR/CORTAR C/ AQUEC.                              ,1,20250825,20250902,NA0786          ,2,2,1,2
03015501001,ECX031CM220     ,ESTAMPADOR/CORTADOR - DISPOSITIVO P/ MOLDAR/CORTAR C/ AQUEC.                              ,1,20250825,20250902,NA0813          ,2,2,2,0
03029001001,DB3720          ,SISTEMA MASSA SEW UL NSF                                                                  ,1,20250723,20250731,10104           ,8,8,8,0
03029001001,DB3720          ,SISTEMA MASSA SEW UL NSF                                                                  ,1,20250723,20250731,10112F25        ,4,4,4,0
03029001001,DB3720          ,SISTEMA MASSA SEW UL NSF                                                                  ,1,20250723,20250731,11406           ,6,6,6,0
03029001001,DB3720          ,SISTEMA MASSA SEW UL NSF                                                                  ,1,20250723,20250731,15804           ,2,2,2,0
03029001001,DB3720          ,SISTEMA MASSA SEW UL NSF                                                                  ,1,20250723,20250731,15805           ,1,1,1,0
03029001001,DB3720          ,SISTEMA MASSA SEW UL NSF                                                                  ,1,20250723,20250731,DA0511          ,2,2,2,0
03029001001,DB3720          ,SISTEMA MASSA SEW UL NSF                                                                  ,1,20250723,20250731,DA0841          ,4,4,4,0
03029001001,DB3720          ,SISTEMA MASSA SEW UL NSF                                                                  ,1,20250723,20250731,DA1057          ,2,2,2,0
03029001001,DB3720          ,SISTEMA MASSA SEW UL NSF                                                                  ,1,20250723,20250731,DA3777          ,1,1,1,0
03029001001,DB3720          ,SISTEMA MASSA SEW UL NSF                                                                  ,1,20250723,20250731,DA3781          ,1,1,1,0
03029001001,DB3720          ,SISTEMA MASSA SEW UL NSF                                                                  ,1,20250723,20250731,DA4364          ,1,1,1,0
03029001001,DB3720          ,SISTEMA MASSA SEW UL NSF                                                                  ,1,20250723,20250731,DA6408          ,1,1,1,0
03029001001,DB3720          ,SISTEMA MASSA SEW UL NSF                                                                  ,1,20250723,20250731,DB3431          ,2,2,2,0
03029001001,DB3720          ,SISTEMA MASSA SEW UL NSF                                                                  ,1,20250723,20250731,KF431-04        ,1,1,1,0
03029001001,DB3720          ,SISTEMA MASSA SEW UL NSF                                                                  ,1,20250723,20250731,KF733-01        ,1,1,1,0
03029001001,DB3720          ,SISTEMA MASSA SEW UL NSF                                                                  ,1,20250723,20250731,KF734-01        ,1,1,1,0
03029001001,DB3720          ,SISTEMA MASSA SEW UL NSF                                                                  ,1,20250723,20250731,NA0810          ,4,4,4,0
03029001001,DB3720          ,SISTEMA MASSA SEW UL NSF                                                                  ,1,20250723,20250731,NA1915          ,1,1,1,0
03029001001,DB3720          ,SISTEMA MASSA SEW UL NSF                                                                  ,1,20250723,20250731,NA1923          ,2,2,2,0
03029001001,DB3720          ,SISTEMA MASSA SEW UL NSF                                                                  ,1,20250723,20250731,NA2290          ,1,1,1,0
03029001001,DB3720          ,SISTEMA MASSA SEW UL NSF                                                                  ,1,20250723,20250731,NA3185          ,1,1,1,0
03029001001,DB3720          ,SISTEMA MASSA SEW UL NSF                                                                  ,1,20250723,20250731,NA3405          ,1,1,1,0
03029001001,DB3720          ,SISTEMA MASSA SEW UL NSF                                                                  ,1,20250723,20250731,NA3519          ,1,1,1,0
03029001001,DB3720          ,SISTEMA MASSA SEW UL NSF                                                                  ,1,20250723,20250731,NA3819          ,1,1,1,0
03033601001,HTX108NM220     ,NEW HOTMIXER 14L ELETRICA INOX - MASSEIRA PLANETARIA PARA SALGADOS E/OU DOCES - NR12      ,1,20250813,20250821,CM511           ,1,1,1,0
03033601001,HTX108NM220     ,NEW HOTMIXER 14L ELETRICA INOX - MASSEIRA PLANETARIA PARA SALGADOS E/OU DOCES - NR12      ,1,20250813,20250821,CM529           ,1,1,1,0
03033601001,HTX108NM220     ,NEW HOTMIXER 14L ELETRICA INOX - MASSEIRA PLANETARIA PARA SALGADOS E/OU DOCES - NR12      ,1,20250813,20250821,DA5992          ,1,1,1,0
03033601001,HTX108NM220     ,NEW HOTMIXER 14L ELETRICA INOX - MASSEIRA PLANETARIA PARA SALGADOS E/OU DOCES - NR12      ,1,20250813,20250821,DB3492          ,1,1,1,0
03033601001,HTX108NM220     ,NEW HOTMIXER 14L ELETRICA INOX - MASSEIRA PLANETARIA PARA SALGADOS E/OU DOCES - NR12      ,1,20250813,20250821,DB3746          ,1,1,1,0
03044701001,DB6215          ,SISTEMA AUTOMACAO ELETRICA LUNA TECH 2025 UL                                              ,1,20250822,20250830,DA9553          ,1,1,1,0
03044701001,DB6215          ,SISTEMA AUTOMACAO ELETRICA LUNA TECH 2025 UL                                              ,1,20250822,20250830,DB4850          ,1,1,1,0
03044701001,DB6215          ,SISTEMA AUTOMACAO ELETRICA LUNA TECH 2025 UL                                              ,1,20250822,20250830,DB5325          ,1,1,1,0
03044701001,DB6215          ,SISTEMA AUTOMACAO ELETRICA LUNA TECH 2025 UL                                              ,1,20250822,20250830,NA4127          ,1,1,1,0
03044701001,DB6215          ,SISTEMA AUTOMACAO ELETRICA LUNA TECH 2025 UL                                              ,1,20250822,20250830,SERV-DB6215     ,1,1,1,0
03064101002,DB0185          ,CONJUNTO TANQUE LIQUIDO FORBO                               ,2,20250806,20250806,DA1140          ,2,2,2,0
03064101002,DB0185          ,CONJUNTO TANQUE LIQUIDO FORBO                               ,2,20250806,20250806,DA1581          ,2,2,2,0
03064101002,DB0185          ,CONJUNTO TANQUE LIQUIDO FORBO                               ,2,20250806,20250806,DA1683          ,2,2,2,0
03064101002,DB0185          ,CONJUNTO TANQUE LIQUIDO FORBO                               ,2,20250806,20250806,DA1700          ,16,16,16,0
03064101002,DB0185          ,CONJUNTO TANQUE LIQUIDO FORBO                               ,2,20250806,20250806,DA1705          ,6,6,6,0
03064101002,DB0185          ,CONJUNTO TANQUE LIQUIDO FORBO                               ,2,20250806,20250806,DA3350          ,4,4,4,0
03064101002,DB0185          ,CONJUNTO TANQUE LIQUIDO FORBO                               ,2,20250806,20250806,DA3383          ,4,4,4,0
03064101002,DB0185          ,CONJUNTO TANQUE LIQUIDO FORBO                               ,2,20250806,20250806,DA3384          ,4,4,4,0
03064101002,DB0185          ,CONJUNTO TANQUE LIQUIDO FORBO                               ,2,20250806,20250806,DA8063          ,2,2,2,0
03064101002,DB0185          ,CONJUNTO TANQUE LIQUIDO FORBO                               ,2,20250806,20250806,DA8064          ,2,2,2,0
03064101002,DB0185          ,CONJUNTO TANQUE LIQUIDO FORBO                               ,2,20250806,20250806,DA8065          ,4,4,4,0
03064101002,DB0185          ,CONJUNTO TANQUE LIQUIDO FORBO                               ,2,20250806,20250806,DA9858          ,1,1,1,0
03064101002,DB0185          ,CONJUNTO TANQUE LIQUIDO FORBO                               ,2,20250806,20250806,DB0186          ,2,2,2,0
03064101002,DB0185          ,CONJUNTO TANQUE LIQUIDO FORBO                               ,2,20250806,20250806,DB0188          ,4,4,4,0
03064101002,DB0185          ,CONJUNTO TANQUE LIQUIDO FORBO                               ,2,20250806,20250806,DB0869          ,19,19,19,0
03064101002,DB0185          ,CONJUNTO TANQUE LIQUIDO FORBO                               ,2,20250806,20250806,DB1363          ,2,2,2,0
03064101002,DB0185          ,CONJUNTO TANQUE LIQUIDO FORBO                               ,2,20250806,20250806,NA2630          ,4,4,4,0
03064101002,DB0185          ,CONJUNTO TANQUE LIQUIDO FORBO                               ,2,20250806,20250806,NA2921          ,4,4,4,0
03064101002,DB0185          ,CONJUNTO TANQUE LIQUIDO FORBO                               ,2,20250806,20250806,NA4125          ,2,2,2,0
03073601001,DA5966          ,CONJUNTO CABECOTE DE MASSA UL/NSF                                                         ,1,20250823,20250831,KF335           ,1,1,1,0
03073701001,DA5966          ,CONJUNTO CABECOTE DE MASSA UL/NSF                                                         ,1,20250823,20250831,KF335           ,1,1,1,0
03074001002,CM306           ,ESTEIRA POLIDA (DA8642)                                     ,1,20250823,20250831,KF357           ,1,1,1,0
03074101002,DB0273          ,SISTEMA ACESSORIOS DROP TOP SISTEMA PLUS UL NSF             ,1,20250823,20250831,DA5624          ,6,6,5,6
03074101006,DA6009          ,CONJUNTO REGUA DO MUFFIN 4 SAIDAS NSF                       ,1,20250823,20250831,DA5665          ,4,4,1,4
03074101007,DB0271          ,CONJUNTO BOMBA MAIOR UL NSF                                 ,1,20250823,20250831,DA8654          ,1,1,1,0
03074201003,DA2531          ,CONJUTO REGUA DO BOLO                                       ,1,20250823,20250831,DA2559          ,2,2,1,2
03074201003,DA2531          ,CONJUTO REGUA DO BOLO                                       ,1,20250823,20250831,DA2560          ,2,2,1,2
03074201007,DB0271          ,CONJUNTO BOMBA MAIOR UL NSF                                 ,1,20250823,20250831,DA8654          ,1,1,1,0
03113601001,DB2110          ,SISTEMA ESTEIRA ARAMADA PRODUTO CHAPADO                                                   ,1,20250903,20250911,KF663           ,1,1,1,0
03113601001,DB2110          ,SISTEMA ESTEIRA ARAMADA PRODUTO CHAPADO                                                   ,1,20250903,20250911,KF663-03        ,1,1,1,0
03118101001,DB2110          ,SISTEMA ESTEIRA ARAMADA PRODUTO CHAPADO                                                   ,1,20250913,20250921,KF663-03        ,1,1,1,0
03119301001,DB6375          ,CESTO PASTEL BR FRY                                                                       ,5,20250913,20250921,DB6204          ,10,10,10,0
03119301001,DB6375          ,CESTO PASTEL BR FRY                                                                       ,5,20250913,20250921,DB6323          ,5,5,5,0
03119301001,DB6375          ,CESTO PASTEL BR FRY                                                                       ,5,20250913,20250921,DB6325          ,5,5,5,0
03119301001,DB6375          ,CESTO PASTEL BR FRY                                                                       ,5,20250913,20250921,DB6329          ,5,5,5,0
03119301001,DB6375          ,CESTO PASTEL BR FRY                                                                       ,5,20250913,20250921,DB6330          ,5,5,5,0
03119301001,DB6375          ,CESTO PASTEL BR FRY                                                                       ,5,20250913,20250921,DB6362          ,5,5,5,0
03119301001,DB6375          ,CESTO PASTEL BR FRY                                                                       ,5,20250913,20250921,DB6370          ,5,5,5,0
03119301001,DB6375          ,CESTO PASTEL BR FRY                                                                       ,5,20250913,20250921,DB6746          ,5,5,5,0
03119301001,DB6375          ,CESTO PASTEL BR FRY                                                                       ,5,20250913,20250921,NA4154          ,5,5,5,0
03119301001,DB6375          ,CESTO PASTEL BR FRY                                                                       ,5,20250913,20250921,NA4156          ,5,5,5,0
03119301001,DB6375          ,CESTO PASTEL BR FRY                                                                       ,5,20250913,20250921,NA4161          ,5,5,5,0
03121601001,DB6466          ,MOLDE ESFIHA ABERTA DIAMETRO 110MM                                                        ,2,20250910,20250918,DA5036          ,2,2,2,0
03121901001,DB6779          ,SISTEMA ROLO FORMADOR CORTADOR RETANGULAR 60 X 89 - 4 CAVIDADES                           ,1,20250911,20250919,DB6777          ,1,1,1,0
03124001001,DB4297          ,SISTEMA ROLO FORMADOR CORTADOR RETANGULAR 48 X 58 - 9 CAVIDADES                           ,1,20250917,20250925,DB4155          ,2,2,2,0
03124001001,DB4297          ,SISTEMA ROLO FORMADOR CORTADOR RETANGULAR 48 X 58 - 9 CAVIDADES                           ,1,20250917,20250925,DB4171          ,1,1,1,0
03124001001,DB4297          ,SISTEMA ROLO FORMADOR CORTADOR RETANGULAR 48 X 58 - 9 CAVIDADES                           ,1,20250917,20250925,DB4263          ,1,1,1,0
03124001001,DB4297          ,SISTEMA ROLO FORMADOR CORTADOR RETANGULAR 48 X 58 - 9 CAVIDADES                           ,1,20250917,20250925,DB4265          ,2,2,2,0
03124001001,DB4297          ,SISTEMA ROLO FORMADOR CORTADOR RETANGULAR 48 X 58 - 9 CAVIDADES                           ,1,20250917,20250925,DB4267          ,1,1,1,0
03124001001,DB4297          ,SISTEMA ROLO FORMADOR CORTADOR RETANGULAR 48 X 58 - 9 CAVIDADES                           ,1,20250917,20250925,DB4298          ,1,1,1,0
03124001001,DB4297          ,SISTEMA ROLO FORMADOR CORTADOR RETANGULAR 48 X 58 - 9 CAVIDADES                           ,1,20250917,20250925,DB6430          ,1,1,1,0
03124001001,DB4297          ,SISTEMA ROLO FORMADOR CORTADOR RETANGULAR 48 X 58 - 9 CAVIDADES                           ,1,20250917,20250925,NA2715          ,2,2,2,0
03124801001,DB0679          ,SISTEMA ESTEIRA SEM TOMBO CORRENTE NORMA DIN FARINHA EMPANAMIX CHAPADO                    ,1,20250918,20250926,DB4827          ,1,1,1,0
03127901002,BRX0002001      ,SISTEMA ESTRUTURA                                           ,1,20250919,20250927,DB6571          ,1,1,1,0
03127901002,BRX0002001      ,SISTEMA ESTRUTURA                                           ,1,20250919,20250927,KF886           ,1,1,1,0
03127901003,DB5464          ,CONJUNTO BRACO ARTICULAVEL SUPER 20                         ,1,20250919,20250927,KF841-01        ,1,1,1,0
03127901004,DB6538          ,GAVETA BIG 10.0 TECH / DUE 10.0 TECH                        ,1,20250919,20250927,KF884           ,1,1,1,0
03127901005,DB6543          ,GAVETA PAINEL ELETRICO BIG 10.0 TECH / DUE 10.0 TECH        ,1,20250919,20250927,KF885           ,1,1,1,0
03127901009,DB4325          ,"SISTEMA MOLDE FORMADOR NR12 1:10 0,25KW M16                 ",1,20250919,20250927,PR0308          ,1,1,1,0
03127901012,DB4561          ,SISTEMA ESTEIRA MOVEL LINHA INDUSTRIAL                      ,1,20250919,20250927,KF795-01        ,1,1,1,0
03127901013,DB4861          ,SISTEMA RECHEIO DUPLO MAXIFORM INDUSTRIAL                   ,1,20250919,20250927,15805           ,4,4,4,0
03127901013,DB4861          ,SISTEMA RECHEIO DUPLO MAXIFORM INDUSTRIAL                   ,1,20250919,20250927,DA7687          ,1,1,1,0
03127901013,DB4861          ,SISTEMA RECHEIO DUPLO MAXIFORM INDUSTRIAL                   ,1,20250919,20250927,KF799           ,1,1,1,0
03127901013,DB4861          ,SISTEMA RECHEIO DUPLO MAXIFORM INDUSTRIAL                   ,1,20250919,20250927,KF800-01        ,1,1,1,0
03128201006,DB6506          ,SISTEMA ESTRUTURA NSF UL                                    ,1,20251110,20251118,DA3788          ,1,1,1,0
03128201006,DB6506          ,SISTEMA ESTRUTURA NSF UL                                    ,1,20251110,20251118,DA3788          ,3,3,3,0
03128201011,DB6843          ,SISTEMA RECHEIO DUE 10 TECH UL NSF                          ,1,20251110,20251118,15805           ,4,4,4,0
03138601001,DB5374          ,SISTEMA ROLO FORMADOR CORTADOR MEIA-LUA 56 X 66 - 6 CAVIDADE,3,20250925,20250925,DB4155          ,6,6,6,0
03138601001,DB5374          ,SISTEMA ROLO FORMADOR CORTADOR MEIA-LUA 56 X 66 - 6 CAVIDADE,3,20250925,20250925,DB4171          ,3,3,3,0
03138601001,DB5374          ,SISTEMA ROLO FORMADOR CORTADOR MEIA-LUA 56 X 66 - 6 CAVIDADE,3,20250925,20250925,DB4263          ,3,3,3,0
03138601001,DB5374          ,SISTEMA ROLO FORMADOR CORTADOR MEIA-LUA 56 X 66 - 6 CAVIDADE,3,20250925,20250925,DB4265          ,6,6,6,0
03138601001,DB5374          ,SISTEMA ROLO FORMADOR CORTADOR MEIA-LUA 56 X 66 - 6 CAVIDADE,3,20250925,20250925,DB4267          ,3,3,3,0
03138601001,DB5374          ,SISTEMA ROLO FORMADOR CORTADOR MEIA-LUA 56 X 66 - 6 CAVIDADE,3,20250925,20250925,DB5375          ,3,3,3,0
03138601001,DB5374          ,SISTEMA ROLO FORMADOR CORTADOR MEIA-LUA 56 X 66 - 6 CAVIDADE,3,20250925,20250925,DB6437          ,3,3,3,0
03138601001,DB5374          ,SISTEMA ROLO FORMADOR CORTADOR MEIA-LUA 56 X 66 - 6 CAVIDADE,3,20250925,20250925,NA2715          ,6,6,6,0
03143901001,BRX0003         ,MONTAGEM GERAL                                                                            ,1,20251108,20251116,BRX0003001      ,1,1,1,0
03143901001,BRX0003         ,MONTAGEM GERAL                                                                            ,1,20251108,20251116,CM511           ,1,1,1,0
03143901001,BRX0003         ,MONTAGEM GERAL                                                                            ,1,20251108,20251116,DB0011          ,1,1,1,0
03143901001,BRX0003         ,MONTAGEM GERAL                                                                            ,1,20251108,20251116,DB2757          ,1,1,1,0
03143901001,BRX0003         ,MONTAGEM GERAL                                                                            ,1,20251108,20251116,DB2941          ,1,1,1,0
03143901001,BRX0003         ,MONTAGEM GERAL                                                                            ,1,20251108,20251116,DB3525          ,1,1,1,0
03143901001,BRX0003         ,MONTAGEM GERAL                                                                            ,1,20251108,20251116,DB3746          ,1,1,1,0
03143901001,BRX0003         ,MONTAGEM GERAL                                                                            ,1,20251108,20251116,DB6848          ,1,1,1,0
03143901001,BRX0003         ,MONTAGEM GERAL                                                                            ,1,20251108,20251116,DB6849          ,1,1,1,0
03143901002,BRX0003001      ,SISTEMA ESTRUTURA                                           ,1,20251108,20251116,15200           ,5,5,5,0
03143901002,BRX0003001      ,SISTEMA ESTRUTURA                                           ,1,20251108,20251116,25043           ,1,1,1,0
03143901002,BRX0003001      ,SISTEMA ESTRUTURA                                           ,1,20251108,20251116,DB1581          ,4,4,4,0
03143901002,BRX0003001      ,SISTEMA ESTRUTURA                                           ,1,20251108,20251116,DB2038          ,1,1,1,0
03143901002,BRX0003001      ,SISTEMA ESTRUTURA                                           ,1,20251108,20251116,DB3724          ,2,2,2,0
03143901002,BRX0003001      ,SISTEMA ESTRUTURA                                           ,1,20251108,20251116,DB3727          ,1,1,1,0
03143901002,BRX0003001      ,SISTEMA ESTRUTURA                                           ,1,20251108,20251116,DB3825          ,3,3,3,0
03143901002,BRX0003001      ,SISTEMA ESTRUTURA                                           ,1,20251108,20251116,KF895           ,1,1,1,0
03143901002,BRX0003001      ,SISTEMA ESTRUTURA                                           ,1,20251108,20251116,NA1433          ,1,1,1,0
03143901002,BRX0003001      ,SISTEMA ESTRUTURA                                           ,1,20251108,20251116,NA1434          ,1,1,1,0
03143901002,BRX0003001      ,SISTEMA ESTRUTURA                                           ,1,20251108,20251116,NA2143          ,1,1,1,0
03143901002,BRX0003001      ,SISTEMA ESTRUTURA                                           ,1,20251108,20251116,NA2206          ,1,1,1,0
03143901002,BRX0003001      ,SISTEMA ESTRUTURA                                           ,1,20251108,20251116,NA2800          ,1,1,1,0
03143901002,BRX0003001      ,SISTEMA ESTRUTURA                                           ,1,20251108,20251116,NA3104          ,1,1,1,0
03143901002,BRX0003001      ,SISTEMA ESTRUTURA                                           ,1,20251108,20251116,NA4230          ,8,8,8,0
03143901003,CM511           ,SISTEMA CABECOTE PLANETARIO - HOT 14L - NR12 (DA5975)       ,1,20251108,20251116,DA2729          ,1,1,1,0
03143901003,CM511           ,SISTEMA CABECOTE PLANETARIO - HOT 14L - NR12 (DA5975)       ,1,20251108,20251116,DA2730          ,1,1,1,0
03143901003,CM511           ,SISTEMA CABECOTE PLANETARIO - HOT 14L - NR12 (DA5975)       ,1,20251108,20251116,DA2731          ,1,1,1,0
03143901003,CM511           ,SISTEMA CABECOTE PLANETARIO - HOT 14L - NR12 (DA5975)       ,1,20251108,20251116,KF513           ,1,1,1,0
03143901003,CM511           ,SISTEMA CABECOTE PLANETARIO - HOT 14L - NR12 (DA5975)       ,1,20251108,20251116,NA1437          ,2,2,2,0
03143901003,CM511           ,SISTEMA CABECOTE PLANETARIO - HOT 14L - NR12 (DA5975)       ,1,20251108,20251116,NA2031          ,1,1,1,0
03143901003,CM511           ,SISTEMA CABECOTE PLANETARIO - HOT 14L - NR12 (DA5975)       ,1,20251108,20251116,NA3107          ,1,1,1,0
03143901003,CM511           ,SISTEMA CABECOTE PLANETARIO - HOT 14L - NR12 (DA5975)       ,1,20251108,20251116,NA3579          ,1,1,1,0
03143901005,DB2757          ,SISTEMA GAS KSUN HOTMIXER 14L NR12                          ,1,20251108,20251116,25018           ,1,1,1,0
03143901005,DB2757          ,SISTEMA GAS KSUN HOTMIXER 14L NR12                          ,1,20251108,20251116,25042           ,1,1,1,0
03143901005,DB2757          ,SISTEMA GAS KSUN HOTMIXER 14L NR12                          ,1,20251108,20251116,25060           ,1,1,1,0
03143901005,DB2757          ,SISTEMA GAS KSUN HOTMIXER 14L NR12                          ,1,20251108,20251116,DA5689          ,1,1,1,0
03143901005,DB2757          ,SISTEMA GAS KSUN HOTMIXER 14L NR12                          ,1,20251108,20251116,DB0893          ,1,1,1,0
03143901005,DB2757          ,SISTEMA GAS KSUN HOTMIXER 14L NR12                          ,1,20251108,20251116,DB1185          ,1,1,1,0
03143901005,DB2757          ,SISTEMA GAS KSUN HOTMIXER 14L NR12                          ,1,20251108,20251116,NA1869          ,1,1,1,0
03143901005,DB2757          ,SISTEMA GAS KSUN HOTMIXER 14L NR12                          ,1,20251108,20251116,NA1988          ,2,2,2,0
03143901005,DB2757          ,SISTEMA GAS KSUN HOTMIXER 14L NR12                          ,1,20251108,20251116,NA3162          ,1,1,1,0
03143901005,DB2757          ,SISTEMA GAS KSUN HOTMIXER 14L NR12                          ,1,20251108,20251116,NA3167          ,1,1,1,0
03143901005,DB2757          ,SISTEMA GAS KSUN HOTMIXER 14L NR12                          ,1,20251108,20251116,NA3653          ,4,4,4,0
03143901005,DB2757          ,SISTEMA GAS KSUN HOTMIXER 14L NR12                          ,1,20251108,20251116,NA3654          ,1,1,1,0
03143901005,DB2757          ,SISTEMA GAS KSUN HOTMIXER 14L NR12                          ,1,20251108,20251116,NA3655          ,1,1,1,0
03143901005,DB2757          ,SISTEMA GAS KSUN HOTMIXER 14L NR12                          ,1,20251108,20251116,NA3656          ,1,1,1,0
03143901005,DB2757          ,SISTEMA GAS KSUN HOTMIXER 14L NR12                          ,1,20251108,20251116,NA3662          ,1,1,1,0
03143901005,DB2757          ,SISTEMA GAS KSUN HOTMIXER 14L NR12                          ,1,20251108,20251116,NA3716          ,1,1,1,0
03143901007,DB3746          ,KIT SALGADO BATEDOR TIPO S HOTMIXER 14L                     ,1,20251108,20251116,DA2017          ,1,1,1,0
03143901007,DB3746          ,KIT SALGADO BATEDOR TIPO S HOTMIXER 14L                     ,1,20251108,20251116,DB2921          ,1,1,1,0
03148701001,CM102           ,SISTEMA MASSSA DULY/LILY - NR12 (DA6094)                                                  ,1,20251124,20251202,10104           ,8,8,8,0
03148701001,CM102           ,SISTEMA MASSSA DULY/LILY - NR12 (DA6094)                                                  ,1,20251124,20251202,10108           ,4,4,4,0
03148701001,CM102           ,SISTEMA MASSSA DULY/LILY - NR12 (DA6094)                                                  ,1,20251124,20251202,15802           ,1,1,1,0
03148701001,CM102           ,SISTEMA MASSSA DULY/LILY - NR12 (DA6094)                                                  ,1,20251124,20251202,15803           ,1,1,1,0
03148701001,CM102           ,SISTEMA MASSSA DULY/LILY - NR12 (DA6094)                                                  ,1,20251124,20251202,15805           ,1,1,1,0
03148701001,CM102           ,SISTEMA MASSSA DULY/LILY - NR12 (DA6094)                                                  ,1,20251124,20251202,DA0841          ,4,4,4,0
03148701001,CM102           ,SISTEMA MASSSA DULY/LILY - NR12 (DA6094)                                                  ,1,20251124,20251202,DA6050          ,1,1,1,0
03148701001,CM102           ,SISTEMA MASSSA DULY/LILY - NR12 (DA6094)                                                  ,1,20251124,20251202,DA6067          ,2,2,2,0
03148701001,CM102           ,SISTEMA MASSSA DULY/LILY - NR12 (DA6094)                                                  ,1,20251124,20251202,DA6942          ,1,1,1,0
03148701001,CM102           ,SISTEMA MASSSA DULY/LILY - NR12 (DA6094)                                                  ,1,20251124,20251202,KF108           ,1,1,1,0
03148701001,CM102           ,SISTEMA MASSSA DULY/LILY - NR12 (DA6094)                                                  ,1,20251124,20251202,KF109-02        ,1,1,1,0
03148701001,CM102           ,SISTEMA MASSSA DULY/LILY - NR12 (DA6094)                                                  ,1,20251124,20251202,KF110-01        ,1,1,1,0
03148701001,CM102           ,SISTEMA MASSSA DULY/LILY - NR12 (DA6094)                                                  ,1,20251124,20251202,NA0810          ,4,4,4,0
03148701001,CM102           ,SISTEMA MASSSA DULY/LILY - NR12 (DA6094)                                                  ,1,20251124,20251202,NA3007          ,1,1,1,0
03148701001,CM102           ,SISTEMA MASSSA DULY/LILY - NR12 (DA6094)                                                  ,1,20251124,20251202,NA3008          ,1,1,1,0
03148701001,CM102           ,SISTEMA MASSSA DULY/LILY - NR12 (DA6094)                                                  ,1,20251124,20251202,NA3107          ,3,3,3,0
03148701001,CM102           ,SISTEMA MASSSA DULY/LILY - NR12 (DA6094)                                                  ,1,20251124,20251202,NA3140          ,1,1,1,0
03148701001,CM102           ,SISTEMA MASSSA DULY/LILY - NR12 (DA6094)                                                  ,1,20251124,20251202,NA3405          ,1,1,1,0
03148901001,DB5677          ,SISTEMA MASSA RECHEIO COM PROPULSOR DUE 10.0 MK NR12                                      ,1,20251124,20251202,10104           ,8,8,8,0
03148901001,DB5677          ,SISTEMA MASSA RECHEIO COM PROPULSOR DUE 10.0 MK NR12                                      ,1,20251124,20251202,11406           ,8,8,8,0
03148901001,DB5677          ,SISTEMA MASSA RECHEIO COM PROPULSOR DUE 10.0 MK NR12                                      ,1,20251124,20251202,15802           ,1,1,1,0
03148901001,DB5677          ,SISTEMA MASSA RECHEIO COM PROPULSOR DUE 10.0 MK NR12                                      ,1,20251124,20251202,15805           ,1,1,1,0
03148901001,DB5677          ,SISTEMA MASSA RECHEIO COM PROPULSOR DUE 10.0 MK NR12                                      ,1,20251124,20251202,DA0511          ,4,4,4,0
03148901001,DB5677          ,SISTEMA MASSA RECHEIO COM PROPULSOR DUE 10.0 MK NR12                                      ,1,20251124,20251202,DA0516          ,2,2,2,0
03148901001,DB5677          ,SISTEMA MASSA RECHEIO COM PROPULSOR DUE 10.0 MK NR12                                      ,1,20251124,20251202,DA0841          ,4,4,4,0
03148901001,DB5677          ,SISTEMA MASSA RECHEIO COM PROPULSOR DUE 10.0 MK NR12                                      ,1,20251124,20251202,DA1057          ,4,4,4,0
03148901001,DB5677          ,SISTEMA MASSA RECHEIO COM PROPULSOR DUE 10.0 MK NR12                                      ,1,20251124,20251202,DA1070          ,1,1,1,0
03148901001,DB5677          ,SISTEMA MASSA RECHEIO COM PROPULSOR DUE 10.0 MK NR12                                      ,1,20251124,20251202,DA3388          ,2,2,2,0
03148901001,DB5677          ,SISTEMA MASSA RECHEIO COM PROPULSOR DUE 10.0 MK NR12                                      ,1,20251124,20251202,DA3741          ,2,2,2,0
03148901001,DB5677          ,SISTEMA MASSA RECHEIO COM PROPULSOR DUE 10.0 MK NR12                                      ,1,20251124,20251202,DA3781          ,1,1,1,0
03148901001,DB5677          ,SISTEMA MASSA RECHEIO COM PROPULSOR DUE 10.0 MK NR12                                      ,1,20251124,20251202,DA4365          ,4,4,4,0
03148901001,DB5677          ,SISTEMA MASSA RECHEIO COM PROPULSOR DUE 10.0 MK NR12                                      ,1,20251124,20251202,DA6408          ,1,1,1,0
03148901001,DB5677          ,SISTEMA MASSA RECHEIO COM PROPULSOR DUE 10.0 MK NR12                                      ,1,20251124,20251202,DA7726          ,1,1,1,0
03148901001,DB5677          ,SISTEMA MASSA RECHEIO COM PROPULSOR DUE 10.0 MK NR12                                      ,1,20251124,20251202,DA8912          ,2,2,2,0
03148901001,DB5677          ,SISTEMA MASSA RECHEIO COM PROPULSOR DUE 10.0 MK NR12                                      ,1,20251124,20251202,DB2022          ,2,2,2,0
03148901001,DB5677          ,SISTEMA MASSA RECHEIO COM PROPULSOR DUE 10.0 MK NR12                                      ,1,20251124,20251202,DB3417          ,1,1,1,0
03148901001,DB5677          ,SISTEMA MASSA RECHEIO COM PROPULSOR DUE 10.0 MK NR12                                      ,1,20251124,20251202,DB3418          ,1,1,1,0
03148901001,DB5677          ,SISTEMA MASSA RECHEIO COM PROPULSOR DUE 10.0 MK NR12                                      ,1,20251124,20251202,DB4018          ,3,3,3,0
03148901001,DB5677          ,SISTEMA MASSA RECHEIO COM PROPULSOR DUE 10.0 MK NR12                                      ,1,20251124,20251202,DB4019          ,1,1,1,0
03148901001,DB5677          ,SISTEMA MASSA RECHEIO COM PROPULSOR DUE 10.0 MK NR12                                      ,1,20251124,20251202,DB5667          ,4,4,4,0
03148901001,DB5677          ,SISTEMA MASSA RECHEIO COM PROPULSOR DUE 10.0 MK NR12                                      ,1,20251124,20251202,DB5919          ,1,1,1,0
03148901001,DB5677          ,SISTEMA MASSA RECHEIO COM PROPULSOR DUE 10.0 MK NR12                                      ,1,20251124,20251202,KF867           ,1,1,1,0
03148901001,DB5677          ,SISTEMA MASSA RECHEIO COM PROPULSOR DUE 10.0 MK NR12                                      ,1,20251124,20251202,KF868           ,1,1,1,0
03148901001,DB5677          ,SISTEMA MASSA RECHEIO COM PROPULSOR DUE 10.0 MK NR12                                      ,1,20251124,20251202,NA0810          ,4,4,4,0
03148901001,DB5677          ,SISTEMA MASSA RECHEIO COM PROPULSOR DUE 10.0 MK NR12                                      ,1,20251124,20251202,NA1180          ,1,1,1,0
03148901001,DB5677          ,SISTEMA MASSA RECHEIO COM PROPULSOR DUE 10.0 MK NR12                                      ,1,20251124,20251202,NA1915          ,2,2,2,0
03148901001,DB5677          ,SISTEMA MASSA RECHEIO COM PROPULSOR DUE 10.0 MK NR12                                      ,1,20251124,20251202,NA1923          ,2,2,2,0
03148901001,DB5677          ,SISTEMA MASSA RECHEIO COM PROPULSOR DUE 10.0 MK NR12                                      ,1,20251124,20251202,NA3405          ,1,1,1,0
03148901001,DB5677          ,SISTEMA MASSA RECHEIO COM PROPULSOR DUE 10.0 MK NR12                                      ,1,20251124,20251202,NA3565          ,1,1,1,0
03148901001,DB5677          ,SISTEMA MASSA RECHEIO COM PROPULSOR DUE 10.0 MK NR12                                      ,1,20251124,20251202,NA3760          ,1,1,1,0
03148901001,DB5677          ,SISTEMA MASSA RECHEIO COM PROPULSOR DUE 10.0 MK NR12                                      ,1,20251124,20251202,NA3765          ,1,1,1,0
03148901001,DB5677          ,SISTEMA MASSA RECHEIO COM PROPULSOR DUE 10.0 MK NR12                                      ,1,20251124,20251202,NA3913          ,4,4,4,0
03154801001,MFX177NM220     ,MAXIFORM SUPER BIG 20.0 PLUS TECH MKR - MAQUINA FORMADORA/RECHEADORA - NR12               ,1,20251124,20251202,DB4302          ,1,1,1,0
03154801001,MFX177NM220     ,MAXIFORM SUPER BIG 20.0 PLUS TECH MKR - MAQUINA FORMADORA/RECHEADORA - NR12               ,1,20251124,20251202,DB4315          ,1,1,1,0
03154801001,MFX177NM220     ,MAXIFORM SUPER BIG 20.0 PLUS TECH MKR - MAQUINA FORMADORA/RECHEADORA - NR12               ,1,20251124,20251202,DB4316          ,1,1,1,0
03154801001,MFX177NM220     ,MAXIFORM SUPER BIG 20.0 PLUS TECH MKR - MAQUINA FORMADORA/RECHEADORA - NR12               ,1,20251124,20251202,DB5309          ,1,1,1,0
03154801001,MFX177NM220     ,MAXIFORM SUPER BIG 20.0 PLUS TECH MKR - MAQUINA FORMADORA/RECHEADORA - NR12               ,1,20251124,20251202,DB5475          ,1,1,1,0
03154801001,MFX177NM220     ,MAXIFORM SUPER BIG 20.0 PLUS TECH MKR - MAQUINA FORMADORA/RECHEADORA - NR12               ,1,20251124,20251202,MFX177CM220     ,1,1,1,0
03154901001,MFX177NM220     ,MAXIFORM SUPER BIG 20.0 PLUS TECH MKR - MAQUINA FORMADORA/RECHEADORA - NR12               ,1,20251124,20251202,DB4302          ,1,1,1,0
03154901001,MFX177NM220     ,MAXIFORM SUPER BIG 20.0 PLUS TECH MKR - MAQUINA FORMADORA/RECHEADORA - NR12               ,1,20251124,20251202,DB4315          ,1,1,1,0
03154901001,MFX177NM220     ,MAXIFORM SUPER BIG 20.0 PLUS TECH MKR - MAQUINA FORMADORA/RECHEADORA - NR12               ,1,20251124,20251202,DB4316          ,1,1,1,0
03154901001,MFX177NM220     ,MAXIFORM SUPER BIG 20.0 PLUS TECH MKR - MAQUINA FORMADORA/RECHEADORA - NR12               ,1,20251124,20251202,DB5309          ,1,1,1,0
03154901001,MFX177NM220     ,MAXIFORM SUPER BIG 20.0 PLUS TECH MKR - MAQUINA FORMADORA/RECHEADORA - NR12               ,1,20251124,20251202,DB5475          ,1,1,1,0
03154901001,MFX177NM220     ,MAXIFORM SUPER BIG 20.0 PLUS TECH MKR - MAQUINA FORMADORA/RECHEADORA - NR12               ,1,20251124,20251202,MFX177CM220     ,1,1,1,0
03171701001,DB5374          ,SISTEMA ROLO FORMADOR CORTADOR MEIA-LUA 56 X 66 - 6 CAVIDADE,3,20251023,20251023,DB4155          ,6,6,6,0
03171701001,DB5374          ,SISTEMA ROLO FORMADOR CORTADOR MEIA-LUA 56 X 66 - 6 CAVIDADE,3,20251023,20251023,DB4170          ,3,3,3,0
03171701001,DB5374          ,SISTEMA ROLO FORMADOR CORTADOR MEIA-LUA 56 X 66 - 6 CAVIDADE,3,20251023,20251023,DB4171          ,3,3,3,0
03171701001,DB5374          ,SISTEMA ROLO FORMADOR CORTADOR MEIA-LUA 56 X 66 - 6 CAVIDADE,3,20251023,20251023,DB4267          ,3,3,2,1
03171701001,DB5374          ,SISTEMA ROLO FORMADOR CORTADOR MEIA-LUA 56 X 66 - 6 CAVIDADE,3,20251023,20251023,DB6437          ,3,3,3,0
03183101001,FTX118NT220     ,FRITADEIRA ELETRICA CONT FRYER NR12                                                       ,1,20251208,20251216,CM607           ,1,1,1,0
03183101001,FTX118NT220     ,FRITADEIRA ELETRICA CONT FRYER NR12                                                       ,1,20251208,20251216,FTX118CT220     ,1,1,1,0
03183201001,FTX118NT220     ,FRITADEIRA ELETRICA CONT FRYER NR12                                                       ,1,20251208,20251216,CM605           ,1,1,1,0
03183201001,FTX118NT220     ,FRITADEIRA ELETRICA CONT FRYER NR12                                                       ,1,20251208,20251216,CM606           ,1,1,1,0
03183201001,FTX118NT220     ,FRITADEIRA ELETRICA CONT FRYER NR12                                                       ,1,20251208,20251216,CM607           ,1,1,1,0
03183201001,FTX118NT220     ,FRITADEIRA ELETRICA CONT FRYER NR12                                                       ,1,20251208,20251216,CM609           ,1,1,1,0
03183201001,FTX118NT220     ,FRITADEIRA ELETRICA CONT FRYER NR12                                                       ,1,20251208,20251216,DB2439          ,1,1,1,0
03183201001,FTX118NT220     ,FRITADEIRA ELETRICA CONT FRYER NR12                                                       ,1,20251208,20251216,FTX118CT220     ,1,1,1,0
03193701001,MFX098UM220     ,MAXIFORM LUNA - MAQUINA FORMADORA/RECHEADORA - UL NSF CSA                                 ,1,20260109,20260117,CM428           ,1,1,1,0
03194401011,CM448           ,SISTEMA ESTEIRA - PICCOLA MK 150G - NR12 / CE (DB0626)      ,1,20260109,20260117,DB0594          ,3,3,3,0
03194501001,MFX071UM220     ,MAXIFORM NEW PICCOLA 3.0 MK - MAQUINA FORMADORA/RECHEADORA                                ,1,20260109,20260117,CM477           ,1,1,1,0
03194501001,MFX071UM220     ,MAXIFORM NEW PICCOLA 3.0 MK - MAQUINA FORMADORA/RECHEADORA                                ,1,20260109,20260117,DB1770          ,1,1,1,0
03194501010,CM476           ,SISTEMA ESTRUTURA PICCOLA 150 G UL/NSF (DA7967)             ,1,20260109,20260117,DB0594          ,3,3,2,2
03195501001,MFX167CM220     ,MAXIFORM BIG 8.0 MKR MAQUINA MODELADORA RECHEADORA DE DOCES E SALGADOS CE                 ,1,20260109,20260117,DB3689          ,1,1,1,0
03195501002,CM490           ,SISTEMA ESTEIRA LONGA (DB1848)                              ,1,20260109,20260117,KF627           ,1,1,1,0
03195501005,DB3691          ,SISTEMA RECHEIO BIG 8.0 SEW CE                              ,1,20260109,20260117,15805           ,2,2,2,0
03198301002,CM301           ,CALIBRADOR FORMIX (DA5817 + DA7193)                         ,1,20260109,20260117,NA2432          ,4,4,1,4
03198301004,CM304           ,ESTAMPADOR FORMIX (DA8419)                                  ,1,20260109,20260117,KF318-02        ,1,1,1,0
03198301006,CM318           ,DOSADOR FORMIX PLUS (DA7253)                                ,1,20260109,20260117,15805           ,2,2,2,0
03222701001,MTS0050G        ,MOLDE TRIANGULAR 120X135                                    ,2,20251204,20251204,DA1346          ,2,2,1,2
03222701001,MTS0050G        ,MOLDE TRIANGULAR 120X135                                    ,2,20251204,20251204,DA5036          ,2,2,1,2
03231401001,DB2987          ,CONJUNTO QUEMADOR REF BRUCIATORE FLAM GAS                                                 ,1,20251223,20251231,DB2988          ,1,1,1,0
03231401001,DB2987          ,CONJUNTO QUEMADOR REF BRUCIATORE FLAM GAS                                                 ,1,20251223,20251231,DB6377          ,1,1,1,0
03234501001,DA5992          ,KIT DOCE HOTMIXER 14L                                                                     ,1,20251224,20260101,DA2038          ,1,1,1,0
03234501002,DA2723          ,CONJUNTO RASPADOR KIT DOCE HOTMIXER 14L                     ,1,20251224,20260101,DA2740          ,2,2,1,1
03234501002,DA2723          ,CONJUNTO RASPADOR KIT DOCE HOTMIXER 14L                     ,1,20251224,20260101,DA2741          ,1,1,1,0
03235001001,DB6211          ,SISTEMA AUTOMACAO ELETRICA LUNA TECH 2025 NR12                                            ,3,20260202,20260210,DB6217          ,3,3,1,3
03235001001,DB6211          ,SISTEMA AUTOMACAO ELETRICA LUNA TECH 2025 NR12                                            ,3,20260202,20260210,DB6229          ,3,3,1,3
03235001001,DB6211          ,SISTEMA AUTOMACAO ELETRICA LUNA TECH 2025 NR12                                            ,3,20260202,20260210,DB6528          ,3,3,2,3
03235001001,DB6211          ,SISTEMA AUTOMACAO ELETRICA LUNA TECH 2025 NR12                                            ,3,20260202,20260210,NA2555          ,6,6,5,6
03235001001,DB6211          ,SISTEMA AUTOMACAO ELETRICA LUNA TECH 2025 NR12                                            ,3,20260202,20260210,NA3146          ,3,3,1,3
03235001001,DB6211          ,SISTEMA AUTOMACAO ELETRICA LUNA TECH 2025 NR12                                            ,3,20260202,20260210,NA3149          ,3,3,2,3
03235001001,DB6211          ,SISTEMA AUTOMACAO ELETRICA LUNA TECH 2025 NR12                                            ,3,20260202,20260210,NA3997          ,3,3,3,0
03235001001,DB6211          ,SISTEMA AUTOMACAO ELETRICA LUNA TECH 2025 NR12                                            ,3,20260202,20260210,SERV-DB6211     ,3,3,3,0
03235101001,DB6211          ,SISTEMA AUTOMACAO ELETRICA LUNA TECH 2025 NR12                                            ,3,20260202,20260210,DB4850          ,3,3,2,3
03235101001,DB6211          ,SISTEMA AUTOMACAO ELETRICA LUNA TECH 2025 NR12                                            ,3,20260202,20260210,NA3149          ,3,3,1,3
03235101001,DB6211          ,SISTEMA AUTOMACAO ELETRICA LUNA TECH 2025 NR12                                            ,3,20260202,20260210,NA3774          ,3,3,2,3
03235101001,DB6211          ,SISTEMA AUTOMACAO ELETRICA LUNA TECH 2025 NR12                                            ,3,20260202,20260210,SERV-DB6211     ,3,3,3,0
03235201001,DB6212          ,SISTEMA AUTOMACAO ELETRICA LUNA TECH DUPLO RECHEIO 2025 NR12                              ,1,20260202,20260210,SERV-DB6212     ,1,1,1,0
03235301001,DB6213          ,SISTEMA AUTOMACAO ELETRICA LUNA TECH 2025 CE                                              ,2,20260202,20260210,DB6219          ,2,2,1,2
03235301001,DB6213          ,SISTEMA AUTOMACAO ELETRICA LUNA TECH 2025 CE                                              ,2,20260202,20260210,NA2555          ,4,4,1,4
03235301001,DB6213          ,SISTEMA AUTOMACAO ELETRICA LUNA TECH 2025 CE                                              ,2,20260202,20260210,NA2620          ,2,2,1,2
03235301001,DB6213          ,SISTEMA AUTOMACAO ELETRICA LUNA TECH 2025 CE                                              ,2,20260202,20260210,NA4017          ,4,4,3,4
03235301001,DB6213          ,SISTEMA AUTOMACAO ELETRICA LUNA TECH 2025 CE                                              ,2,20260202,20260210,SERV-DB6213     ,2,2,2,0
03235401001,DB6215          ,SISTEMA AUTOMACAO ELETRICA LUNA TECH 2025 UL                                              ,1,20260202,20260210,SERV-DB6215     ,1,1,1,0
03235801001,DB2090          ,SISTEMA AUTOMACAO ELETRICA NEW LILY 2021 NR12                                             ,1,20260202,20260210,SERV-DB2090     ,1,1,1,0
03235901001,DB2090          ,SISTEMA AUTOMACAO ELETRICA NEW LILY 2021 NR12                                             ,1,20260202,20260210,SERV-DB2090     ,1,1,1,0
03236001001,DB2093          ,SISTEMA AUTOMACAO ELETRICA NEW LILY 2021 CE                                               ,1,20260202,20260210,SERV-DB2093     ,1,1,1,0
03236101001,DB2093          ,SISTEMA AUTOMACAO ELETRICA NEW LILY 2021 CE                                               ,1,20260202,20260210,SERV-DB2093     ,1,1,1,0
03236201001,DB2091          ,SISTEMA AUTOMACAO ELETRICA NEW DULY 2021 NR12                                             ,1,20260202,20260210,SERV-DB2091     ,1,1,1,0
03236301001,DB2091          ,SISTEMA AUTOMACAO ELETRICA NEW DULY 2021 NR12                                             ,1,20260202,20260210,SERV-DB2091     ,1,1,1,0
03236401001,DB2091          ,SISTEMA AUTOMACAO ELETRICA NEW DULY 2021 NR12                                             ,1,20260202,20260210,SERV-DB2091     ,1,1,1,0
03236501001,DB2091          ,SISTEMA AUTOMACAO ELETRICA NEW DULY 2021 NR12                                             ,1,20260202,20260210,SERV-DB2091     ,1,1,1,0
03236601001,DB2091          ,SISTEMA AUTOMACAO ELETRICA NEW DULY 2021 NR12                                             ,1,20260202,20260210,15921           ,5,5,3,5
03236601001,DB2091          ,SISTEMA AUTOMACAO ELETRICA NEW DULY 2021 NR12                                             ,1,20260202,20260210,SERV-DB2091     ,1,1,1,0
03236701001,DB2091          ,SISTEMA AUTOMACAO ELETRICA NEW DULY 2021 NR12                                             ,1,20260202,20260210,SERV-DB2091     ,1,1,1,0
03237001001,DB5390          ,SISTEMA AUTOMACAO ELETRICA DUE TECH NR12                                                  ,1,20260202,20260210,DB6527          ,1,1,1,0
03237001001,DB5390          ,SISTEMA AUTOMACAO ELETRICA DUE TECH NR12                                                  ,1,20260202,20260210,SERV-DB5390     ,1,1,1,0
03237601001,DB3740          ,SISTEMA AUTOMACAO ELETRICA BIG 6.0/8.0 MKR 2023 CE                                        ,1,20260202,20260210,DA7138          ,1,1,1,0
03237601001,DB3740          ,SISTEMA AUTOMACAO ELETRICA BIG 6.0/8.0 MKR 2023 CE                                        ,1,20260202,20260210,DB7307          ,1,1,1,0
03237601001,DB3740          ,SISTEMA AUTOMACAO ELETRICA BIG 6.0/8.0 MKR 2023 CE                                        ,1,20260202,20260210,SERV-DB3740     ,1,1,1,0
03237801001,DB3736          ,SISTEMA AUTOMACAO ELETRICA BIG 10.0 MK 2023 NR12                                          ,1,20260202,20260210,SERV-DB3736     ,1,1,1,0
03237901001,DB3741          ,SISTEMA AUTOMACAO ELETRICA BIG 10.0 MK 2023 CE                                            ,1,20260202,20260210,SERV-DB3741     ,1,1,1,0
03238601001,DB1580          ,SISTEMA AUTOMACAO ELETRICA DOLCELYX CE 2020                                               ,2,20260202,20260210,DB3986          ,2,2,1,2
03238601001,DB1580          ,SISTEMA AUTOMACAO ELETRICA DOLCELYX CE 2020                                               ,2,20260202,20260210,SERV-DB1580     ,2,2,2,0
03239001001,DB6440          ,SISTEMA AUTOMACAO ELETRICA PASTELYX NR12                                                  ,3,20260202,20260210,DB6432          ,3,3,3,0
03239001001,DB6440          ,SISTEMA AUTOMACAO ELETRICA PASTELYX NR12                                                  ,3,20260202,20260210,SERV-DB6440     ,3,3,3,0
03239301001,DB3527          ,SISTEMA AUTOMACAO ELETRICA NEW HOTMIXER 14L ELETRICA INOX CE                              ,1,20260202,20260210,DB0046          ,1,1,1,0
03239301001,DB3527          ,SISTEMA AUTOMACAO ELETRICA NEW HOTMIXER 14L ELETRICA INOX CE                              ,1,20260202,20260210,SERV-DB3527     ,1,1,1,0
03239401001,DB3527          ,SISTEMA AUTOMACAO ELETRICA NEW HOTMIXER 14L ELETRICA INOX CE                              ,1,20260202,20260210,DB0046          ,1,1,1,0
03239401001,DB3527          ,SISTEMA AUTOMACAO ELETRICA NEW HOTMIXER 14L ELETRICA INOX CE                              ,1,20260202,20260210,NA2652          ,2,2,1,2
03239401001,DB3527          ,SISTEMA AUTOMACAO ELETRICA NEW HOTMIXER 14L ELETRICA INOX CE                              ,1,20260202,20260210,SERV-DB3527     ,1,1,1,0
03240401001,DB1575          ,SISTEMA AUTOMACAO ELETRICA EMPANAMIX INDUSTRIAL PLUS CE 2020                              ,1,20260202,20260210,SERV-DB1575     ,1,1,1,0
03241001001,DB5027          ,SISTEMA AUTOMACAO ELETRICA BANDEJA GIRATORIA (AC) CE                                      ,1,20260202,20260210,SERV-DB5027     ,1,1,1,0
03241101001,DB5110          ,SISTEMA AUTOMACAO ELETRICA BANDEJA GIRATORIA (AC) Ø1000 NR12                              ,1,20260202,20260210,SERV-DB5110     ,1,1,1,0
03241201001,DB5110          ,SISTEMA AUTOMACAO ELETRICA BANDEJA GIRATORIA (AC) Ø1000 NR12                              ,1,20260202,20260210,SERV-DB5110     ,1,1,1,0
03241301001,DB3298          ,SISTEMA AUTOMACAO ELETRICA DOSALYX MINI (MS300) NR12                                      ,1,20260202,20260210,NA3745          ,1,1,1,0
03241301001,DB3298          ,SISTEMA AUTOMACAO ELETRICA DOSALYX MINI (MS300) NR12                                      ,1,20260202,20260210,SERV-DB3298     ,1,1,1,0
03242601001,DB1440          ,SISTEMA AUTOMACAO ELETRICA DROP - TOP NR12 2021                                           ,1,20260202,20260210,SERV-DB1440     ,1,1,1,0
03243301001,DB2606          ,SISTEMA AUTOMACAO ELETRICA CONT FRYER 380V NR12                                           ,1,20260202,20260210,NA3332          ,3,3,1,3
03243301001,DB2606          ,SISTEMA AUTOMACAO ELETRICA CONT FRYER 380V NR12                                           ,1,20260202,20260210,SERV-DB2606     ,1,1,1,0
03243701001,DB0859          ,SISTEMA AUTOMACAO ELETRICA FRY TRANSP NR12                                                ,1,20260202,20260210,SERV-DB0859     ,1,1,1,0
03243901001,DB3311          ,SISTEMA AUTOMACAO ELETRICA ALIMENTADOR CONTINUO 10 LITROS                                 ,1,20260202,20260210,DB3307          ,1,1,1,0
03243901001,DB3311          ,SISTEMA AUTOMACAO ELETRICA ALIMENTADOR CONTINUO 10 LITROS                                 ,1,20260202,20260210,SERV-DB3311     ,1,1,1,0
03244501001,CM102           ,SISTEMA MASSSA DULY/LILY - NR12 (DA6094)                                                  ,1,20260216,20260224,15805           ,1,1,1,0
03245301001,CM493           ,SISTEMA MASSA (DB1918)                                                                    ,1,20260209,20260217,15805           ,1,1,1,0
03246201001,DB5677          ,SISTEMA MASSA RECHEIO COM PROPULSOR DUE 10.0 MK NR12                                      ,1,20260209,20260217,15805           ,1,1,1,0
03246201001,DB5677          ,SISTEMA MASSA RECHEIO COM PROPULSOR DUE 10.0 MK NR12                                      ,1,20260209,20260217,DA6408          ,1,1,1,0
03246201001,DB5677          ,SISTEMA MASSA RECHEIO COM PROPULSOR DUE 10.0 MK NR12                                      ,1,20260209,20260217,DB5667          ,4,4,4,0
03246601001,DB3616          ,SISTEMA MASSA SEW CE                                                                      ,1,20260209,20260217,KF152           ,1,1,1,0
03246701001,DB3616          ,SISTEMA MASSA SEW CE                                                                      ,1,20260209,20260217,DA0494          ,1,1,1,0
03246701001,DB3616          ,SISTEMA MASSA SEW CE                                                                      ,1,20260209,20260217,KF151.B         ,1,1,1,0
03246701001,DB3616          ,SISTEMA MASSA SEW CE                                                                      ,1,20260209,20260217,KF152           ,1,1,1,0
03246801001,DB5475          ,SISTEMA MASSA SUPER 20.0 PLUS MKR                                                         ,1,20260209,20260217,15805           ,1,1,1,0
03247001001,DB5686          ,SISTEMA MASSA SEW NR12                                                                    ,1,20260209,20260217,15805           ,1,1,1,0
03247001001,DB5686          ,SISTEMA MASSA SEW NR12                                                                    ,1,20260209,20260217,DA6408          ,1,1,1,0
03247001001,DB5686          ,SISTEMA MASSA SEW NR12                                                                    ,1,20260209,20260217,KF871-01        ,1,1,1,0
03247101001,DB5686          ,SISTEMA MASSA SEW NR12                                                                    ,1,20260209,20260217,15805           ,1,1,1,0
03247101001,DB5686          ,SISTEMA MASSA SEW NR12                                                                    ,1,20260209,20260217,DA6408          ,1,1,1,0
03247101001,DB5686          ,SISTEMA MASSA SEW NR12                                                                    ,1,20260209,20260217,DB5704          ,2,2,2,0
03247101001,DB5686          ,SISTEMA MASSA SEW NR12                                                                    ,1,20260209,20260217,KF870           ,1,1,1,0
03247601001,OP117           ,SISTEMA ESTEIRA PICCOLA (DA9339)                                                          ,10,20260202,20260210,DA6965          ,20,20,20,0
03247601001,OP117           ,SISTEMA ESTEIRA PICCOLA (DA9339)                                                          ,10,20260202,20260210,DA6966          ,50,50,50,0
03247601001,OP117           ,SISTEMA ESTEIRA PICCOLA (DA9339)                                                          ,10,20260202,20260210,DA7352          ,10,10,2,8
03247601001,OP117           ,SISTEMA ESTEIRA PICCOLA (DA9339)                                                          ,10,20260202,20260210,KF185.B         ,10,10,10,0
03248801001,MFX158NM220     ,MAXIFORM LUNA TECH - MAQUINA FORMADORA/RECHEADORA - NR12                                  ,1,20260209,20260217,NA3178          ,1,1,1,0
03248901001,MFX158NM220     ,MAXIFORM LUNA TECH - MAQUINA FORMADORA/RECHEADORA - NR12                                  ,1,20260209,20260217,NA3178          ,1,1,1,0
03249001001,MFX158NM220     ,MAXIFORM LUNA TECH - MAQUINA FORMADORA/RECHEADORA - NR12                                  ,1,20260209,20260217,NA3178          ,1,1,1,0
03249101001,MFX158NM220     ,MAXIFORM LUNA TECH - MAQUINA FORMADORA/RECHEADORA - NR12                                  ,1,20260209,20260217,NA3178          ,1,1,1,0
03249201001,MFX158NM220     ,MAXIFORM LUNA TECH - MAQUINA FORMADORA/RECHEADORA - NR12                                  ,1,20260209,20260217,NA3178          ,1,1,1,0
03249601001,MFX158UM220     ,MAXIFORM LUNA TECH - MAQUINA FORMADORA/RECHEADORA - UL NSF CSA                            ,1,20260209,20260217,DB6215          ,1,1,1,0
03249601001,MFX158UM220     ,MAXIFORM LUNA TECH - MAQUINA FORMADORA/RECHEADORA - UL NSF CSA                            ,1,20260209,20260217,KF456-07        ,1,1,1,0
03249601003,CM431           ,MB - CUBA - LUNA - UL / NSF                                 ,1,20260209,20260217,DA9552          ,2,2,1,2
03249601003,CM431           ,MB - CUBA - LUNA - UL / NSF                                 ,1,20260209,20260217,NA3465          ,1,1,1,0
03249601009,CM472           ,SISTEMA RECHEIO SEM FUNIL PICCOLA 150G - UL (DB1147)        ,1,20260209,20260217,DA8247          ,1,1,1,0
03249701002,CM444           ,SISTEMA RECHEIO - PICCOLA MK 150G - NR12 / CE (DB0446)      ,1,20260209,20260217,KF476           ,1,1,1,0
03249801002,CM444           ,SISTEMA RECHEIO - PICCOLA MK 150G - NR12 / CE (DB0446)      ,1,20260209,20260217,KF476           ,1,1,1,0
03249801014,CM448           ,SISTEMA ESTEIRA - PICCOLA MK 150G - NR12 / CE (DB0626)      ,1,20260209,20260217,DB0594          ,3,3,3,0
03249901001,MFX071CM220.2   ,MAXIFORM NEW PICCOLA 3.0 MK -MAQUINA FORMADORA/RECHEADORA P/                              ,1,20260209,20260217,CM447           ,1,1,1,0
03249901002,CM444           ,SISTEMA RECHEIO - PICCOLA MK 150G - NR12 / CE (DB0446)      ,1,20260209,20260217,KF476           ,1,1,1,0
03249901013,CM446           ,SISTEMA ESTRUTURA - PICCOLA MK 150G - NR12 / CE (DB0276)    ,1,20260209,20260217,KF480           ,1,1,1,0
03249901014,CM448           ,SISTEMA ESTEIRA - PICCOLA MK 150G - NR12 / CE (DB0626)      ,1,20260209,20260217,DB0594          ,3,3,3,0
03250301001,MFX144CM220     ,MAXIFORM NEW LILY - MAQUINA FORMADORA/RECHEADORA - CE                                     ,1,20260209,20260217,DB2093          ,1,1,1,0
03250301002,CM484           ,SISTEMA RECHEIO LILY NR12 (DB1999)                          ,1,20260209,20260217,15805           ,2,2,2,0
03250501002,CM100           ,SISTEMA DE RECHEIO NR12 (DA6596)                            ,1,20260209,20260217,15805           ,2,2,2,0
03250601001,MFX145NM220     ,MAXIFORM NEW DULY - MAQUINA FORMADORA/RECHEADORA - NR12                                   ,1,20260209,20260217,CM102           ,1,1,1,0
03250601001,MFX145NM220     ,MAXIFORM NEW DULY - MAQUINA FORMADORA/RECHEADORA - NR12                                   ,1,20260209,20260217,DB2091          ,1,1,1,0
03250601002,CM100           ,SISTEMA DE RECHEIO NR12 (DA6596)                            ,1,20260209,20260217,15805           ,2,2,2,0
03250601002,CM100           ,SISTEMA DE RECHEIO NR12 (DA6596)                            ,1,20260209,20260217,DA6602          ,2,2,1,2
03250901001,MFX145NM220     ,MAXIFORM NEW DULY - MAQUINA FORMADORA/RECHEADORA - NR12                                   ,1,20260209,20260217,DB2091          ,1,1,1,0
03251001001,MFX185NM220     ,MAXIFORM DUE 10.0 TECH MK MAQUINA MODELADORA RECHEADORA DE DOCES E SALGADOS NR12          ,1,20260209,20260217,DB5677          ,1,1,1,0
03251001002,DB4325          ,"SISTEMA MOLDE FORMADOR NR12 1:10 0,25KW M16                 ",1,20260209,20260217,15451           ,1,1,1,0
03251001004,PR0308          ,SUBCONJUNTO PRATO EXTERNO SEM CANAL M16                     ,1,20260209,20260217,DB3936          ,1,1,1,0
03251001005,DB4561          ,SISTEMA ESTEIRA MOVEL LINHA INDUSTRIAL                      ,1,20260209,20260217,KF795-01        ,1,1,1,0
03251001006,DB4861          ,SISTEMA RECHEIO DUPLO MAXIFORM INDUSTRIAL                   ,1,20260209,20260217,15805           ,4,4,4,0
03251001006,DB4861          ,SISTEMA RECHEIO DUPLO MAXIFORM INDUSTRIAL                   ,1,20260209,20260217,DA7686          ,1,1,1,0
03251001006,DB4861          ,SISTEMA RECHEIO DUPLO MAXIFORM INDUSTRIAL                   ,1,20260209,20260217,DA7687          ,1,1,1,0
03251001006,DB4861          ,SISTEMA RECHEIO DUPLO MAXIFORM INDUSTRIAL                   ,1,20260209,20260217,DA7718          ,1,1,1,0
03251001006,DB4861          ,SISTEMA RECHEIO DUPLO MAXIFORM INDUSTRIAL                   ,1,20260209,20260217,KF800-01        ,1,1,1,0
03251001010,DB6195          ,MONTAGEM PROTECAO KIT SALSICHA DUE 10 TECH                  ,1,20260209,20260217,DB6194          ,1,1,1,0
03251001011,DB5396          ,SISTEMA ESTRUTURA                                           ,1,20260209,20260217,DB5397          ,1,1,1,0
03251001011,DB5396          ,SISTEMA ESTRUTURA                                           ,1,20260209,20260217,KF845-02        ,1,1,1,0
03251001012,DB5424          ,CONJUNTO BASE TELESCOPICA PAINEL ELETRICO                   ,1,20260209,20260217,KF843-02        ,1,1,1,0
03251001013,DB5431          ,CONJUNTO GAVETA ACESSORIOS                                  ,1,20260209,20260217,KF842           ,1,1,1,0
03251101001,MFX185NM220     ,MAXIFORM DUE 10.0 TECH MK MAQUINA MODELADORA RECHEADORA DE DOCES E SALGADOS NR12          ,1,20260209,20260217,DB5677          ,1,1,1,0
03251101002,DB4325          ,"SISTEMA MOLDE FORMADOR NR12 1:10 0,25KW M16                 ",1,20260209,20260217,15451           ,1,1,1,0
03251101002,DB4325          ,"SISTEMA MOLDE FORMADOR NR12 1:10 0,25KW M16                 ",1,20260209,20260217,NA3562          ,1,1,1,0
03251101005,PR0308          ,SUBCONJUNTO PRATO EXTERNO SEM CANAL M16                     ,1,20260209,20260217,DB3936          ,1,1,1,0
03251101006,DB4561          ,SISTEMA ESTEIRA MOVEL LINHA INDUSTRIAL                      ,1,20260209,20260217,KF795-01        ,1,1,1,0
03251101006,DB4561          ,SISTEMA ESTEIRA MOVEL LINHA INDUSTRIAL                      ,1,20260209,20260217,NA3955          ,2,2,1,2
03251101007,DB4861          ,SISTEMA RECHEIO DUPLO MAXIFORM INDUSTRIAL                   ,1,20260209,20260217,15805           ,4,4,4,0
03251101007,DB4861          ,SISTEMA RECHEIO DUPLO MAXIFORM INDUSTRIAL                   ,1,20260209,20260217,DA7686          ,1,1,1,0
03251101007,DB4861          ,SISTEMA RECHEIO DUPLO MAXIFORM INDUSTRIAL                   ,1,20260209,20260217,DA7687          ,1,1,1,0
03251101007,DB4861          ,SISTEMA RECHEIO DUPLO MAXIFORM INDUSTRIAL                   ,1,20260209,20260217,DA7718          ,1,1,1,0
03251101007,DB4861          ,SISTEMA RECHEIO DUPLO MAXIFORM INDUSTRIAL                   ,1,20260209,20260217,KF637-02        ,1,1,1,0
03251101007,DB4861          ,SISTEMA RECHEIO DUPLO MAXIFORM INDUSTRIAL                   ,1,20260209,20260217,KF800-01        ,1,1,1,0
03251101007,DB4861          ,SISTEMA RECHEIO DUPLO MAXIFORM INDUSTRIAL                   ,1,20260209,20260217,NA4108          ,1,1,1,0
03251101011,DB6195          ,MONTAGEM PROTECAO KIT SALSICHA DUE 10 TECH                  ,1,20260209,20260217,DB6194          ,1,1,1,0
03251101012,DB5396          ,SISTEMA ESTRUTURA                                           ,1,20260209,20260217,KF845-02        ,1,1,1,0
03251101013,DB5424          ,CONJUNTO BASE TELESCOPICA PAINEL ELETRICO                   ,1,20260209,20260217,KF843-02        ,1,1,1,0
03251101014,DB5431          ,CONJUNTO GAVETA ACESSORIOS                                  ,1,20260209,20260217,KF842           ,1,1,1,0
03251201006,DB4861          ,SISTEMA RECHEIO DUPLO MAXIFORM INDUSTRIAL                   ,1,20260209,20260217,DA7718          ,1,1,1,0
03251201006,DB4861          ,SISTEMA RECHEIO DUPLO MAXIFORM INDUSTRIAL                   ,1,20260209,20260217,NA4108          ,1,1,1,0
03251301002,DB4324          ,"SISTEMA MOLDE FORMADOR CE 1:10 0,25KW M16                   ",1,20260209,20260217,15451           ,1,1,1,0
03251301002,DB4324          ,"SISTEMA MOLDE FORMADOR CE 1:10 0,25KW M16                   ",1,20260209,20260217,NA3581          ,1,1,1,0
03251301004,PR0308          ,SUBCONJUNTO PRATO EXTERNO SEM CANAL M16                     ,1,20260209,20260217,DB3936          ,1,1,1,0
03251301005,DB5396          ,SISTEMA ESTRUTURA                                           ,1,20260209,20260217,DB5397          ,1,1,1,0
03251301005,DB5396          ,SISTEMA ESTRUTURA                                           ,1,20260209,20260217,KF845-02        ,1,1,1,0
03251301006,DB5424          ,CONJUNTO BASE TELESCOPICA PAINEL ELETRICO                   ,1,20260209,20260217,DB5843          ,4,4,3,1
03251301006,DB5424          ,CONJUNTO BASE TELESCOPICA PAINEL ELETRICO                   ,1,20260209,20260217,KF843-02        ,1,1,1,0
03251301007,DB5431          ,CONJUNTO GAVETA ACESSORIOS                                  ,1,20260209,20260217,DB5843          ,4,4,4,0
03251301007,DB5431          ,CONJUNTO GAVETA ACESSORIOS                                  ,1,20260209,20260217,KF842           ,1,1,1,0
03251301008,DB5586          ,SISTEMA RECHEIO DUPLO MAXIFORM INDUSTRIAL CE                ,1,20260209,20260217,15805           ,4,4,4,0
03251301008,DB5586          ,SISTEMA RECHEIO DUPLO MAXIFORM INDUSTRIAL CE                ,1,20260209,20260217,DA7686          ,1,1,1,0
03251301008,DB5586          ,SISTEMA RECHEIO DUPLO MAXIFORM INDUSTRIAL CE                ,1,20260209,20260217,DA7687          ,1,1,1,0
03251301008,DB5586          ,SISTEMA RECHEIO DUPLO MAXIFORM INDUSTRIAL CE                ,1,20260209,20260217,DA7718          ,1,1,1,0
03251301008,DB5586          ,SISTEMA RECHEIO DUPLO MAXIFORM INDUSTRIAL CE                ,1,20260209,20260217,KF637-02        ,1,1,1,0
03251301008,DB5586          ,SISTEMA RECHEIO DUPLO MAXIFORM INDUSTRIAL CE                ,1,20260209,20260217,KF799           ,1,1,1,0
03251301008,DB5586          ,SISTEMA RECHEIO DUPLO MAXIFORM INDUSTRIAL CE                ,1,20260209,20260217,KF800-01        ,1,1,1,0
03251301008,DB5586          ,SISTEMA RECHEIO DUPLO MAXIFORM INDUSTRIAL CE                ,1,20260209,20260217,NA4023          ,1,1,1,0
03251301012,DB6195          ,MONTAGEM PROTECAO KIT SALSICHA DUE 10 TECH                  ,1,20260209,20260217,DB6194          ,1,1,1,0
03251301013,DB5589          ,SISTEMA ESTEIRA MOVEL LINHA INDUSTRIAL CE                   ,1,20260209,20260217,NA3439          ,1,1,1,0
03251301013,DB5589          ,SISTEMA ESTEIRA MOVEL LINHA INDUSTRIAL CE                   ,1,20260209,20260217,NA3955          ,2,2,2,0
03251501001,MFX147NM220     ,MAXIFORM MAXI PRO - MAQUINA FORMADORA/RECHEADORA - NR12                                   ,1,20260209,20260217,CM493           ,1,1,1,0
03251501002,CM484           ,SISTEMA RECHEIO LILY NR12 (DB1999)                          ,1,20260209,20260217,15805           ,2,2,2,0
03251501005,CM489           ,SISTEMA ESTRUTURA (DB1893)                                  ,1,20260209,20260217,KF624           ,1,1,1,0
03251501005,CM489           ,SISTEMA ESTRUTURA (DB1893)                                  ,1,20260209,20260217,KF625           ,1,1,1,0
03251501007,CM490           ,SISTEMA ESTEIRA LONGA (DB1848)                              ,1,20260209,20260217,KF627           ,1,1,1,0
03251501009,DB4325          ,"SISTEMA MOLDE FORMADOR NR12 1:10 0,25KW M16                 ",1,20260209,20260217,15451           ,1,1,1,0
03251601001,MFX166NM220     ,MAXIFORM BIG 6.0 MKR MOLDELADORA RECHEADORA DE DOCES E SALGADOS NR12                      ,1,20260209,20260217,DB3596          ,1,1,1,0
03251901001,MFX166CM220     ,MAXIFORM BIG 6.0 MKR MOLDELADORA RECHEADORA DE DOCES E SALGADOS CE                        ,1,20260209,20260217,DB3616          ,1,1,1,0
03251901001,MFX166CM220     ,MAXIFORM BIG 6.0 MKR MOLDELADORA RECHEADORA DE DOCES E SALGADOS CE                        ,1,20260209,20260217,DB3740          ,1,1,1,0
03251901002,CM490           ,SISTEMA ESTEIRA LONGA (DB1848)                              ,1,20260209,20260217,KF104           ,1,1,1,0
03251901002,CM490           ,SISTEMA ESTEIRA LONGA (DB1848)                              ,1,20260209,20260217,KF627           ,1,1,1,0
03251901002,CM490           ,SISTEMA ESTEIRA LONGA (DB1848)                              ,1,20260209,20260217,KF628-01        ,1,1,1,0
03251901002,CM490           ,SISTEMA ESTEIRA LONGA (DB1848)                              ,1,20260209,20260217,NA3523          ,1,1,1,0
03251901004,DA6178          ,SISTEMA ESTRUTURA                                           ,1,20260209,20260217,KF765-01        ,1,1,1,0
03251901004,DA6178          ,SISTEMA ESTRUTURA                                           ,1,20260209,20260217,NA2387          ,2,2,2,0
03251901005,DB3619          ,SISTEMA RECHEIO BIG 6.0 CE SEW                              ,1,20260209,20260217,15805           ,2,2,2,0
03251901005,DB3619          ,SISTEMA RECHEIO BIG 6.0 CE SEW                              ,1,20260209,20260217,DA4038          ,1,1,1,1
03251901005,DB3619          ,SISTEMA RECHEIO BIG 6.0 CE SEW                              ,1,20260209,20260217,DB2087          ,1,1,1,0
03251901005,DB3619          ,SISTEMA RECHEIO BIG 6.0 CE SEW                              ,1,20260209,20260217,KF146           ,1,1,1,0
03251901005,DB3619          ,SISTEMA RECHEIO BIG 6.0 CE SEW                              ,1,20260209,20260217,KF147           ,1,1,1,0
03251901005,DB3619          ,SISTEMA RECHEIO BIG 6.0 CE SEW                              ,1,20260209,20260217,NA3796          ,1,1,1,0
03252001001,MFX168NM220     ,MAXIFORM BIG 10.0 MK MAQUINA MODELADORA RECHEADORA DE DOCES E SALGADOS NR12               ,1,20260209,20260217,DB5686          ,1,1,1,0
03252001005,DB2002          ,MONTAGEM FUNIL BIG 10 NR12                                  ,1,20260209,20260217,15805           ,4,4,4,0
03252001005,DB2002          ,MONTAGEM FUNIL BIG 10 NR12                                  ,1,20260209,20260217,DA7686          ,1,1,1,0
03252001009,DB3705          ,SISTEMA RECHEIO FIXO SEW NR12                               ,1,20260209,20260217,KF463-01        ,1,1,1,0
03252001009,DB3705          ,SISTEMA RECHEIO FIXO SEW NR12                               ,1,20260209,20260217,KF465           ,1,1,1,0
03252201001,MFX177NM220     ,MAXIFORM SUPER BIG 20.0 PLUS TECH MKR - MAQUINA FORMADORA/RECHEADORA - NR12               ,1,20260209,20260217,DB5475          ,1,1,1,0
03252201002,DB4302          ,SISTEMA RECHEIO SUPER 20.0 PLUS MKR                         ,1,20260209,20260217,15805           ,5,5,5,0
03252201002,DB4302          ,SISTEMA RECHEIO SUPER 20.0 PLUS MKR                         ,1,20260209,20260217,DB6283          ,2,2,2,0
03252201002,DB4302          ,SISTEMA RECHEIO SUPER 20.0 PLUS MKR                         ,1,20260209,20260217,KF760-02        ,1,1,1,0
03252201006,DB4315          ,SISTEMA ESTEIRA SUPER 20.0 PLUS MKR                         ,1,20260209,20260217,KF762           ,1,1,1,0
03252201007,DB4316          ,SISTEMA MOLDE FORMADOR SUPER 20.0 PLUS MKR                  ,1,20260209,20260217,DA0566          ,1,1,1,0
03252201007,DB4316          ,SISTEMA MOLDE FORMADOR SUPER 20.0 PLUS MKR                  ,1,20260209,20260217,KF763           ,1,1,1,0
03252201010,DB5309          ,SISTEMA ESTRUTURA SUPER 20                                  ,1,20260209,20260217,15805           ,1,1,1,0
03252201010,DB5309          ,SISTEMA ESTRUTURA SUPER 20                                  ,1,20260209,20260217,KF836-01        ,1,1,1,0
03252201011,DB5347          ,CONJUNTO GAVETA MOLDES SUPER 20                             ,1,20260209,20260217,KF839           ,1,1,1,0
03252201012,DB5357          ,GAVETA PAINEL AUTOMACAO SUPER 20                            ,1,20260209,20260217,KF840           ,1,1,1,0
03252201013,DB5464          ,CONJUNTO BRACO ARTICULAVEL SUPER 20                         ,1,20260209,20260217,DB5892          ,1,1,1,0
03252201013,DB5464          ,CONJUNTO BRACO ARTICULAVEL SUPER 20                         ,1,20260209,20260217,DB5893          ,1,1,1,0
03252301001,MFX177NM220     ,MAXIFORM SUPER BIG 20.0 PLUS TECH MKR - MAQUINA FORMADORA/RECHEADORA - NR12               ,1,20260209,20260217,DB5475          ,1,1,1,0
03252301002,DB4302          ,SISTEMA RECHEIO SUPER 20.0 PLUS MKR                         ,1,20260209,20260217,15805           ,5,5,5,0
03252301002,DB4302          ,SISTEMA RECHEIO SUPER 20.0 PLUS MKR                         ,1,20260209,20260217,DB5933          ,1,1,1,0
03252301002,DB4302          ,SISTEMA RECHEIO SUPER 20.0 PLUS MKR                         ,1,20260209,20260217,DB6283          ,2,2,2,0
03252301002,DB4302          ,SISTEMA RECHEIO SUPER 20.0 PLUS MKR                         ,1,20260209,20260217,KF146           ,2,2,2,0
03252301002,DB4302          ,SISTEMA RECHEIO SUPER 20.0 PLUS MKR                         ,1,20260209,20260217,KF760-02        ,1,1,1,0
03252301002,DB4302          ,SISTEMA RECHEIO SUPER 20.0 PLUS MKR                         ,1,20260209,20260217,KF761-02        ,1,1,1,0
03252301002,DB4302          ,SISTEMA RECHEIO SUPER 20.0 PLUS MKR                         ,1,20260209,20260217,NA3108          ,2,2,2,0
03252301004,DA8426          ,KIT TUBO DE SALSICHA SIMPLES RECHEIO,2,20260209,20260217,20110           ,2,2,1,1
03252301006,DB4315          ,SISTEMA ESTEIRA SUPER 20.0 PLUS MKR                         ,1,20260209,20260217,KF762           ,1,1,1,0
03252301007,DB4316          ,SISTEMA MOLDE FORMADOR SUPER 20.0 PLUS MKR                  ,1,20260209,20260217,DA0566          ,1,1,1,0
03252301007,DB4316          ,SISTEMA MOLDE FORMADOR SUPER 20.0 PLUS MKR                  ,1,20260209,20260217,DA8763          ,2,2,2,0
03252301007,DB4316          ,SISTEMA MOLDE FORMADOR SUPER 20.0 PLUS MKR                  ,1,20260209,20260217,KF763           ,1,1,1,0
03252301007,DB4316          ,SISTEMA MOLDE FORMADOR SUPER 20.0 PLUS MKR                  ,1,20260209,20260217,NA2387          ,2,2,2,0
03252301007,DB4316          ,SISTEMA MOLDE FORMADOR SUPER 20.0 PLUS MKR                  ,1,20260209,20260217,NA3108          ,1,1,1,0
03252301008,PR0308          ,SUBCONJUNTO PRATO EXTERNO SEM CANAL M16                     ,2,20260209,20260217,DB3936          ,2,2,2,0
03252301009,DB5309          ,SISTEMA ESTRUTURA SUPER 20                                  ,1,20260209,20260217,15805           ,1,1,1,0
03252301009,DB5309          ,SISTEMA ESTRUTURA SUPER 20                                  ,1,20260209,20260217,KF835-01        ,1,1,1,0
03252301009,DB5309          ,SISTEMA ESTRUTURA SUPER 20                                  ,1,20260209,20260217,KF836-01        ,1,1,1,0
03252301009,DB5309          ,SISTEMA ESTRUTURA SUPER 20                                  ,1,20260209,20260217,KF837-01        ,1,1,1,0
03252301010,DB5347          ,CONJUNTO GAVETA MOLDES SUPER 20                             ,1,20260209,20260217,DB5612          ,4,4,4,0
03252301010,DB5347          ,CONJUNTO GAVETA MOLDES SUPER 20                             ,1,20260209,20260217,KF839           ,1,1,1,0
03252301011,DB5357          ,GAVETA PAINEL AUTOMACAO SUPER 20                            ,1,20260209,20260217,15352           ,1,1,1,0
03252301011,DB5357          ,GAVETA PAINEL AUTOMACAO SUPER 20                            ,1,20260209,20260217,DB5614          ,4,4,4,0
03252301011,DB5357          ,GAVETA PAINEL AUTOMACAO SUPER 20                            ,1,20260209,20260217,KF840           ,1,1,1,0
03252501001,MFX186CM220     ,DISPOSITIVO FORMADOR TEQUENO CE                                                           ,1,20260209,20260217,DB5282          ,1,1,1,0
03252601001,MFX186CM220     ,DISPOSITIVO FORMADOR TEQUENO CE                                                           ,1,20260209,20260217,DB5282          ,1,1,1,0
03252601001,MFX186CM220     ,DISPOSITIVO FORMADOR TEQUENO CE                                                           ,1,20260209,20260217,KF848-02        ,1,1,1,0
03252701005,CM401           ,SISTEMA COMPRESSAO - DOLCELYX (DA8960)                      ,1,20260209,20260217,KF406           ,1,1,1,0
03252701005,CM401           ,SISTEMA COMPRESSAO - DOLCELYX (DA8960)                      ,1,20260209,20260217,KF406-02        ,1,1,1,0
03252801006,CM401           ,SISTEMA COMPRESSAO - DOLCELYX (DA8960)                      ,1,20260209,20260217,DB6992          ,1,1,1,0
03252801006,CM401           ,SISTEMA COMPRESSAO - DOLCELYX (DA8960)                      ,1,20260209,20260217,KF406-02        ,1,1,1,0
03252901007,CM401           ,SISTEMA COMPRESSAO - DOLCELYX (DA8960)                      ,1,20260209,20260217,DA8580          ,1,1,1,0
03252901008,DB4975          ,CONJUNTO CAVALETE DO SISTEMA COMPRESSOR                     ,1,20260209,20260217,DB4970          ,2,2,2,0
03253001007,CM401           ,SISTEMA COMPRESSAO - DOLCELYX (DA8960)                      ,1,20260209,20260217,DA8580          ,1,1,1,0
03253001008,DB4975          ,CONJUNTO CAVALETE DO SISTEMA COMPRESSOR                     ,1,20260209,20260217,DB4970          ,2,2,2,0
03253101007,CM401           ,SISTEMA COMPRESSAO - DOLCELYX (DA8960)                      ,1,20260209,20260217,DA8580          ,1,1,1,0
03253101008,DB4975          ,CONJUNTO CAVALETE DO SISTEMA COMPRESSOR                     ,1,20260209,20260217,DB4970          ,2,2,1,1
03253301007,CM401           ,SISTEMA COMPRESSAO - DOLCELYX (DA8960)                      ,1,20260209,20260217,DA8580          ,1,1,1,0
03253501001,MFX016NM220     ,DISPOSITIVO DE BOLINHA - AUXILIA P/ ARREDONDAR PRODUTOS                                   ,1,20260209,20260217,DA9047          ,1,1,1,0
03253501001,MFX016NM220     ,DISPOSITIVO DE BOLINHA - AUXILIA P/ ARREDONDAR PRODUTOS                                   ,1,20260209,20260217,DA9048          ,1,1,1,0
03253501001,MFX016NM220     ,DISPOSITIVO DE BOLINHA - AUXILIA P/ ARREDONDAR PRODUTOS                                   ,1,20260209,20260217,DA9051          ,1,1,1,0
03253501001,MFX016NM220     ,DISPOSITIVO DE BOLINHA - AUXILIA P/ ARREDONDAR PRODUTOS                                   ,1,20260209,20260217,DA9052          ,1,1,1,0
03253601001,MFX016CM220     ,DISPOSITIVO DE BOLINHA - AUXILIA P/ ARREDONDAR PRODUTOS                                   ,1,20260209,20260217,DA3172          ,2,2,1,2
03253701001,MSX197NM220     ,PASTELYX MODELADORA RECHEADORA PASTEL RAVIOLI NR12                                        ,1,20260209,20260217,DA5706          ,1,1,1,0
03253701001,MSX197NM220     ,PASTELYX MODELADORA RECHEADORA PASTEL RAVIOLI NR12                                        ,1,20260209,20260217,DB6440          ,1,1,1,0
03253701002,DB6476          ,CONJUNTO CANECA RECHEIO PARALELO PASTELYX                   ,2,20260209,20260217,DB5237          ,2,2,1,1
03253801001,MSX197NM220     ,PASTELYX MODELADORA RECHEADORA PASTEL RAVIOLI NR12                                        ,1,20260209,20260217,DB6440          ,1,1,1,0
03253801001,MSX197NM220     ,PASTELYX MODELADORA RECHEADORA PASTEL RAVIOLI NR12                                        ,1,20260209,20260217,KF879-02        ,1,1,1,0
03253901001,MSX197NM220     ,PASTELYX MODELADORA RECHEADORA PASTEL RAVIOLI NR12                                        ,1,20260209,20260217,DB6440          ,1,1,1,0
03253901001,MSX197NM220     ,PASTELYX MODELADORA RECHEADORA PASTEL RAVIOLI NR12                                        ,1,20260209,20260217,DB6489          ,1,1,1,0
03253901001,MSX197NM220     ,PASTELYX MODELADORA RECHEADORA PASTEL RAVIOLI NR12                                        ,1,20260209,20260217,KF879-02        ,1,1,1,0
03253901001,MSX197NM220     ,PASTELYX MODELADORA RECHEADORA PASTEL RAVIOLI NR12                                        ,1,20260209,20260217,NA3382          ,4,4,4,0
03254001004,CM523           ,SISTEMA ESTRUTURA - HOT 14L INOX - NR12 / CE                ,1,20260209,20260217,KF512           ,1,1,1,0
03254001006,DA2723          ,CONJUNTO RASPADOR KIT DOCE HOTMIXER 14L                     ,1,20260209,20260217,DA2737          ,1,1,1,0
03254101001,HTX106NM220     ,NEW HOTMIXER 14L INOX - MASSEIRA PLANETARIA PARA SALGADOS E/OU DOCES - NR12               ,1,20260209,20260217,DB3525          ,1,1,1,0
03254101004,CM523           ,SISTEMA ESTRUTURA - HOT 14L INOX - NR12 / CE                ,1,20260209,20260217,KF512           ,1,1,1,0
03254101006,DA2723          ,CONJUNTO RASPADOR KIT DOCE HOTMIXER 14L                     ,1,20260209,20260217,DA2737          ,1,1,1,0
03254201002,CM529           ,SISTEMA RESISTENCIA ELETRICA - HOT 14L (DB1652)             ,1,20260209,20260217,DB1934          ,1,1,1,0
03254201003,CM530           ,SISTEMA CABECOTE PLANETARIO - HOT 14L - CE (DB2248)         ,1,20260209,20260217,DA2729          ,1,1,1,0
03254201003,CM530           ,SISTEMA CABECOTE PLANETARIO - HOT 14L - CE (DB2248)         ,1,20260209,20260217,KF513           ,1,1,1,0
03254201006,DA2723          ,CONJUNTO RASPADOR KIT DOCE HOTMIXER 14L                     ,1,20260209,20260217,DA2737          ,1,1,1,0
03254201007,DB3492          ,SISTEMA ESTRUTURA NEW HOTMIXER 14L INOX NR12 - CE           ,1,20260209,20260217,KF512           ,1,1,1,0
03254301001,HTX108CM220     ,NEW HOTMIXER 14L ELETRICA INOX - MASSEIRA PLANETARIA PARA SALGADOS E/OU DOCES - CE        ,1,20260209,20260217,DB3527          ,1,1,1,0
03254301002,CM529           ,SISTEMA RESISTENCIA ELETRICA - HOT 14L (DB1652)             ,1,20260209,20260217,DB1934          ,1,1,1,0
03254301003,CM530           ,SISTEMA CABECOTE PLANETARIO - HOT 14L - CE (DB2248)         ,1,20260209,20260217,DA2729          ,1,1,1,0
03254301003,CM530           ,SISTEMA CABECOTE PLANETARIO - HOT 14L - CE (DB2248)         ,1,20260209,20260217,KF513           ,1,1,1,0
03254301006,DA2723          ,CONJUNTO RASPADOR KIT DOCE HOTMIXER 14L                     ,1,20260209,20260217,15205           ,1,1,1,0
03254301006,DA2723          ,CONJUNTO RASPADOR KIT DOCE HOTMIXER 14L                     ,1,20260209,20260217,DA2737          ,1,1,1,0
03254301007,DB3492          ,SISTEMA ESTRUTURA NEW HOTMIXER 14L INOX NR12 - CE           ,1,20260209,20260217,KF512           ,1,1,1,0
03255201001,HTX018NM220     ,HOTMIXER 70 L - MASSEIRA PLANETARIA PARA SALGADOS E/OU DOCES                              ,1,20260209,20260217,DA0993          ,2,2,1,2
03255301001,HTX020NM220     ,HOTMIXER 150 L - MASSEIRA PLANETARIA P/ SALGADOS E/OU DOCES                               ,1,20260209,20260217,KF509           ,1,1,1,0
03255301001,HTX020NM220     ,HOTMIXER 150 L - MASSEIRA PLANETARIA P/ SALGADOS E/OU DOCES                               ,1,20260209,20260217,NA3960          ,1,1,1,0
03255401001,HTX021NT220     ,HOTMIXER 250 L - MASSEIRA PLANETARIA P/ SALGADOS E/OU DOCES                               ,1,20260209,20260217,DA4186          ,1,1,1,0
03255401001,HTX021NT220     ,HOTMIXER 250 L - MASSEIRA PLANETARIA P/ SALGADOS E/OU DOCES                               ,1,20260209,20260217,KF510           ,1,1,1,0
03255401001,HTX021NT220     ,HOTMIXER 250 L - MASSEIRA PLANETARIA P/ SALGADOS E/OU DOCES                               ,1,20260209,20260217,NA2950          ,1,1,1,0
03255401001,HTX021NT220     ,HOTMIXER 250 L - MASSEIRA PLANETARIA P/ SALGADOS E/OU DOCES                               ,1,20260209,20260217,NA3108          ,1,1,1,0
03255701001,EPX067NM220     ,EMPANAMIX MESA - EMPANADEIRA DE MESA - 220V MONO - NR12                                   ,1,20260109,20260117,KF786-02        ,1,1,1,0
03255701001,EPX067NM220     ,EMPANAMIX MESA - EMPANADEIRA DE MESA - 220V MONO - NR12                                   ,1,20260109,20260117,NA3106          ,1,1,1,0
03255701002,DA6936          ,CONJUNTO ESTEIRA LIQUIDO                                    ,1,20260109,20260117,KF780-01        ,1,1,1,0
03255701002,DA6936          ,CONJUNTO ESTEIRA LIQUIDO                                    ,1,20260109,20260117,NA2630          ,2,2,2,0
03255701003,DB3889          ,CONJUNTO CONCENTRADOR FARINHA PROLONGADO                    ,1,20260109,20260117,DB5552          ,1,1,1,0
03255701003,DB3889          ,CONJUNTO CONCENTRADOR FARINHA PROLONGADO                    ,1,20260109,20260117,DB5553          ,1,1,1,0
03255801001,EPX067NM220     ,EMPANAMIX MESA - EMPANADEIRA DE MESA - 220V MONO - NR12                                   ,1,20260209,20260217,NA2630          ,2,2,2,0
03255801002,DA6936          ,CONJUNTO ESTEIRA LIQUIDO                                    ,1,20260209,20260217,NA2630          ,2,2,2,0
03255901001,EPX067NM220     ,EMPANAMIX MESA - EMPANADEIRA DE MESA - 220V MONO - NR12                                   ,1,20260209,20260217,KF786-02        ,1,1,1,0
03255901001,EPX067NM220     ,EMPANAMIX MESA - EMPANADEIRA DE MESA - 220V MONO - NR12                                   ,1,20260209,20260217,NA2630          ,2,2,2,0
03255901001,EPX067NM220     ,EMPANAMIX MESA - EMPANADEIRA DE MESA - 220V MONO - NR12                                   ,1,20260209,20260217,NA3106          ,1,1,1,0
03255901002,DA6936          ,CONJUNTO ESTEIRA LIQUIDO                                    ,1,20260209,20260217,KF780-01        ,1,1,1,0
03255901002,DA6936          ,CONJUNTO ESTEIRA LIQUIDO                                    ,1,20260209,20260217,NA2630          ,2,2,2,0
03255901003,DB3889          ,CONJUNTO CONCENTRADOR FARINHA PROLONGADO                    ,1,20260209,20260217,DB5552          ,1,1,1,0
03255901003,DB3889          ,CONJUNTO CONCENTRADOR FARINHA PROLONGADO                    ,1,20260209,20260217,DB5553          ,1,1,1,0
03256001001,EPX067NM220     ,EMPANAMIX MESA - EMPANADEIRA DE MESA - 220V MONO - NR12                                   ,1,20260209,20260217,KF786-02        ,1,1,1,0
03256001001,EPX067NM220     ,EMPANAMIX MESA - EMPANADEIRA DE MESA - 220V MONO - NR12                                   ,1,20260209,20260217,NA2630          ,2,2,2,0
03256001001,EPX067NM220     ,EMPANAMIX MESA - EMPANADEIRA DE MESA - 220V MONO - NR12                                   ,1,20260209,20260217,NA3106          ,1,1,1,0
03256001002,DA6936          ,CONJUNTO ESTEIRA LIQUIDO                                    ,1,20260209,20260217,KF780-01        ,1,1,1,0
03256001002,DA6936          ,CONJUNTO ESTEIRA LIQUIDO                                    ,1,20260209,20260217,KF782           ,1,1,1,0
03256001002,DA6936          ,CONJUNTO ESTEIRA LIQUIDO                                    ,1,20260209,20260217,NA2630          ,2,2,2,0
03256001003,DB3889          ,CONJUNTO CONCENTRADOR FARINHA PROLONGADO                    ,1,20260209,20260217,DB5552          ,1,1,1,0
03256001003,DB3889          ,CONJUNTO CONCENTRADOR FARINHA PROLONGADO                    ,1,20260209,20260217,DB5553          ,1,1,1,0
03256101001,EPX067NM220     ,EMPANAMIX MESA - EMPANADEIRA DE MESA - 220V MONO - NR12                                   ,1,20260209,20260217,KF786-02        ,1,1,1,0
03256101001,EPX067NM220     ,EMPANAMIX MESA - EMPANADEIRA DE MESA - 220V MONO - NR12                                   ,1,20260209,20260217,NA2630          ,2,2,2,0
03256101001,EPX067NM220     ,EMPANAMIX MESA - EMPANADEIRA DE MESA - 220V MONO - NR12                                   ,1,20260209,20260217,NA3106          ,1,1,1,0
03256101002,DA6936          ,CONJUNTO ESTEIRA LIQUIDO                                    ,1,20260209,20260217,KF780-01        ,1,1,1,0
03256101002,DA6936          ,CONJUNTO ESTEIRA LIQUIDO                                    ,1,20260209,20260217,KF782           ,1,1,1,0
03256101002,DA6936          ,CONJUNTO ESTEIRA LIQUIDO                                    ,1,20260209,20260217,NA2630          ,2,2,2,0
03256101003,DB3889          ,CONJUNTO CONCENTRADOR FARINHA PROLONGADO                    ,1,20260209,20260217,DB5552          ,1,1,1,0
03256101003,DB3889          ,CONJUNTO CONCENTRADOR FARINHA PROLONGADO                    ,1,20260209,20260217,DB5553          ,1,1,1,0
03256501003,DB4965          ,CONJUNTO ROLINHO FUNIL CONCENTRADOR                         ,1,20260209,20260217,KF817-01        ,1,1,1,0
03256901001,EPX110NM220     ,EMPANAMIX INDUSTRIAL PLUS 2020 NR12                                                       ,1,20260209,20260217,NA2841          ,1,1,1,0
03257001001,EPX110CM220     ,EMPANAMIX INDUSTRIAL PLUS 2020 CE                                                         ,1,20260209,20260217,KF225-04        ,1,1,1,0
03257001001,EPX110CM220     ,EMPANAMIX INDUSTRIAL PLUS 2020 CE                                                         ,1,20260209,20260217,KF227-07        ,1,1,1,0
03257001001,EPX110CM220     ,EMPANAMIX INDUSTRIAL PLUS 2020 CE                                                         ,1,20260209,20260217,NA2630          ,4,4,2,2
03257101001,EPX110CM220     ,EMPANAMIX INDUSTRIAL PLUS 2020 CE                                                         ,1,20260209,20260217,DA7953          ,1,1,1,0
03257101001,EPX110CM220     ,EMPANAMIX INDUSTRIAL PLUS 2020 CE                                                         ,1,20260209,20260217,DB1575          ,1,1,1,0
03257101001,EPX110CM220     ,EMPANAMIX INDUSTRIAL PLUS 2020 CE                                                         ,1,20260209,20260217,KF225-04        ,1,1,1,0
03257101001,EPX110CM220     ,EMPANAMIX INDUSTRIAL PLUS 2020 CE                                                         ,1,20260209,20260217,KF227-07        ,1,1,1,0
03257201001,EPX109NM220     ,EMPANAMIX MINI - EMPANADEIRA MINI                                                         ,1,20260209,20260217,KF222-03        ,1,1,1,0
03257301001,EPX109NM220     ,EMPANAMIX MINI - EMPANADEIRA MINI                                                         ,1,20260209,20260217,DA3373          ,1,1,1,0
03257301001,EPX109NM220     ,EMPANAMIX MINI - EMPANADEIRA MINI                                                         ,1,20260209,20260217,DB0190          ,1,1,1,0
03257301001,EPX109NM220     ,EMPANAMIX MINI - EMPANADEIRA MINI                                                         ,1,20260209,20260217,KF222-03        ,1,1,1,0
03257301001,EPX109NM220     ,EMPANAMIX MINI - EMPANADEIRA MINI                                                         ,1,20260209,20260217,KF223-03        ,1,1,1,0
03257301001,EPX109NM220     ,EMPANAMIX MINI - EMPANADEIRA MINI                                                         ,1,20260209,20260217,KF224-02        ,1,1,1,0
03257401001,EPX109CM220     ,EMPANAMIX MINI CE - EMPANADEIRA MINI                                                      ,1,20260209,20260217,KF222-03        ,1,1,1,0
03257401001,EPX109CM220     ,EMPANAMIX MINI CE - EMPANADEIRA MINI                                                      ,1,20260209,20260217,KF224-02        ,1,1,1,0
03257401001,EPX109CM220     ,EMPANAMIX MINI CE - EMPANADEIRA MINI                                                      ,1,20260209,20260217,NA1822          ,5,5,3,5
03257601001,EPX162NM220     ,BANDEJA GIRATORIA Ø700 MOTOR AC NR12                                                      ,1,20260209,20260217,KF726-02        ,1,1,1,0
03257701001,EPX162NM220     ,BANDEJA GIRATORIA Ø700 MOTOR AC NR12                                                      ,1,20260209,20260217,KF726-02        ,1,1,1,0
03257801001,EPX162CM220     ,BANDEJA GIRATORIA Ø700 MOTOR AC CE                                                        ,1,20260209,20260217,KF726-02        ,1,1,1,0
03258101001,DSX059NM220     ,DOSALYX MINI                                                                              ,1,20260209,20260217,NA1620          ,1,1,1,0
03258101001,DSX059NM220     ,DOSALYX MINI                                                                              ,1,20260209,20260217,NA1657          ,1,1,1,0
03258101001,DSX059NM220     ,DOSALYX MINI                                                                              ,1,20260209,20260217,NA2345          ,1,1,1,0
03258101001,DSX059NM220     ,DOSALYX MINI                                                                              ,1,20260209,20260217,NA2347          ,1,1,1,0
03258101001,DSX059NM220     ,DOSALYX MINI                                                                              ,1,20260209,20260217,NA3808          ,1,1,1,0
03258201001,DSX059NM220     ,DOSALYX MINI                                                                              ,1,20260209,20260217,DA4532          ,1,1,1,0
03258201001,DSX059NM220     ,DOSALYX MINI                                                                              ,1,20260209,20260217,DA5200          ,2,2,1,2
03258201001,DSX059NM220     ,DOSALYX MINI                                                                              ,1,20260209,20260217,DA5334          ,2,2,1,2
03258201001,DSX059NM220     ,DOSALYX MINI                                                                              ,1,20260209,20260217,DA5825          ,1,1,1,0
03258201001,DSX059NM220     ,DOSALYX MINI                                                                              ,1,20260209,20260217,DB2688          ,2,2,1,2
03258201001,DSX059NM220     ,DOSALYX MINI                                                                              ,1,20260209,20260217,NA1620          ,1,1,1,0
03258201001,DSX059NM220     ,DOSALYX MINI                                                                              ,1,20260209,20260217,NA1657          ,1,1,1,0
03258201001,DSX059NM220     ,DOSALYX MINI                                                                              ,1,20260209,20260217,NA2345          ,1,1,1,0
03258201001,DSX059NM220     ,DOSALYX MINI                                                                              ,1,20260209,20260217,NA2347          ,1,1,1,0
03258201001,DSX059NM220     ,DOSALYX MINI                                                                              ,1,20260209,20260217,NA3808          ,1,1,1,0
03258301001,DSX059NM220     ,DOSALYX MINI                                                                              ,1,20260209,20260217,DB3298          ,1,1,1,0
03258301001,DSX059NM220     ,DOSALYX MINI                                                                              ,1,20260209,20260217,KF633           ,1,1,1,0
03258301001,DSX059NM220     ,DOSALYX MINI                                                                              ,1,20260209,20260217,KF634-02        ,1,1,1,0
03258301001,DSX059NM220     ,DOSALYX MINI                                                                              ,1,20260209,20260217,NA1620          ,1,1,1,0
03258301001,DSX059NM220     ,DOSALYX MINI                                                                              ,1,20260209,20260217,NA1657          ,1,1,1,0
03258301001,DSX059NM220     ,DOSALYX MINI                                                                              ,1,20260209,20260217,NA2345          ,1,1,1,0
03258301001,DSX059NM220     ,DOSALYX MINI                                                                              ,1,20260209,20260217,NA2347          ,1,1,1,0
03258301001,DSX059NM220     ,DOSALYX MINI                                                                              ,1,20260209,20260217,NA3808          ,1,1,1,0
03258301001,DSX059NM220     ,DOSALYX MINI                                                                              ,1,20260209,20260217,NA4125          ,1,1,1,0
03258301001,DSX059NM220     ,DOSALYX MINI                                                                              ,1,20260209,20260217,NA4307          ,1,1,1,0
03258301001,DSX059NM220     ,DOSALYX MINI                                                                              ,1,20260209,20260217,NA4309          ,1,1,1,0
03258301001,DSX059NM220     ,DOSALYX MINI                                                                              ,1,20260209,20260217,NA4310          ,1,1,1,0
03258301001,DSX059NM220     ,DOSALYX MINI                                                                              ,1,20260209,20260217,NA4311          ,1,1,1,0
03258401001,CM640           ,BASE - DROP TOP - NR                                                                      ,1,20260202,20260210,DB1440          ,1,1,1,0
03258401002,CM335           ,SISTEMA INTERNO (DB1393 + DB1417 + DB1436)                  ,1,20260202,20260210,KF376           ,1,1,1,0
03258401003,CM336           ,SISTEMA CORTE A FIO (DB1422)                                ,1,20260202,20260210,KF377           ,1,1,1,0
03258401005,CM337           ,SISTEMA ESTERIA (DB1403)                                    ,1,20260202,20260210,KF380           ,1,1,1,0
03258401005,CM337           ,SISTEMA ESTERIA (DB1403)                                    ,1,20260202,20260210,KF381-02        ,1,1,1,0
03258401006,CM338           ,SISTEMA ESTRUTURA (DB1364)                                  ,1,20260202,20260210,DB1365          ,1,1,1,0
03258401006,CM338           ,SISTEMA ESTRUTURA (DB1364)                                  ,1,20260202,20260210,DB1382          ,1,1,1,0
03258401006,CM338           ,SISTEMA ESTRUTURA (DB1364)                                  ,1,20260202,20260210,KF382           ,1,1,1,0
03258501002,CM335           ,SISTEMA INTERNO (DB1393 + DB1417 + DB1436)                  ,1,20260202,20260210,KF376           ,1,1,1,0
03258501003,CM336           ,SISTEMA CORTE A FIO (DB1422)                                ,1,20260202,20260210,KF377           ,1,1,1,0
03258501005,CM337           ,SISTEMA ESTERIA (DB1403)                                    ,1,20260202,20260210,KF380           ,1,1,1,0
03258501005,CM337           ,SISTEMA ESTERIA (DB1403)                                    ,1,20260202,20260210,KF381-02        ,1,1,1,0
03258501006,CM338           ,SISTEMA ESTRUTURA (DB1364)                                  ,1,20260202,20260210,DB1365          ,1,1,1,0
03258501006,CM338           ,SISTEMA ESTRUTURA (DB1364)                                  ,1,20260202,20260210,DB1382          ,1,1,1,0
03258501006,CM338           ,SISTEMA ESTRUTURA (DB1364)                                  ,1,20260202,20260210,KF382           ,1,1,1,0
03258601002,CM335           ,SISTEMA INTERNO (DB1393 + DB1417 + DB1436)                  ,1,20260202,20260210,KF376           ,1,1,1,0
03258601003,CM336           ,SISTEMA CORTE A FIO (DB1422)                                ,1,20260202,20260210,KF377           ,1,1,1,0
03258601005,CM337           ,SISTEMA ESTERIA (DB1403)                                    ,1,20260202,20260210,KF380           ,1,1,1,0
03258601005,CM337           ,SISTEMA ESTERIA (DB1403)                                    ,1,20260202,20260210,KF381-02        ,1,1,1,0
03258601006,CM338           ,SISTEMA ESTRUTURA (DB1364)                                  ,1,20260202,20260210,DB1382          ,1,1,1,0
03258601006,CM338           ,SISTEMA ESTRUTURA (DB1364)                                  ,1,20260202,20260210,KF382           ,1,1,1,0
03258701002,CM335           ,SISTEMA INTERNO (DB1393 + DB1417 + DB1436)                  ,1,20260202,20260210,KF376           ,1,1,1,0
03258701005,CM337           ,SISTEMA ESTERIA (DB1403)                                    ,1,20260202,20260210,KF381-02        ,1,1,1,0
03258701006,CM338           ,SISTEMA ESTRUTURA (DB1364)                                  ,1,20260202,20260210,DB1382          ,1,1,1,0
03258701006,CM338           ,SISTEMA ESTRUTURA (DB1364)                                  ,1,20260202,20260210,KF382           ,1,1,1,0
03258801002,CM335           ,SISTEMA INTERNO (DB1393 + DB1417 + DB1436)                  ,1,20260202,20260210,KF376           ,1,1,1,0
03258801005,CM337           ,SISTEMA ESTERIA (DB1403)                                    ,1,20260202,20260210,KF381-02        ,1,1,1,0
03258801006,CM338           ,SISTEMA ESTRUTURA (DB1364)                                  ,1,20260202,20260210,DB1382          ,1,1,1,0
03258801006,CM338           ,SISTEMA ESTRUTURA (DB1364)                                  ,1,20260202,20260210,KF382           ,1,1,1,0
03258901002,CM335           ,SISTEMA INTERNO (DB1393 + DB1417 + DB1436)                  ,1,20260202,20260210,KF376           ,1,1,1,0
03258901005,CM337           ,SISTEMA ESTERIA (DB1403)                                    ,1,20260202,20260210,KF381-02        ,1,1,1,0
03258901006,CM338           ,SISTEMA ESTRUTURA (DB1364)                                  ,1,20260202,20260210,DB1382          ,1,1,1,0
03258901006,CM338           ,SISTEMA ESTRUTURA (DB1364)                                  ,1,20260202,20260210,KF382           ,1,1,1,0
03259001002,CM335           ,SISTEMA INTERNO (DB1393 + DB1417 + DB1436)                  ,1,20260202,20260210,KF376           ,1,1,1,0
03259001005,CM337           ,SISTEMA ESTERIA (DB1403)                                    ,1,20260202,20260210,KF381-02        ,1,1,1,0
03259001006,CM338           ,SISTEMA ESTRUTURA (DB1364)                                  ,1,20260202,20260210,DB1382          ,1,1,1,0
03259001006,CM338           ,SISTEMA ESTRUTURA (DB1364)                                  ,1,20260202,20260210,KF382           ,1,1,1,0
03259201005,CM337           ,SISTEMA ESTERIA (DB1403)                                    ,1,20260202,20260210,KF381-02        ,1,1,1,0
03259301005,CM337           ,SISTEMA ESTERIA (DB1403)                                    ,1,20260202,20260210,KF381-02        ,1,1,1,0
03259401005,CM337           ,SISTEMA ESTERIA (DB1403)                                    ,1,20260202,20260210,KF381-02        ,1,1,1,0
03259501002,DB1588          ,SISTEMA ACESSORIOS DROP-TOP PLUS                            ,1,20260202,20260210,DA2529          ,1,1,1,0
03259501002,DB1588          ,SISTEMA ACESSORIOS DROP-TOP PLUS                            ,1,20260202,20260210,DA2531          ,1,1,1,0
03259501002,DB1588          ,SISTEMA ACESSORIOS DROP-TOP PLUS                            ,1,20260202,20260210,DA2532          ,1,1,1,0
03259501002,DB1588          ,SISTEMA ACESSORIOS DROP-TOP PLUS                            ,1,20260202,20260210,DB4550          ,1,1,1,0
03259601002,DB1588          ,SISTEMA ACESSORIOS DROP-TOP PLUS                            ,1,20260202,20260210,DA2531          ,1,1,1,0
03259601002,DB1588          ,SISTEMA ACESSORIOS DROP-TOP PLUS                            ,1,20260202,20260210,DA2532          ,1,1,1,0
03259601006,DA8210          ,CONJUNTO CRUZETA CORTE A FIO                                ,6,20260202,20260210,DA2556          ,6,6,2,6
03259701002,DB1588          ,SISTEMA ACESSORIOS DROP-TOP PLUS                            ,1,20260202,20260210,DA2531          ,1,1,1,0
03259701002,DB1588          ,SISTEMA ACESSORIOS DROP-TOP PLUS                            ,1,20260202,20260210,DA2532          ,1,1,1,0
03259701005,DA8210          ,CONJUNTO CRUZETA CORTE A FIO                                ,6,20260202,20260210,DA2556          ,6,6,6,0
03259701006,DB1445          ,CONJUNTO CABECOTE MASSA                                     ,1,20260202,20260210,KF373-02        ,1,1,1,0
03259701009,DB4550          ,CONJUNTO BOMBA MASSA LIQUIDA CORDAO VEDACAO                 ,1,20260202,20260210,KF822           ,1,1,1,0
03259701009,DB4550          ,CONJUNTO BOMBA MASSA LIQUIDA CORDAO VEDACAO                 ,1,20260202,20260210,KF823           ,1,1,1,0
03259801002,DB1588          ,SISTEMA ACESSORIOS DROP-TOP PLUS                            ,1,20260202,20260210,DA2531          ,1,1,1,0
03259801002,DB1588          ,SISTEMA ACESSORIOS DROP-TOP PLUS                            ,1,20260202,20260210,DA2532          ,1,1,1,0
03259801002,DB1588          ,SISTEMA ACESSORIOS DROP-TOP PLUS                            ,1,20260202,20260210,DA8136          ,6,6,1,6
03259801005,DA8210          ,CONJUNTO CRUZETA CORTE A FIO                                ,6,20260202,20260210,DA2556          ,6,6,6,0
03259801006,DB1445          ,CONJUNTO CABECOTE MASSA                                     ,1,20260202,20260210,KF373-02        ,1,1,1,0
03259801009,DB4550          ,CONJUNTO BOMBA MASSA LIQUIDA CORDAO VEDACAO                 ,1,20260202,20260210,KF822           ,1,1,1,0
03259901002,DB1588          ,SISTEMA ACESSORIOS DROP-TOP PLUS                            ,1,20260202,20260210,DA2531          ,1,1,1,0
03259901002,DB1588          ,SISTEMA ACESSORIOS DROP-TOP PLUS                            ,1,20260202,20260210,DA2532          ,1,1,1,0
03259901007,DA8210          ,CONJUNTO CRUZETA CORTE A FIO                                ,6,20260202,20260210,DA2556          ,6,6,6,0
03259901008,DB1445          ,CONJUNTO CABECOTE MASSA                                     ,1,20260202,20260210,DA2469          ,2,2,1,2
03259901008,DB1445          ,CONJUNTO CABECOTE MASSA                                     ,1,20260202,20260210,KF373-02        ,1,1,1,0
03259901008,DB1445          ,CONJUNTO CABECOTE MASSA                                     ,1,20260202,20260210,KF374           ,1,1,1,0
03259901011,DB4550          ,CONJUNTO BOMBA MASSA LIQUIDA CORDAO VEDACAO                 ,1,20260202,20260210,KF822           ,1,1,1,0
03260001002,DB1588          ,SISTEMA ACESSORIOS DROP-TOP PLUS                            ,1,20260202,20260210,DA2531          ,1,1,1,0
03260001002,DB1588          ,SISTEMA ACESSORIOS DROP-TOP PLUS                            ,1,20260202,20260210,DA2532          ,1,1,1,0
03260001005,DA8210          ,CONJUNTO CRUZETA CORTE A FIO                                ,6,20260202,20260210,DA2556          ,6,6,6,0
03260001006,DB1445          ,CONJUNTO CABECOTE MASSA                                     ,1,20260202,20260210,KF373-02        ,1,1,1,0
03260001006,DB1445          ,CONJUNTO CABECOTE MASSA                                     ,1,20260202,20260210,KF374           ,1,1,1,0
03260001009,DB4550          ,CONJUNTO BOMBA MASSA LIQUIDA CORDAO VEDACAO                 ,1,20260202,20260210,KF822           ,1,1,1,0
03260101002,DB1588          ,SISTEMA ACESSORIOS DROP-TOP PLUS                            ,1,20260202,20260210,DA2531          ,1,1,1,0
03260101002,DB1588          ,SISTEMA ACESSORIOS DROP-TOP PLUS                            ,1,20260202,20260210,DA2532          ,1,1,1,0
03260101005,DA8210          ,CONJUNTO CRUZETA CORTE A FIO                                ,6,20260202,20260210,DA2556          ,6,6,6,0
03260101006,DB1445          ,CONJUNTO CABECOTE MASSA                                     ,1,20260202,20260210,KF373-02        ,1,1,1,0
03260101006,DB1445          ,CONJUNTO CABECOTE MASSA                                     ,1,20260202,20260210,KF374           ,1,1,1,0
03260101009,DB4550          ,CONJUNTO BOMBA MASSA LIQUIDA CORDAO VEDACAO                 ,1,20260202,20260210,KF822           ,1,1,1,0
03260201002,DB1588          ,SISTEMA ACESSORIOS DROP-TOP PLUS                            ,1,20260202,20260210,DA2531          ,1,1,1,0
03260201002,DB1588          ,SISTEMA ACESSORIOS DROP-TOP PLUS                            ,1,20260202,20260210,DA2532          ,1,1,1,0
03260201007,DA8210          ,CONJUNTO CRUZETA CORTE A FIO                                ,6,20260202,20260210,DA2556          ,6,6,6,0
03260201008,DB1445          ,CONJUNTO CABECOTE MASSA                                     ,1,20260202,20260210,KF373-02        ,1,1,1,0
03260201008,DB1445          ,CONJUNTO CABECOTE MASSA                                     ,1,20260202,20260210,KF374           ,1,1,1,0
03260201011,DB4550          ,CONJUNTO BOMBA MASSA LIQUIDA CORDAO VEDACAO                 ,1,20260202,20260210,KF822           ,1,1,1,0
03260301002,DB1588          ,SISTEMA ACESSORIOS DROP-TOP PLUS                            ,1,20260202,20260210,DA2531          ,1,1,1,0
03260301006,DA8210          ,CONJUNTO CRUZETA CORTE A FIO                                ,6,20260202,20260210,DA2556          ,6,6,6,0
03260301007,DB1445          ,CONJUNTO CABECOTE MASSA                                     ,1,20260202,20260210,KF373-02        ,1,1,1,0
03260301007,DB1445          ,CONJUNTO CABECOTE MASSA                                     ,1,20260202,20260210,KF374           ,1,1,1,0
03260301010,DB4550          ,CONJUNTO BOMBA MASSA LIQUIDA CORDAO VEDACAO                 ,1,20260202,20260210,KF822           ,1,1,1,0
03260401007,DA8210          ,CONJUNTO CRUZETA CORTE A FIO                                ,6,20260202,20260210,DA2556          ,6,6,6,0
03260401008,DB1445          ,CONJUNTO CABECOTE MASSA                                     ,1,20260202,20260210,KF372-02        ,1,1,1,0
03260401008,DB1445          ,CONJUNTO CABECOTE MASSA                                     ,1,20260202,20260210,KF373-02        ,1,1,1,0
03260401008,DB1445          ,CONJUNTO CABECOTE MASSA                                     ,1,20260202,20260210,KF374           ,1,1,1,0
03260401011,DB4550          ,CONJUNTO BOMBA MASSA LIQUIDA CORDAO VEDACAO                 ,1,20260202,20260210,KF822           ,1,1,1,0
03260501009,DA8210          ,CONJUNTO CRUZETA CORTE A FIO                                ,6,20260209,20260217,DA2556          ,6,6,6,0
03260501010,DB1445          ,CONJUNTO CABECOTE MASSA                                     ,1,20260209,20260217,KF372-02        ,1,1,1,0
03260501010,DB1445          ,CONJUNTO CABECOTE MASSA                                     ,1,20260209,20260217,KF373-02        ,1,1,1,0
03260501010,DB1445          ,CONJUNTO CABECOTE MASSA                                     ,1,20260209,20260217,KF374           ,1,1,1,0
03260501013,DB4550          ,CONJUNTO BOMBA MASSA LIQUIDA CORDAO VEDACAO                 ,1,20260209,20260217,KF822           ,1,1,1,0
03260601002,CM301           ,CALIBRADOR FORMIX (DA5817 + DA7193)                         ,1,20260209,20260217,DB7355          ,1,1,1,0
03260601002,CM301           ,CALIBRADOR FORMIX (DA5817 + DA7193)                         ,1,20260209,20260217,NA4321          ,1,1,1,0
03260601006,CM318           ,DOSADOR FORMIX PLUS (DA7253)                                ,1,20260209,20260217,KF341-06        ,1,1,1,0
03260601006,CM318           ,DOSADOR FORMIX PLUS (DA7253)                                ,1,20260209,20260217,KF342-07        ,1,1,1,0
03260601006,CM318           ,DOSADOR FORMIX PLUS (DA7253)                                ,1,20260209,20260217,KF719-01        ,1,1,1,0
03260601007,DA6467          ,DOSADOR PROD. PEQUENO,1,20260209,20260217,DA6173          ,2,2,1,2
03260601007,DA6467          ,DOSADOR PROD. PEQUENO,1,20260209,20260217,DA6464          ,1,1,1,0
03260701001,FRX094NM220     ,FORMIX MULTIMASSAS - PLUS                                                                 ,1,20260209,20260217,DB1802          ,1,1,1,0
03260701002,CM301           ,CALIBRADOR FORMIX (DA5817 + DA7193)                         ,1,20260209,20260217,DB7355          ,1,1,1,0
03260701002,CM301           ,CALIBRADOR FORMIX (DA5817 + DA7193)                         ,1,20260209,20260217,NA2432          ,4,4,1,4
03260701002,CM301           ,CALIBRADOR FORMIX (DA5817 + DA7193)                         ,1,20260209,20260217,NA4321          ,1,1,1,0
03260701004,CM304           ,ESTAMPADOR FORMIX (DA8419)                                  ,1,20260209,20260217,KF318-02        ,1,1,1,0
03260701006,CM318           ,DOSADOR FORMIX PLUS (DA7253)                                ,1,20260209,20260217,15805           ,2,2,2,0
03260701006,CM318           ,DOSADOR FORMIX PLUS (DA7253)                                ,1,20260209,20260217,DA9088          ,1,1,1,0
03260701006,CM318           ,DOSADOR FORMIX PLUS (DA7253)                                ,1,20260209,20260217,KF341-06        ,1,1,1,0
03260701006,CM318           ,DOSADOR FORMIX PLUS (DA7253)                                ,1,20260209,20260217,KF342-07        ,1,1,1,0
03260701007,DA6467          ,DOSADOR PROD. PEQUENO,1,20260209,20260217,DA5692          ,1,1,1,0
03260801001,FRX094NM220     ,FORMIX MULTIMASSAS - PLUS                                                                 ,1,20260209,20260217,DB1802          ,1,1,1,0
03260801002,CM301           ,CALIBRADOR FORMIX (DA5817 + DA7193)                         ,1,20260209,20260217,DB7355          ,1,1,1,0
03260801002,CM301           ,CALIBRADOR FORMIX (DA5817 + DA7193)                         ,1,20260209,20260217,KF310-03        ,1,1,1,0
03260801002,CM301           ,CALIBRADOR FORMIX (DA5817 + DA7193)                         ,1,20260209,20260217,NA2980          ,4,4,3,1
03260801002,CM301           ,CALIBRADOR FORMIX (DA5817 + DA7193)                         ,1,20260209,20260217,NA4321          ,1,1,1,0
03260801004,CM304           ,ESTAMPADOR FORMIX (DA8419)                                  ,1,20260209,20260217,KF318-02        ,1,1,1,0
03260801005,CM305           ,ESTRUTURA FORMIX (DA8433)                                   ,1,20260209,20260217,KF320-07        ,1,1,1,0
03260801005,CM305           ,ESTRUTURA FORMIX (DA8433)                                   ,1,20260209,20260217,NA2912          ,3,3,3,0
03260801006,CM318           ,DOSADOR FORMIX PLUS (DA7253)                                ,1,20260209,20260217,15805           ,2,2,2,0
03260801006,CM318           ,DOSADOR FORMIX PLUS (DA7253)                                ,1,20260209,20260217,DA9088          ,1,1,1,0
03260801006,CM318           ,DOSADOR FORMIX PLUS (DA7253)                                ,1,20260209,20260217,DB0340          ,1,1,1,0
03260801006,CM318           ,DOSADOR FORMIX PLUS (DA7253)                                ,1,20260209,20260217,KF341-06        ,1,1,1,0
03260801006,CM318           ,DOSADOR FORMIX PLUS (DA7253)                                ,1,20260209,20260217,KF342-07        ,1,1,1,0
03260801006,CM318           ,DOSADOR FORMIX PLUS (DA7253)                                ,1,20260209,20260217,KF343-06        ,1,1,1,0
03260801006,CM318           ,DOSADOR FORMIX PLUS (DA7253)                                ,1,20260209,20260217,KF719-01        ,1,1,1,0
03260801006,CM318           ,DOSADOR FORMIX PLUS (DA7253)                                ,1,20260209,20260217,NA2707          ,2,2,1,2
03260801006,CM318           ,DOSADOR FORMIX PLUS (DA7253)                                ,1,20260209,20260217,NA2708          ,2,2,1,2
03260801006,CM318           ,DOSADOR FORMIX PLUS (DA7253)                                ,1,20260209,20260217,NA3747          ,2,2,2,0
03260801007,DA6467          ,DOSADOR PROD. PEQUENO,1,20260209,20260217,DA5692          ,1,1,1,0
03260801007,DA6467          ,DOSADOR PROD. PEQUENO,1,20260209,20260217,DA6173          ,2,2,2,0
03260801007,DA6467          ,DOSADOR PROD. PEQUENO,1,20260209,20260217,DA6464          ,1,1,1,0
03261101006,DB5086          ,SISTEMA ALIMENTACAO BASCULANTE BR FRY                       ,1,20260209,20260217,KF821           ,1,1,1,0
03261301002,DA9610          ,SISTEMA FRITURA BR FRY                                      ,1,20260209,20260217,DB6456          ,1,1,1,0
03261301006,DB5086          ,SISTEMA ALIMENTACAO BASCULANTE BR FRY                       ,1,20260209,20260217,KF821           ,1,1,1,0
03261301009,DB5624          ,SISTEMA ESTRUTURA PRINCIPAL TOMADA INTERNA BR FRY           ,1,20260209,20260217,DB4811          ,1,1,1,0
03261401006,DB5086          ,SISTEMA ALIMENTACAO BASCULANTE BR FRY                       ,1,20260209,20260217,KF821           ,1,1,1,0
03261601002,DB2439          ,CONJUNTO TOMADA ALIMENTACAO FRITADEIRA ELETRICA CONT FRYER N,1,20260209,20260217,NA3882          ,7.5,7.5,7.5,0
03261601003,CM605           ,SISTEMA ESTRUTURA - FRITADEIRA CONTINUA (DB0700)            ,1,20260209,20260217,DB3362          ,1,1,1,0
03261601003,CM605           ,SISTEMA ESTRUTURA - FRITADEIRA CONTINUA (DB0700)            ,1,20260209,20260217,DB3363          ,1,1,1,0
03261601003,CM605           ,SISTEMA ESTRUTURA - FRITADEIRA CONTINUA (DB0700)            ,1,20260209,20260217,KF600-05        ,1,1,1,0
03261601004,CM606           ,SISTEMA ESTEIRA - FRITADEIRA CONTINUA (DB0703)              ,1,20260209,20260217,KF601-03        ,1,1,1,0
03261601004,CM606           ,SISTEMA ESTEIRA - FRITADEIRA CONTINUA (DB0703)              ,1,20260209,20260217,KF611           ,1,1,1,0
03261601006,CM609           ,SISTEMA PROTECAO - FRITADEIRA CONTINUA (DB0752)             ,1,20260209,20260217,DB6959          ,1,1,1,0
03261601006,CM609           ,SISTEMA PROTECAO - FRITADEIRA CONTINUA (DB0752)             ,1,20260209,20260217,DB6960          ,1,1,1,0
03261601006,CM609           ,SISTEMA PROTECAO - FRITADEIRA CONTINUA (DB0752)             ,1,20260209,20260217,KF607-06        ,1,1,1,0
03261701003,CM605           ,SISTEMA ESTRUTURA - FRITADEIRA CONTINUA (DB0700)            ,1,20260209,20260217,DB3362          ,1,1,1,0
03261701003,CM605           ,SISTEMA ESTRUTURA - FRITADEIRA CONTINUA (DB0700)            ,1,20260209,20260217,KF600-05        ,1,1,1,0
03261701003,CM605           ,SISTEMA ESTRUTURA - FRITADEIRA CONTINUA (DB0700)            ,1,20260209,20260217,NA3307          ,2,2,1,2
03261701005,CM606           ,SISTEMA ESTEIRA - FRITADEIRA CONTINUA (DB0703)              ,1,20260209,20260217,KF601-03        ,1,1,1,0
03261701005,CM606           ,SISTEMA ESTEIRA - FRITADEIRA CONTINUA (DB0703)              ,1,20260209,20260217,KF611           ,1,1,1,0
03261701007,CM609           ,SISTEMA PROTECAO - FRITADEIRA CONTINUA (DB0752)             ,1,20260209,20260217,DB6959          ,1,1,1,0
03261701007,CM609           ,SISTEMA PROTECAO - FRITADEIRA CONTINUA (DB0752)             ,1,20260209,20260217,DB6960          ,1,1,1,0
03261701007,CM609           ,SISTEMA PROTECAO - FRITADEIRA CONTINUA (DB0752)             ,1,20260209,20260217,KF607-06        ,1,1,1,0
03261901001,FTX156SM220     ,FILTRADOR OLEO AVULSO 120L                                                                ,1,20260209,20260217,DB2752          ,1,1,1,0
03261901002,DB2751          ,SISTEMA ESTRUTURA FILTRAGEM                                 ,1,20260209,20260217,KF720-03        ,1,1,1,0
03262201001,TPX120NM220     ,TRANSPORTADOR INTERMEDIARIO NR12                                                          ,1,20260209,20260217,DB0859          ,1,1,1,0
03262201001,TPX120NM220     ,TRANSPORTADOR INTERMEDIARIO NR12                                                          ,1,20260209,20260217,DB3392          ,1,1,1,0
03262201001,TPX120NM220     ,TRANSPORTADOR INTERMEDIARIO NR12                                                          ,1,20260209,20260217,KF609-06        ,1,1,1,0
03262201001,TPX120NM220     ,TRANSPORTADOR INTERMEDIARIO NR12                                                          ,1,20260209,20260217,NA1141          ,1,1,1,0
03262201001,TPX120NM220     ,TRANSPORTADOR INTERMEDIARIO NR12                                                          ,1,20260209,20260217,NA2268          ,1,1,1,0
03262401001,FRX119NM220     ,ALIMENTADOR CONTINUO 10 LITROS NR12                                                       ,1,20260209,20260217,DB3311          ,1,1,1,0
03262401001,FRX119NM220     ,ALIMENTADOR CONTINUO 10 LITROS NR12                                                       ,1,20260209,20260217,NA1627          ,2,2,2,0
03264201001,DB2606          ,SISTEMA AUTOMACAO ELETRICA CONT FRYER 380V NR12             ,1,20260209,20260215,DB6118          ,1,1,1,0
03264201001,DB2606          ,SISTEMA AUTOMACAO ELETRICA CONT FRYER 380V NR12             ,1,20260209,20260215,NA2555          ,2,2,2,0
03264201001,DB2606          ,SISTEMA AUTOMACAO ELETRICA CONT FRYER 380V NR12             ,1,20260209,20260215,NA3108          ,3,3,2,1
03264201001,DB2606          ,SISTEMA AUTOMACAO ELETRICA CONT FRYER 380V NR12             ,1,20260209,20260215,NA3336          ,1,1,1,0
03264201001,DB2606          ,SISTEMA AUTOMACAO ELETRICA CONT FRYER 380V NR12             ,1,20260209,20260215,NA3410          ,3,3,3,0
03264201001,DB2606          ,SISTEMA AUTOMACAO ELETRICA CONT FRYER 380V NR12             ,1,20260209,20260215,SERV-DB2606     ,1,1,1,0
03264701001,DB5390          ,SISTEMA AUTOMACAO ELETRICA DUE TECH NR12                    ,1,20260209,20260215,DB4850          ,1,1,1,0
03264701001,DB5390          ,SISTEMA AUTOMACAO ELETRICA DUE TECH NR12                    ,1,20260209,20260215,DB5391          ,1,1,1,0
03264701001,DB5390          ,SISTEMA AUTOMACAO ELETRICA DUE TECH NR12                    ,1,20260209,20260215,DB5527          ,1,1,1,0
03264701001,DB5390          ,SISTEMA AUTOMACAO ELETRICA DUE TECH NR12                    ,1,20260209,20260215,DB5874          ,1,1,1,0
03264701001,DB5390          ,SISTEMA AUTOMACAO ELETRICA DUE TECH NR12                    ,1,20260209,20260215,DB6527          ,1,1,1,0
03264701001,DB5390          ,SISTEMA AUTOMACAO ELETRICA DUE TECH NR12                    ,1,20260209,20260215,NA2555          ,2,2,2,0
03264701001,DB5390          ,SISTEMA AUTOMACAO ELETRICA DUE TECH NR12                    ,1,20260209,20260215,SERV-DB5390     ,1,1,1,0
03267601001,FTX118NT220     ,FRITADEIRA ELETRICA CONT FRYER NR12                                                       ,1,20260209,20260217,DB0874          ,1,1,1,0
03267601002,DB2439          ,CONJUNTO TOMADA ALIMENTACAO FRITADEIRA ELETRICA CONT FRYER N,1,20260209,20260217,NA3882          ,7.5,7.5,7.5,0
03267601003,CM605           ,SISTEMA ESTRUTURA - FRITADEIRA CONTINUA (DB0700)            ,1,20260209,20260217,KF600-05        ,1,1,1,0
03267601003,CM605           ,SISTEMA ESTRUTURA - FRITADEIRA CONTINUA (DB0700)            ,1,20260209,20260217,NA3307          ,2,2,1,2
03267601006,CM606           ,SISTEMA ESTEIRA - FRITADEIRA CONTINUA (DB0703)              ,1,20260209,20260217,KF601-03        ,1,1,1,0
03267601006,CM606           ,SISTEMA ESTEIRA - FRITADEIRA CONTINUA (DB0703)              ,1,20260209,20260217,KF611           ,1,1,1,0
03267601007,CM607           ,SISTEMA MOTORIZACAO SEW NR12 - FRITADEIRA CONTINUA (DB0728) ,1,20260209,20260217,KF604           ,1,1,1,0
03267601008,CM609           ,SISTEMA PROTECAO - FRITADEIRA CONTINUA (DB0752)             ,1,20260209,20260217,DB6959          ,1,1,1,0
03267601008,CM609           ,SISTEMA PROTECAO - FRITADEIRA CONTINUA (DB0752)             ,1,20260209,20260217,DB6960          ,1,1,1,0
03267601008,CM609           ,SISTEMA PROTECAO - FRITADEIRA CONTINUA (DB0752)             ,1,20260209,20260217,KF607-06        ,1,1,1,0
03272501001,CM427           ,PAINEL LUNA - DUPLO RECHEIO - CE (DB2072)                   ,1,20260119,20260119,NA2555          ,2,2,2,0
03272501001,CM427           ,PAINEL LUNA - DUPLO RECHEIO - CE (DB2072)                   ,1,20260119,20260119,NA3412          ,2,2,2,0
03272501001,CM427           ,PAINEL LUNA - DUPLO RECHEIO - CE (DB2072)                   ,1,20260119,20260119,NA3413          ,2,2,2,0
03272501001,CM427           ,PAINEL LUNA - DUPLO RECHEIO - CE (DB2072)                   ,1,20260119,20260119,SERV-CM427      ,1,1,1,0
03272701001,DB4550          ,CONJUNTO BOMBA MASSA LIQUIDA CORDAO VEDACAO                 ,2,20260119,20260119,15725           ,4,4,4,0
03272701001,DB4550          ,CONJUNTO BOMBA MASSA LIQUIDA CORDAO VEDACAO                 ,2,20260119,20260119,DB4560          ,2,2,2,0
03272701001,DB4550          ,CONJUNTO BOMBA MASSA LIQUIDA CORDAO VEDACAO                 ,2,20260119,20260119,KF822           ,2,2,2,0
03272701001,DB4550          ,CONJUNTO BOMBA MASSA LIQUIDA CORDAO VEDACAO                 ,2,20260119,20260119,KF823           ,2,2,2,0
03272701001,DB4550          ,CONJUNTO BOMBA MASSA LIQUIDA CORDAO VEDACAO                 ,2,20260119,20260119,KF824           ,2,2,2,0
03272701001,DB4550          ,CONJUNTO BOMBA MASSA LIQUIDA CORDAO VEDACAO                 ,2,20260119,20260119,NA0821          ,14,14,14,0
03272701001,DB4550          ,CONJUNTO BOMBA MASSA LIQUIDA CORDAO VEDACAO                 ,2,20260119,20260119,NA1171          ,2,2,2,0
03272701001,DB4550          ,CONJUNTO BOMBA MASSA LIQUIDA CORDAO VEDACAO                 ,2,20260119,20260119,NA2103          ,8,8,8,0
03272701001,DB4550          ,CONJUNTO BOMBA MASSA LIQUIDA CORDAO VEDACAO                 ,2,20260119,20260119,NA2161          ,2,2,2,0
03272701001,DB4550          ,CONJUNTO BOMBA MASSA LIQUIDA CORDAO VEDACAO                 ,2,20260119,20260119,NA3432          ,8,8,8,0
03275801001,HTX108NM220     ,NEW HOTMIXER 14L ELETRICA INOX - MASSEIRA PLANETARIA PARA SALGADOS E/OU DOCES - NR12      ,1,20260126,20260203,CM511           ,1,1,1,0
03275801001,HTX108NM220     ,NEW HOTMIXER 14L ELETRICA INOX - MASSEIRA PLANETARIA PARA SALGADOS E/OU DOCES - NR12      ,1,20260126,20260203,CM529           ,1,1,1,0
03275801001,HTX108NM220     ,NEW HOTMIXER 14L ELETRICA INOX - MASSEIRA PLANETARIA PARA SALGADOS E/OU DOCES - NR12      ,1,20260126,20260203,DA5992          ,1,1,1,0
03275801001,HTX108NM220     ,NEW HOTMIXER 14L ELETRICA INOX - MASSEIRA PLANETARIA PARA SALGADOS E/OU DOCES - NR12      ,1,20260126,20260203,DB3492          ,1,1,1,0
03275801001,HTX108NM220     ,NEW HOTMIXER 14L ELETRICA INOX - MASSEIRA PLANETARIA PARA SALGADOS E/OU DOCES - NR12      ,1,20260126,20260203,DB3526          ,1,1,1,0
03275801001,HTX108NM220     ,NEW HOTMIXER 14L ELETRICA INOX - MASSEIRA PLANETARIA PARA SALGADOS E/OU DOCES - NR12      ,1,20260126,20260203,DB3746          ,1,1,1,0
03275801001,HTX108NM220     ,NEW HOTMIXER 14L ELETRICA INOX - MASSEIRA PLANETARIA PARA SALGADOS E/OU DOCES - NR12      ,1,20260126,20260203,HTX108UM220     ,1,1,1,0
03277401001,DB2091          ,SISTEMA AUTOMACAO ELETRICA NEW DULY 2021 NR12                                             ,3,20260129,20260206,DB2591          ,3,3,3,0
03277401001,DB2091          ,SISTEMA AUTOMACAO ELETRICA NEW DULY 2021 NR12                                             ,3,20260129,20260206,NA2555          ,6,6,6,0
03277401001,DB2091          ,SISTEMA AUTOMACAO ELETRICA NEW DULY 2021 NR12                                             ,3,20260129,20260206,SERV-DB2091     ,3,3,3,0
03278001001,MFX168CM220     ,MAXIFORM BIG 10.0 MK MAQUINA MODELADORA RECHEADORA DE DOCES E SALGADOS CE                 ,1,20260203,20260211,DB6022          ,1,1,1,0
03278001004,DB2002          ,MONTAGEM FUNIL BIG 10 NR12                                  ,1,20260203,20260211,15805           ,4,4,4,0
03278001004,DB2002          ,MONTAGEM FUNIL BIG 10 NR12                                  ,1,20260203,20260211,DA4038          ,1,1,1,0
03278001004,DB2002          ,MONTAGEM FUNIL BIG 10 NR12                                  ,1,20260203,20260211,DA7686          ,1,1,1,0
03278001006,DB3717          ,SISTEMA RECHEIO FIXO SEW CE                                 ,1,20260203,20260211,KF463-01        ,1,1,1,0
03278001006,DB3717          ,SISTEMA RECHEIO FIXO SEW CE                                 ,1,20260203,20260211,KF465           ,1,1,1,0
03278101001,DB6022          ,SISTEMA MASSA SEW BIG10 CE                                                                ,1,20260203,20260211,DA6408          ,1,1,1,0
03278101001,DB6022          ,SISTEMA MASSA SEW BIG10 CE                                                                ,1,20260203,20260211,NA3767          ,1,1,1,0
03278101001,DB6022          ,SISTEMA MASSA SEW BIG10 CE                                                                ,1,20260203,20260211,NA3818          ,1,1,1,0
03278401002,DB4325          ,"SISTEMA MOLDE FORMADOR NR12 1:10 0,25KW M16                 ",1,20260203,20260211,15451           ,1,1,1,0
03278401004,PR0308          ,SUBCONJUNTO PRATO EXTERNO SEM CANAL M16                     ,1,20260203,20260211,DB3936          ,1,1,1,0
03278401005,DB4561          ,SISTEMA ESTEIRA MOVEL LINHA INDUSTRIAL                      ,1,20260203,20260211,KF795-01        ,1,1,1,0
03278401006,DB4861          ,SISTEMA RECHEIO DUPLO MAXIFORM INDUSTRIAL                   ,1,20260203,20260211,15805           ,4,4,4,0
03278401006,DB4861          ,SISTEMA RECHEIO DUPLO MAXIFORM INDUSTRIAL                   ,1,20260203,20260211,DA7686          ,1,1,1,0
03278401006,DB4861          ,SISTEMA RECHEIO DUPLO MAXIFORM INDUSTRIAL                   ,1,20260203,20260211,KF638-05        ,1,1,1,0
03278401006,DB4861          ,SISTEMA RECHEIO DUPLO MAXIFORM INDUSTRIAL                   ,1,20260203,20260211,KF800-01        ,1,1,1,0
03278401010,DB6195          ,MONTAGEM PROTECAO KIT SALSICHA DUE 10 TECH                  ,1,20260203,20260211,DB6194          ,1,1,1,0
03278401011,DB5396          ,SISTEMA ESTRUTURA                                           ,1,20260203,20260211,DB5397          ,1,1,1,0
03278401011,DB5396          ,SISTEMA ESTRUTURA                                           ,1,20260203,20260211,KF845-02        ,1,1,1,0
03278401011,DB5396          ,SISTEMA ESTRUTURA                                           ,1,20260203,20260211,NA2387          ,2,2,2,0
03278401012,DB5424          ,CONJUNTO BASE TELESCOPICA PAINEL ELETRICO                   ,1,20260203,20260211,KF843-02        ,1,1,1,0
03278401013,DB5431          ,CONJUNTO GAVETA ACESSORIOS                                  ,1,20260203,20260211,KF842           ,1,1,1,0
03278901001,DB6213          ,SISTEMA AUTOMACAO ELETRICA LUNA TECH 2025 CE                                              ,1,20260203,20260211,SERV-DB6213     ,1,1,1,0
03280801001,DB6212          ,SISTEMA AUTOMACAO ELETRICA LUNA TECH DUPLO RECHEIO 2025 NR12                              ,2,20260227,20260307,DB4850          ,2,2,2,0
03280801001,DB6212          ,SISTEMA AUTOMACAO ELETRICA LUNA TECH DUPLO RECHEIO 2025 NR12                              ,2,20260227,20260307,DB5874          ,2,2,2,0
03280801001,DB6212          ,SISTEMA AUTOMACAO ELETRICA LUNA TECH DUPLO RECHEIO 2025 NR12                              ,2,20260227,20260307,DB6528          ,2,2,2,0
03280801001,DB6212          ,SISTEMA AUTOMACAO ELETRICA LUNA TECH DUPLO RECHEIO 2025 NR12                              ,2,20260227,20260307,SERV-DB6212     ,2,2,2,0
03280901001,CM427           ,PAINEL LUNA - DUPLO RECHEIO - CE (DB2072)                                                 ,1,20260227,20260307,SERV-CM427      ,1,1,1,0
03281001001,DB6213          ,SISTEMA AUTOMACAO ELETRICA LUNA TECH 2025 CE                                              ,1,20260227,20260307,DB5874          ,1,1,1,0
03281001001,DB6213          ,SISTEMA AUTOMACAO ELETRICA LUNA TECH 2025 CE                                              ,1,20260227,20260307,NA2555          ,2,2,2,0
03281001001,DB6213          ,SISTEMA AUTOMACAO ELETRICA LUNA TECH 2025 CE                                              ,1,20260227,20260307,NA2620          ,1,1,1,0
03281001001,DB6213          ,SISTEMA AUTOMACAO ELETRICA LUNA TECH 2025 CE                                              ,1,20260227,20260307,SERV-DB6213     ,1,1,1,0
03281101001,DB6213          ,SISTEMA AUTOMACAO ELETRICA LUNA TECH 2025 CE                                              ,1,20260227,20260307,DA9553          ,1,1,1,0
03281101001,DB6213          ,SISTEMA AUTOMACAO ELETRICA LUNA TECH 2025 CE                                              ,1,20260227,20260307,DB5874          ,1,1,1,0
03281101001,DB6213          ,SISTEMA AUTOMACAO ELETRICA LUNA TECH 2025 CE                                              ,1,20260227,20260307,SERV-DB6213     ,1,1,1,0
03281201001,DB6213          ,SISTEMA AUTOMACAO ELETRICA LUNA TECH 2025 CE                                              ,1,20260227,20260307,DA9553          ,1,1,1,0
03281201001,DB6213          ,SISTEMA AUTOMACAO ELETRICA LUNA TECH 2025 CE                                              ,1,20260227,20260307,DB5874          ,1,1,1,0
03281201001,DB6213          ,SISTEMA AUTOMACAO ELETRICA LUNA TECH 2025 CE                                              ,1,20260227,20260307,DB6229          ,1,1,1,0
03281201001,DB6213          ,SISTEMA AUTOMACAO ELETRICA LUNA TECH 2025 CE                                              ,1,20260227,20260307,SERV-DB6213     ,1,1,1,0
03281301001,DB2090          ,SISTEMA AUTOMACAO ELETRICA NEW LILY 2021 NR12                                             ,1,20260227,20260307,SERV-DB2090     ,1,1,1,0
03281401001,DB2091          ,SISTEMA AUTOMACAO ELETRICA NEW DULY 2021 NR12                                             ,1,20260227,20260307,DB2591          ,1,1,1,0
03281401001,DB2091          ,SISTEMA AUTOMACAO ELETRICA NEW DULY 2021 NR12                                             ,1,20260227,20260307,SERV-DB2091     ,1,1,1,0
03281501001,DB2091          ,SISTEMA AUTOMACAO ELETRICA NEW DULY 2021 NR12                                             ,1,20260227,20260307,DB2591          ,1,1,1,0
03281501001,DB2091          ,SISTEMA AUTOMACAO ELETRICA NEW DULY 2021 NR12                                             ,1,20260227,20260307,SERV-DB2091     ,1,1,1,0
03281601001,DB2091          ,SISTEMA AUTOMACAO ELETRICA NEW DULY 2021 NR12                                             ,1,20260227,20260307,DB2591          ,1,1,1,0
03281601001,DB2091          ,SISTEMA AUTOMACAO ELETRICA NEW DULY 2021 NR12                                             ,1,20260227,20260307,SERV-DB2091     ,1,1,1,0
03281701001,DB2091          ,SISTEMA AUTOMACAO ELETRICA NEW DULY 2021 NR12                                             ,1,20260227,20260307,DB2591          ,1,1,1,0
03281701001,DB2091          ,SISTEMA AUTOMACAO ELETRICA NEW DULY 2021 NR12                                             ,1,20260227,20260307,SERV-DB2091     ,1,1,1,0
03281901001,DB2091          ,SISTEMA AUTOMACAO ELETRICA NEW DULY 2021 NR12                                             ,1,20260227,20260307,DB2591          ,1,1,1,0
03281901001,DB2091          ,SISTEMA AUTOMACAO ELETRICA NEW DULY 2021 NR12                                             ,1,20260227,20260307,SERV-DB2091     ,1,1,1,0
03282001001,DB2091          ,SISTEMA AUTOMACAO ELETRICA NEW DULY 2021 NR12                                             ,1,20260227,20260307,DB2591          ,1,1,1,0
03282001001,DB2091          ,SISTEMA AUTOMACAO ELETRICA NEW DULY 2021 NR12                                             ,1,20260227,20260307,SERV-DB2091     ,1,1,1,0
03282101001,DB2095          ,SISTEMA AUTOMACAO ELETRICA PROFISSIONAL 2021 CE                                           ,1,20260227,20260307,DB2591          ,1,1,1,0
03282101001,DB2095          ,SISTEMA AUTOMACAO ELETRICA PROFISSIONAL 2021 CE                                           ,1,20260227,20260307,SERV-DB2095     ,1,1,1,0
03282201001,DB2092          ,SISTEMA AUTOMACAO ELETRICA PROFISSIONAL 2021 NR12                                         ,1,20260227,20260307,DB2591          ,1,1,1,0
03282201001,DB2092          ,SISTEMA AUTOMACAO ELETRICA PROFISSIONAL 2021 NR12                                         ,1,20260227,20260307,SERV-DB2092     ,1,1,1,0
03282301001,DB3740          ,SISTEMA AUTOMACAO ELETRICA BIG 6.0/8.0 MKR 2023 CE                                        ,1,20260227,20260307,SERV-DB3740     ,1,1,1,0
03282401001,DB5560          ,SISTEMA AUTOMACAO ELETRICA SUPER 20.0 TECH CE                                             ,1,20260227,20260307,DB5341          ,1,1,1,0
03282401001,DB5560          ,SISTEMA AUTOMACAO ELETRICA SUPER 20.0 TECH CE                                             ,1,20260227,20260307,DB5874          ,1,1,1,0
03282401001,DB5560          ,SISTEMA AUTOMACAO ELETRICA SUPER 20.0 TECH CE                                             ,1,20260227,20260307,SERV-DB5560     ,1,1,1,0
03282501001,DB3736          ,SISTEMA AUTOMACAO ELETRICA BIG 10.0 MK 2023 NR12                                          ,1,20260227,20260307,SERV-DB3736     ,1,1,1,0
03282601001,DB3741          ,SISTEMA AUTOMACAO ELETRICA BIG 10.0 MK 2023 CE                                            ,1,20260227,20260307,SERV-DB3741     ,1,1,1,0
03282701001,DB3741          ,SISTEMA AUTOMACAO ELETRICA BIG 10.0 MK 2023 CE                                            ,1,20260227,20260307,SERV-DB3741     ,1,1,1,0
03282801001,DB7318          ,SISTEMA AUTOMACAO ELETRICA BIG 10.0 TECH CE                                               ,1,20260227,20260307,DB6530          ,1,1,1,0
03282801001,DB7318          ,SISTEMA AUTOMACAO ELETRICA BIG 10.0 TECH CE                                               ,1,20260227,20260307,NA2620          ,1,1,1,0
03282801001,DB7318          ,SISTEMA AUTOMACAO ELETRICA BIG 10.0 TECH CE                                               ,1,20260227,20260307,SERV-DB7318     ,1,1,1,0
03282901001,DB5282          ,SISTEMA AUTOMACAO ELETRICA DISPOSITVO TEQUENO CE                                          ,1,20260227,20260307,DB5275          ,1,1,1,0
03282901001,DB5282          ,SISTEMA AUTOMACAO ELETRICA DISPOSITVO TEQUENO CE                                          ,1,20260227,20260307,NA2620          ,1,1,1,0
03283001001,DA3195          ,CONJUNTO PAINEL ELETRICO DISPOSITIVO DE BOLINHA NR12                                      ,1,20260227,20260307,17803           ,1,1,1,0
03283001001,DA3195          ,CONJUNTO PAINEL ELETRICO DISPOSITIVO DE BOLINHA NR12                                      ,1,20260227,20260307,DA3171          ,1,1,1,0
03283001001,DA3195          ,CONJUNTO PAINEL ELETRICO DISPOSITIVO DE BOLINHA NR12                                      ,1,20260227,20260307,SERV-DA3195     ,1,1,1,0
03283101001,DA3195          ,CONJUNTO PAINEL ELETRICO DISPOSITIVO DE BOLINHA NR12                                      ,1,20260227,20260307,17803           ,1,1,1,0
03283101001,DA3195          ,CONJUNTO PAINEL ELETRICO DISPOSITIVO DE BOLINHA NR12                                      ,1,20260227,20260307,SERV-DA3195     ,1,1,1,0
03283201001,DA3195          ,CONJUNTO PAINEL ELETRICO DISPOSITIVO DE BOLINHA NR12                                      ,1,20260227,20260307,17803           ,1,1,1,0
03283201001,DA3195          ,CONJUNTO PAINEL ELETRICO DISPOSITIVO DE BOLINHA NR12                                      ,1,20260227,20260307,DA3171          ,1,1,1,0
03283201001,DA3195          ,CONJUNTO PAINEL ELETRICO DISPOSITIVO DE BOLINHA NR12                                      ,1,20260227,20260307,SERV-DA3195     ,1,1,1,0
03283301001,DA3257          ,CONJUNTO PAINEL ELETRICO DISPOSITIVO DE BOLINHA CE                                        ,1,20260227,20260307,17803           ,1,1,1,0
03283301001,DA3257          ,CONJUNTO PAINEL ELETRICO DISPOSITIVO DE BOLINHA CE                                        ,1,20260227,20260307,DA3171          ,1,1,1,0
03283301001,DA3257          ,CONJUNTO PAINEL ELETRICO DISPOSITIVO DE BOLINHA CE                                        ,1,20260227,20260307,DA8612          ,1,1,1,0
03283301001,DA3257          ,CONJUNTO PAINEL ELETRICO DISPOSITIVO DE BOLINHA CE                                        ,1,20260227,20260307,NA2620          ,1,1,1,0
03283301001,DA3257          ,CONJUNTO PAINEL ELETRICO DISPOSITIVO DE BOLINHA CE                                        ,1,20260227,20260307,SERV-DA3257     ,1,1,1,0
03283401001,DA3257          ,CONJUNTO PAINEL ELETRICO DISPOSITIVO DE BOLINHA CE                                        ,1,20260227,20260307,17803           ,1,1,1,0
03283401001,DA3257          ,CONJUNTO PAINEL ELETRICO DISPOSITIVO DE BOLINHA CE                                        ,1,20260227,20260307,DA3171          ,1,1,1,0
03283401001,DA3257          ,CONJUNTO PAINEL ELETRICO DISPOSITIVO DE BOLINHA CE                                        ,1,20260227,20260307,DA8612          ,1,1,1,0
03283401001,DA3257          ,CONJUNTO PAINEL ELETRICO DISPOSITIVO DE BOLINHA CE                                        ,1,20260227,20260307,NA2620          ,1,1,1,0
03283401001,DA3257          ,CONJUNTO PAINEL ELETRICO DISPOSITIVO DE BOLINHA CE                                        ,1,20260227,20260307,SERV-DA3257     ,1,1,1,0
03283501001,DB3526          ,SISTEMA AUTOMACAO ELETRICA NEW HOTMIXER 14L ELETRICA INOX NR12                            ,1,20260227,20260307,DB0046          ,1,1,1,0
03283501001,DB3526          ,SISTEMA AUTOMACAO ELETRICA NEW HOTMIXER 14L ELETRICA INOX NR12                            ,1,20260227,20260307,SERV-DB3526     ,1,1,1,0
03283601001,DB7361          ,SISTEMA AUTOMACAO ELETRICA HOTMIXER 35L (MITSUBISHI) GAS INOX NR12                        ,4,20260227,20260307,DB6232          ,4,4,3,1
03283601001,DB7361          ,SISTEMA AUTOMACAO ELETRICA HOTMIXER 35L (MITSUBISHI) GAS INOX NR12                        ,4,20260227,20260307,SERV-DB7361     ,4,4,4,0
03283701001,DB7361          ,SISTEMA AUTOMACAO ELETRICA HOTMIXER 35L (MITSUBISHI) GAS INOX NR12                        ,4,20260227,20260307,DB6232          ,4,4,4,0
03283701001,DB7361          ,SISTEMA AUTOMACAO ELETRICA HOTMIXER 35L (MITSUBISHI) GAS INOX NR12                        ,4,20260227,20260307,SERV-DB7361     ,4,4,4,0
03283801001,DB7361          ,SISTEMA AUTOMACAO ELETRICA HOTMIXER 35L (MITSUBISHI) GAS INOX NR12                        ,4,20260227,20260307,DB6232          ,4,4,4,0
03283801001,DB7361          ,SISTEMA AUTOMACAO ELETRICA HOTMIXER 35L (MITSUBISHI) GAS INOX NR12                        ,4,20260227,20260307,SERV-DB7361     ,4,4,4,0
03284001001,DB5940          ,SISTEMA AUTOMACAO ELETRICA HOTMIXER PLUS 70L 2025 NR12                                    ,1,20260227,20260307,SERV-DB5940     ,1,1,1,0
03284101001,DB5942          ,SISTEMA AUTOMACAO ELETRICA HOTMIXER PLUS 250L 2025 NR12                                   ,1,20260227,20260307,SERV-DB5942     ,1,1,1,0
03284201001,DB1560          ,SISTEMA AUTOMACAO ELETRICA EMPANADEIRA DE MESA NR12 2020                                  ,5,20260227,20260307,SERV-DB1560     ,5,5,5,0
03284301001,DB1574          ,SISTEMA AUTOMACAO ELETRICA EMPANADEIRA DE MESA 2020 CE                                    ,2,20260227,20260307,NA2620          ,2,2,1,1
03284301001,DB1574          ,SISTEMA AUTOMACAO ELETRICA EMPANADEIRA DE MESA 2020 CE                                    ,2,20260227,20260307,SERV-DB1574     ,2,2,2,0
03284401001,DB1564          ,SISTEMA AUTOMACAO ELETRICA EMPANAMIX INDUSTRIAL PLUS NR12 2020                            ,1,20260227,20260307,SERV-DB1564     ,1,1,1,0
03284501001,DB1564          ,SISTEMA AUTOMACAO ELETRICA EMPANAMIX INDUSTRIAL PLUS NR12 2020                            ,1,20260227,20260307,SERV-DB1564     ,1,1,1,0
03284601001,DB1565          ,SISTEMA AUTOMACAO ELETRICA EMPANAMIX INDUSTRIAL PLUS CHAPADA NR12 2020                    ,1,20260227,20260307,SERV-DB1565     ,1,1,1,0
03284701001,DB1565          ,SISTEMA AUTOMACAO ELETRICA EMPANAMIX INDUSTRIAL PLUS CHAPADA NR12 2020                    ,1,20260227,20260307,SERV-DB1565     ,1,1,1,0
03284901001,DB0190          ,SISTEMA AUTOMACAO ELETRICA EMPANAMIX MINI NR12                                            ,1,20260227,20260307,DB0151          ,1,1,1,0
03284901001,DB0190          ,SISTEMA AUTOMACAO ELETRICA EMPANAMIX MINI NR12                                            ,1,20260227,20260307,SERV-DB0190     ,1,1,1,0
03285001001,DB5026          ,SISTEMA AUTOMACAO ELETRICA BANDEJA GIRATORIA (AC) NR12                                    ,1,20260227,20260307,DA1317          ,1,1,1,0
03285001001,DB5026          ,SISTEMA AUTOMACAO ELETRICA BANDEJA GIRATORIA (AC) NR12                                    ,1,20260227,20260307,SERV-DB5026     ,1,1,1,0
03285101001,DB5026          ,SISTEMA AUTOMACAO ELETRICA BANDEJA GIRATORIA (AC) NR12                                    ,1,20260227,20260307,DA1317          ,1,1,1,0
03285101001,DB5026          ,SISTEMA AUTOMACAO ELETRICA BANDEJA GIRATORIA (AC) NR12                                    ,1,20260227,20260307,DB5007          ,1,1,1,0
03285101001,DB5026          ,SISTEMA AUTOMACAO ELETRICA BANDEJA GIRATORIA (AC) NR12                                    ,1,20260227,20260307,SERV-DB5026     ,1,1,1,0
03285201001,DB5027          ,SISTEMA AUTOMACAO ELETRICA BANDEJA GIRATORIA (AC) CE                                      ,1,20260227,20260307,DA1317          ,1,1,1,0
03285201001,DB5027          ,SISTEMA AUTOMACAO ELETRICA BANDEJA GIRATORIA (AC) CE                                      ,1,20260227,20260307,DB5007          ,1,1,1,0
03285201001,DB5027          ,SISTEMA AUTOMACAO ELETRICA BANDEJA GIRATORIA (AC) CE                                      ,1,20260227,20260307,NA2620          ,1,1,1,0
03285201001,DB5027          ,SISTEMA AUTOMACAO ELETRICA BANDEJA GIRATORIA (AC) CE                                      ,1,20260227,20260307,SERV-DB5027     ,1,1,1,0
03285301001,DB5110          ,SISTEMA AUTOMACAO ELETRICA BANDEJA GIRATORIA (AC) Ø1000 NR12                              ,1,20260227,20260307,DA1115          ,1,1,1,0
03285301001,DB5110          ,SISTEMA AUTOMACAO ELETRICA BANDEJA GIRATORIA (AC) Ø1000 NR12                              ,1,20260227,20260307,DB5007          ,1,1,1,0
03285301001,DB5110          ,SISTEMA AUTOMACAO ELETRICA BANDEJA GIRATORIA (AC) Ø1000 NR12                              ,1,20260227,20260307,SERV-DB5110     ,1,1,1,0
03285401001,DB5110          ,SISTEMA AUTOMACAO ELETRICA BANDEJA GIRATORIA (AC) Ø1000 NR12                              ,1,20260227,20260307,DA1115          ,1,1,1,0
03285401001,DB5110          ,SISTEMA AUTOMACAO ELETRICA BANDEJA GIRATORIA (AC) Ø1000 NR12                              ,1,20260227,20260307,DB5007          ,1,1,1,0
03285401001,DB5110          ,SISTEMA AUTOMACAO ELETRICA BANDEJA GIRATORIA (AC) Ø1000 NR12                              ,1,20260227,20260307,SERV-DB5110     ,1,1,1,0
03285501001,DB0418          ,SISTEMA AUTOMACAO ELETRICA PRE DUST (AC) NR12                                             ,1,20260227,20260307,KF219           ,1,1,1,0
03285501001,DB0418          ,SISTEMA AUTOMACAO ELETRICA PRE DUST (AC) NR12                                             ,1,20260227,20260307,SERV-DB0418     ,1,1,1,0
03285601001,DB0426          ,SISTEMA AUTOMACAO ELETRICA PRE DUST (AC) CE                                               ,1,20260227,20260307,KF219           ,1,1,1,0
03285601001,DB0426          ,SISTEMA AUTOMACAO ELETRICA PRE DUST (AC) CE                                               ,1,20260227,20260307,SERV-DB0426     ,1,1,1,0
03285701001,DB3298          ,SISTEMA AUTOMACAO ELETRICA DOSALYX MINI (MS300) NR12                                      ,1,20260227,20260307,KF632           ,1,1,1,0
03285701001,DB3298          ,SISTEMA AUTOMACAO ELETRICA DOSALYX MINI (MS300) NR12                                      ,1,20260227,20260307,SERV-DB3298     ,1,1,1,0
03285801001,DB1440          ,SISTEMA AUTOMACAO ELETRICA DROP - TOP NR12 2021                                           ,1,20260227,20260307,SERV-DB1440     ,1,1,1,0
03285901001,DB1440          ,SISTEMA AUTOMACAO ELETRICA DROP - TOP NR12 2021                                           ,1,20260227,20260307,SERV-DB1440     ,1,1,1,0
03286001001,DB1440          ,SISTEMA AUTOMACAO ELETRICA DROP - TOP NR12 2021                                           ,1,20260227,20260307,SERV-DB1440     ,1,1,1,0
03286101001,DB1440          ,SISTEMA AUTOMACAO ELETRICA DROP - TOP NR12 2021                                           ,1,20260227,20260307,SERV-DB1440     ,1,1,1,0
03286201001,DB1440          ,SISTEMA AUTOMACAO ELETRICA DROP - TOP NR12 2021                                           ,1,20260227,20260307,DB1441          ,1,1,1,0
03286201001,DB1440          ,SISTEMA AUTOMACAO ELETRICA DROP - TOP NR12 2021                                           ,1,20260227,20260307,KF674           ,1,1,1,0
03286201001,DB1440          ,SISTEMA AUTOMACAO ELETRICA DROP - TOP NR12 2021                                           ,1,20260227,20260307,SERV-DB1440     ,1,1,1,0
03286301001,DB1440          ,SISTEMA AUTOMACAO ELETRICA DROP - TOP NR12 2021                                           ,1,20260227,20260307,DB1441          ,1,1,1,0
03286301001,DB1440          ,SISTEMA AUTOMACAO ELETRICA DROP - TOP NR12 2021                                           ,1,20260227,20260307,KF674           ,1,1,1,0
03286301001,DB1440          ,SISTEMA AUTOMACAO ELETRICA DROP - TOP NR12 2021                                           ,1,20260227,20260307,SERV-DB1440     ,1,1,1,0
03286401001,DB1802          ,SISTEMA AUTOMACAO ELETRICA FORMIX PLUS WEG NR12                                           ,1,20260227,20260307,SERV-DB1802     ,1,1,1,0
03286501001,DB1802          ,SISTEMA AUTOMACAO ELETRICA FORMIX PLUS WEG NR12                                           ,1,20260227,20260307,SERV-DB1802     ,1,1,1,0
03286601001,DB1802          ,SISTEMA AUTOMACAO ELETRICA FORMIX PLUS WEG NR12                                           ,1,20260227,20260307,SERV-DB1802     ,1,1,1,0
03286901001,DB2752          ,SISTEMA AUTOMACAO ELETRICA FILTRADOR OLEO AVULSO 120L                                     ,1,20260227,20260307,KF721-01        ,1,1,1,0
03286901001,DB2752          ,SISTEMA AUTOMACAO ELETRICA FILTRADOR OLEO AVULSO 120L                                     ,1,20260227,20260307,SERV-DB2752     ,1,1,1,0
03287001001,DB3311          ,SISTEMA AUTOMACAO ELETRICA ALIMENTADOR CONTINUO 10 LITROS                                 ,1,20260227,20260307,DB3307          ,1,1,1,0
03287001001,DB3311          ,SISTEMA AUTOMACAO ELETRICA ALIMENTADOR CONTINUO 10 LITROS                                 ,1,20260227,20260307,SERV-DB3311     ,1,1,1,0
03287201001,DB0107          ,"MONTAGEM SOBE DESCE  1:27,5  0,11KW SEW                                                   ",10,20260316,20260324,DA6985          ,10,10,10,0
03287201001,DB0107          ,"MONTAGEM SOBE DESCE  1:27,5  0,11KW SEW                                                   ",10,20260316,20260324,NA2637          ,20,20,20,0
03287301001,DB1596          ,"MONTAGEM SOBE DESCE  1:27,5  0,09KW SEW CE                                                ",6,20260316,20260324,DA6985          ,6,6,3,6
03287301001,DB1596          ,"MONTAGEM SOBE DESCE  1:27,5  0,09KW SEW CE                                                ",6,20260316,20260324,KF707           ,6,6,1,5
03288601001,DB5686          ,SISTEMA MASSA SEW NR12                                                                    ,1,20260316,20260324,15805           ,1,1,1,0
03288601001,DB5686          ,SISTEMA MASSA SEW NR12                                                                    ,1,20260316,20260324,DA6408          ,1,1,1,0
03288601001,DB5686          ,SISTEMA MASSA SEW NR12                                                                    ,1,20260316,20260324,DB5704          ,2,2,1,1
03288601001,DB5686          ,SISTEMA MASSA SEW NR12                                                                    ,1,20260316,20260324,KF870           ,1,1,1,0
03288701001,DB6022          ,SISTEMA MASSA SEW BIG10 CE                                                                ,1,20260316,20260324,15805           ,1,1,1,0
03288701001,DB6022          ,SISTEMA MASSA SEW BIG10 CE                                                                ,1,20260316,20260324,DA6408          ,1,1,1,0
03288701001,DB6022          ,SISTEMA MASSA SEW BIG10 CE                                                                ,1,20260316,20260324,KF870           ,1,1,1,0
03288701001,DB6022          ,SISTEMA MASSA SEW BIG10 CE                                                                ,1,20260316,20260324,NA3818          ,1,1,1,0
03289001001,MFX158NM220R    ,MAXIFORM LUNA TECH - MAQUINA FORMADORA/RECHEADORA - DUPLO RECHEIO - NR12                  ,1,20260324,20260401,DB0390          ,6,6,6,0
03289001001,MFX158NM220R    ,MAXIFORM LUNA TECH - MAQUINA FORMADORA/RECHEADORA - DUPLO RECHEIO - NR12                  ,1,20260324,20260401,NA3178          ,1,1,1,0
03289101001,MFX158NM220R    ,MAXIFORM LUNA TECH - MAQUINA FORMADORA/RECHEADORA - DUPLO RECHEIO - NR12                  ,1,20260324,20260401,DB0390          ,6,6,6,0
03289101001,MFX158NM220R    ,MAXIFORM LUNA TECH - MAQUINA FORMADORA/RECHEADORA - DUPLO RECHEIO - NR12                  ,1,20260324,20260401,NA3178          ,1,1,1,0
03289101002,CM622           ,SISTEMA DUPLO RECHEIO PICCOLA 150G NR12 (DB2309)            ,1,20260324,20260401,DA7036          ,1,1,1,0
03289301001,MFX158CM220     ,MAXIFORM LUNA TECH - MAQUINA FORMADORA/RECHEADORA - CE                                    ,1,20260324,20260401,DB0390          ,6,6,6,0
03289301001,MFX158CM220     ,MAXIFORM LUNA TECH - MAQUINA FORMADORA/RECHEADORA - CE                                    ,1,20260324,20260401,DB3681          ,1,1,1,0
03289301001,MFX158CM220     ,MAXIFORM LUNA TECH - MAQUINA FORMADORA/RECHEADORA - CE                                    ,1,20260324,20260401,DB6213          ,1,1,1,0
03289601001,MFX144NM220     ,MAXIFORM NEW LILY - MAQUINA FORMADORA/RECHEADORA - NR12                                   ,1,20260324,20260401,CM102           ,1,1,1,0
03289601001,MFX144NM220     ,MAXIFORM NEW LILY - MAQUINA FORMADORA/RECHEADORA - NR12                                   ,1,20260324,20260401,DB2090          ,1,1,1,0
03289601002,CM484           ,SISTEMA RECHEIO LILY NR12 (DB1999)                          ,1,20260324,20260401,15805           ,2,2,2,0
03289601002,CM484           ,SISTEMA RECHEIO LILY NR12 (DB1999)                          ,1,20260324,20260401,DA8382          ,1,1,1,0
03289601003,DA8426          ,KIT TUBO DE SALSICHA SIMPLES RECHEIO,1,20260324,20260401,20110           ,1,1,1,0
03289601004,CM489           ,SISTEMA ESTRUTURA (DB1893)                                  ,1,20260324,20260401,KF624           ,1,1,1,0
03289601004,CM489           ,SISTEMA ESTRUTURA (DB1893)                                  ,1,20260324,20260401,KF626           ,1,1,1,0
03289601004,CM489           ,SISTEMA ESTRUTURA (DB1893)                                  ,1,20260324,20260401,NA2387          ,2,2,2,0
03289601005,CM490           ,SISTEMA ESTEIRA LONGA (DB1848)                              ,1,20260324,20260401,KF627           ,1,1,1,0
03289601007,DB4330          ,"SISTEMA MOLDE FORMADOR NR12 1:14 0,25KW M16                 ",1,20260324,20260401,15451           ,1,1,1,0
03289601007,DB4330          ,"SISTEMA MOLDE FORMADOR NR12 1:14 0,25KW M16                 ",1,20260324,20260401,KF711           ,1,1,1,0
03289601008,DB3595          ,"SISTEMA SOBE DESCE 90º 1:14,33 0,25KW SEW                   ",1,20260324,20260401,DA5799          ,1,1,1,0
03289701001,MFX145NM220     ,MAXIFORM NEW DULY - MAQUINA FORMADORA/RECHEADORA - NR12                                   ,1,20260324,20260401,CM102           ,1,1,1,0
03289701001,MFX145NM220     ,MAXIFORM NEW DULY - MAQUINA FORMADORA/RECHEADORA - NR12                                   ,1,20260324,20260401,DB2091          ,1,1,1,0
03289701002,CM100           ,SISTEMA DE RECHEIO NR12 (DA6596)                            ,1,20260324,20260401,15805           ,2,2,2,0
03289701002,CM100           ,SISTEMA DE RECHEIO NR12 (DA6596)                            ,1,20260324,20260401,DA1576          ,1,1,1,0
03289701002,CM100           ,SISTEMA DE RECHEIO NR12 (DA6596)                            ,1,20260324,20260401,DA6598          ,1,1,1,0
03289701002,CM100           ,SISTEMA DE RECHEIO NR12 (DA6596)                            ,1,20260324,20260401,DA6602          ,2,2,2,0
03289701002,CM100           ,SISTEMA DE RECHEIO NR12 (DA6596)                            ,1,20260324,20260401,KF111-01        ,1,1,1,0
03289701002,CM100           ,SISTEMA DE RECHEIO NR12 (DA6596)                            ,1,20260324,20260401,KF112           ,1,1,1,0
03289701003,DA6894          ,KIT SALSICHA  LINHA NEW PRO DUPLO RECHEIO,1,20260324,20260401,20110           ,1,1,1,0
03289701003,DA6894          ,KIT SALSICHA  LINHA NEW PRO DUPLO RECHEIO,1,20260324,20260401,DA6893          ,1,1,1,0
03289701005,CM489           ,SISTEMA ESTRUTURA (DB1893)                                  ,1,20260324,20260401,KF624           ,1,1,1,0
03289701005,CM489           ,SISTEMA ESTRUTURA (DB1893)                                  ,1,20260324,20260401,KF626           ,1,1,1,0
03289701005,CM489           ,SISTEMA ESTRUTURA (DB1893)                                  ,1,20260324,20260401,NA2387          ,2,2,2,0
03289701007,CM490           ,SISTEMA ESTEIRA LONGA (DB1848)                              ,1,20260324,20260401,DA4840          ,1,1,1,0
03289701007,CM490           ,SISTEMA ESTEIRA LONGA (DB1848)                              ,1,20260324,20260401,KF104           ,1,1,1,0
03289701007,CM490           ,SISTEMA ESTEIRA LONGA (DB1848)                              ,1,20260324,20260401,KF627           ,1,1,1,0
03289701007,CM490           ,SISTEMA ESTEIRA LONGA (DB1848)                              ,1,20260324,20260401,NA3523          ,1,1,1,0
03289701009,DB4330          ,"SISTEMA MOLDE FORMADOR NR12 1:14 0,25KW M16                 ",1,20260324,20260401,15451           ,1,1,1,0
03289701009,DB4330          ,"SISTEMA MOLDE FORMADOR NR12 1:14 0,25KW M16                 ",1,20260324,20260401,KF630           ,1,1,1,0
03289701009,DB4330          ,"SISTEMA MOLDE FORMADOR NR12 1:14 0,25KW M16                 ",1,20260324,20260401,KF711           ,1,1,1,0
03289701010,DB3595          ,"SISTEMA SOBE DESCE 90º 1:14,33 0,25KW SEW                   ",1,20260324,20260401,DA5799          ,1,1,1,0
03289701010,DB3595          ,"SISTEMA SOBE DESCE 90º 1:14,33 0,25KW SEW                   ",1,20260324,20260401,NA3586          ,1,1,1,0
03289801001,MFX145NM220     ,MAXIFORM NEW DULY - MAQUINA FORMADORA/RECHEADORA - NR12                                   ,1,20260324,20260401,CM102           ,1,1,1,0
03289801001,MFX145NM220     ,MAXIFORM NEW DULY - MAQUINA FORMADORA/RECHEADORA - NR12                                   ,1,20260324,20260401,DB2091          ,1,1,1,0
03289801002,CM100           ,SISTEMA DE RECHEIO NR12 (DA6596)                            ,1,20260324,20260401,15805           ,2,2,2,0
03289801002,CM100           ,SISTEMA DE RECHEIO NR12 (DA6596)                            ,1,20260324,20260401,DA1576          ,1,1,1,0
03289801002,CM100           ,SISTEMA DE RECHEIO NR12 (DA6596)                            ,1,20260324,20260401,DA6598          ,1,1,1,0
03289801002,CM100           ,SISTEMA DE RECHEIO NR12 (DA6596)                            ,1,20260324,20260401,DA6602          ,2,2,2,0
03289801002,CM100           ,SISTEMA DE RECHEIO NR12 (DA6596)                            ,1,20260324,20260401,KF111-01        ,1,1,1,0
03289801002,CM100           ,SISTEMA DE RECHEIO NR12 (DA6596)                            ,1,20260324,20260401,KF112           ,1,1,1,0
03289801003,DA6894          ,KIT SALSICHA  LINHA NEW PRO DUPLO RECHEIO,1,20260324,20260401,20110           ,1,1,1,0
03289801003,DA6894          ,KIT SALSICHA  LINHA NEW PRO DUPLO RECHEIO,1,20260324,20260401,DA6893          ,1,1,1,0
03289801006,CM489           ,SISTEMA ESTRUTURA (DB1893)                                  ,1,20260324,20260401,KF624           ,1,1,1,0
03289801006,CM489           ,SISTEMA ESTRUTURA (DB1893)                                  ,1,20260324,20260401,NA2387          ,2,2,2,0
03289801008,CM490           ,SISTEMA ESTEIRA LONGA (DB1848)                              ,1,20260324,20260401,KF104           ,1,1,1,0
03289801008,CM490           ,SISTEMA ESTEIRA LONGA (DB1848)                              ,1,20260324,20260401,KF627           ,1,1,1,0
03289801008,CM490           ,SISTEMA ESTEIRA LONGA (DB1848)                              ,1,20260324,20260401,NA3523          ,1,1,1,0
03289801010,DB4330          ,"SISTEMA MOLDE FORMADOR NR12 1:14 0,25KW M16                 ",1,20260324,20260401,15451           ,1,1,1,0
03289801010,DB4330          ,"SISTEMA MOLDE FORMADOR NR12 1:14 0,25KW M16                 ",1,20260324,20260401,KF711           ,1,1,1,0
03289801011,DB3595          ,"SISTEMA SOBE DESCE 90º 1:14,33 0,25KW SEW                   ",1,20260324,20260401,DA5799          ,1,1,1,0
03289801011,DB3595          ,"SISTEMA SOBE DESCE 90º 1:14,33 0,25KW SEW                   ",1,20260324,20260401,NA3586          ,1,1,1,0
03289901001,MFX145NM220     ,MAXIFORM NEW DULY - MAQUINA FORMADORA/RECHEADORA - NR12                                   ,1,20260324,20260401,CM102           ,1,1,1,0
03289901001,MFX145NM220     ,MAXIFORM NEW DULY - MAQUINA FORMADORA/RECHEADORA - NR12                                   ,1,20260324,20260401,DB2091          ,1,1,1,0
03289901002,CM100           ,SISTEMA DE RECHEIO NR12 (DA6596)                            ,1,20260324,20260401,15805           ,2,2,2,0
03289901002,CM100           ,SISTEMA DE RECHEIO NR12 (DA6596)                            ,1,20260324,20260401,DA1576          ,1,1,1,0
03289901002,CM100           ,SISTEMA DE RECHEIO NR12 (DA6596)                            ,1,20260324,20260401,DA6598          ,1,1,1,0
03289901002,CM100           ,SISTEMA DE RECHEIO NR12 (DA6596)                            ,1,20260324,20260401,DA6602          ,2,2,2,0
03289901002,CM100           ,SISTEMA DE RECHEIO NR12 (DA6596)                            ,1,20260324,20260401,KF111-01        ,1,1,1,0
03289901002,CM100           ,SISTEMA DE RECHEIO NR12 (DA6596)                            ,1,20260324,20260401,KF112           ,1,1,1,0
03289901003,DA6894          ,KIT SALSICHA  LINHA NEW PRO DUPLO RECHEIO,1,20260324,20260401,20110           ,1,1,1,0
03289901003,DA6894          ,KIT SALSICHA  LINHA NEW PRO DUPLO RECHEIO,1,20260324,20260401,DA6893          ,1,1,1,0
03289901006,CM489           ,SISTEMA ESTRUTURA (DB1893)                                  ,1,20260324,20260401,KF624           ,1,1,1,0
03289901006,CM489           ,SISTEMA ESTRUTURA (DB1893)                                  ,1,20260324,20260401,NA2387          ,2,2,2,0
03289901008,CM490           ,SISTEMA ESTEIRA LONGA (DB1848)                              ,1,20260324,20260401,KF104           ,1,1,1,0
03289901008,CM490           ,SISTEMA ESTEIRA LONGA (DB1848)                              ,1,20260324,20260401,KF627           ,1,1,1,0
03289901008,CM490           ,SISTEMA ESTEIRA LONGA (DB1848)                              ,1,20260324,20260401,NA3523          ,1,1,1,0
03289901010,DB4330          ,"SISTEMA MOLDE FORMADOR NR12 1:14 0,25KW M16                 ",1,20260324,20260401,15451           ,1,1,1,0
03289901010,DB4330          ,"SISTEMA MOLDE FORMADOR NR12 1:14 0,25KW M16                 ",1,20260324,20260401,KF711           ,1,1,1,0
03289901011,DB3595          ,"SISTEMA SOBE DESCE 90º 1:14,33 0,25KW SEW                   ",1,20260324,20260401,DA5799          ,1,1,1,0
03290001001,MFX145NM220     ,MAXIFORM NEW DULY - MAQUINA FORMADORA/RECHEADORA - NR12                                   ,1,20260324,20260401,CM102           ,1,1,1,0
03290001001,MFX145NM220     ,MAXIFORM NEW DULY - MAQUINA FORMADORA/RECHEADORA - NR12                                   ,1,20260324,20260401,DB2091          ,1,1,1,0
03290001002,CM100           ,SISTEMA DE RECHEIO NR12 (DA6596)                            ,1,20260324,20260401,15805           ,2,2,2,0
03290001002,CM100           ,SISTEMA DE RECHEIO NR12 (DA6596)                            ,1,20260324,20260401,DA1576          ,1,1,1,0
03290001002,CM100           ,SISTEMA DE RECHEIO NR12 (DA6596)                            ,1,20260324,20260401,DA6598          ,1,1,1,0
03290001002,CM100           ,SISTEMA DE RECHEIO NR12 (DA6596)                            ,1,20260324,20260401,DA6602          ,2,2,2,0
03290001002,CM100           ,SISTEMA DE RECHEIO NR12 (DA6596)                            ,1,20260324,20260401,KF111-01        ,1,1,1,0
03290001002,CM100           ,SISTEMA DE RECHEIO NR12 (DA6596)                            ,1,20260324,20260401,KF112           ,1,1,1,0
03290001003,DA6894          ,KIT SALSICHA  LINHA NEW PRO DUPLO RECHEIO,1,20260324,20260401,20110           ,1,1,1,0
03290001003,DA6894          ,KIT SALSICHA  LINHA NEW PRO DUPLO RECHEIO,1,20260324,20260401,DA6893          ,1,1,1,0
03290001006,CM489           ,SISTEMA ESTRUTURA (DB1893)                                  ,1,20260324,20260401,KF624           ,1,1,1,0
03290001006,CM489           ,SISTEMA ESTRUTURA (DB1893)                                  ,1,20260324,20260401,NA2387          ,2,2,2,0
03290001008,CM490           ,SISTEMA ESTEIRA LONGA (DB1848)                              ,1,20260324,20260401,KF104           ,1,1,1,0
03290001008,CM490           ,SISTEMA ESTEIRA LONGA (DB1848)                              ,1,20260324,20260401,KF627           ,1,1,1,0
03290001008,CM490           ,SISTEMA ESTEIRA LONGA (DB1848)                              ,1,20260324,20260401,NA3523          ,1,1,1,0
03290001010,DB4330          ,"SISTEMA MOLDE FORMADOR NR12 1:14 0,25KW M16                 ",1,20260324,20260401,15451           ,1,1,1,0
03290001010,DB4330          ,"SISTEMA MOLDE FORMADOR NR12 1:14 0,25KW M16                 ",1,20260324,20260401,KF711           ,1,1,1,0
03290001011,DB3595          ,"SISTEMA SOBE DESCE 90º 1:14,33 0,25KW SEW                   ",1,20260324,20260401,DA5799          ,1,1,1,0
03290101001,MFX145NM220     ,MAXIFORM NEW DULY - MAQUINA FORMADORA/RECHEADORA - NR12                                   ,1,20260324,20260401,CM102           ,1,1,1,0
03290101001,MFX145NM220     ,MAXIFORM NEW DULY - MAQUINA FORMADORA/RECHEADORA - NR12                                   ,1,20260324,20260401,DB2091          ,1,1,1,0
03290101002,CM100           ,SISTEMA DE RECHEIO NR12 (DA6596)                            ,1,20260324,20260401,15805           ,2,2,2,0
03290101002,CM100           ,SISTEMA DE RECHEIO NR12 (DA6596)                            ,1,20260324,20260401,DA1576          ,1,1,1,0
03290101002,CM100           ,SISTEMA DE RECHEIO NR12 (DA6596)                            ,1,20260324,20260401,DA6598          ,1,1,1,0
03290101002,CM100           ,SISTEMA DE RECHEIO NR12 (DA6596)                            ,1,20260324,20260401,DA6602          ,2,2,2,0
03290101002,CM100           ,SISTEMA DE RECHEIO NR12 (DA6596)                            ,1,20260324,20260401,KF111-01        ,1,1,1,0
03290101002,CM100           ,SISTEMA DE RECHEIO NR12 (DA6596)                            ,1,20260324,20260401,KF112           ,1,1,1,0
03290101003,DA6894          ,KIT SALSICHA  LINHA NEW PRO DUPLO RECHEIO,1,20260324,20260401,20110           ,1,1,1,0
03290101003,DA6894          ,KIT SALSICHA  LINHA NEW PRO DUPLO RECHEIO,1,20260324,20260401,DA6893          ,1,1,1,0
03290101006,CM489           ,SISTEMA ESTRUTURA (DB1893)                                  ,1,20260324,20260401,KF624           ,1,1,1,0
03290101006,CM489           ,SISTEMA ESTRUTURA (DB1893)                                  ,1,20260324,20260401,NA2387          ,2,2,2,0
03290101008,CM490           ,SISTEMA ESTEIRA LONGA (DB1848)                              ,1,20260324,20260401,KF104           ,1,1,1,0
03290101008,CM490           ,SISTEMA ESTEIRA LONGA (DB1848)                              ,1,20260324,20260401,KF627           ,1,1,1,0
03290101008,CM490           ,SISTEMA ESTEIRA LONGA (DB1848)                              ,1,20260324,20260401,NA3523          ,1,1,1,0
03290101010,DB4330          ,"SISTEMA MOLDE FORMADOR NR12 1:14 0,25KW M16                 ",1,20260324,20260401,15451           ,1,1,1,0
03290101011,DB3595          ,"SISTEMA SOBE DESCE 90º 1:14,33 0,25KW SEW                   ",1,20260324,20260401,DA5799          ,1,1,1,0
03290201001,MFX145NM220     ,MAXIFORM NEW DULY - MAQUINA FORMADORA/RECHEADORA - NR12                                   ,1,20260324,20260401,CM102           ,1,1,1,0
03290201001,MFX145NM220     ,MAXIFORM NEW DULY - MAQUINA FORMADORA/RECHEADORA - NR12                                   ,1,20260324,20260401,DB2091          ,1,1,1,0
03290201002,CM100           ,SISTEMA DE RECHEIO NR12 (DA6596)                            ,1,20260324,20260401,15805           ,2,2,2,0
03290201002,CM100           ,SISTEMA DE RECHEIO NR12 (DA6596)                            ,1,20260324,20260401,DA1576          ,1,1,1,0
03290201002,CM100           ,SISTEMA DE RECHEIO NR12 (DA6596)                            ,1,20260324,20260401,DA6598          ,1,1,1,0
03290201002,CM100           ,SISTEMA DE RECHEIO NR12 (DA6596)                            ,1,20260324,20260401,DA6602          ,2,2,1,1
03290201002,CM100           ,SISTEMA DE RECHEIO NR12 (DA6596)                            ,1,20260324,20260401,KF111-01        ,1,1,1,0
03290201002,CM100           ,SISTEMA DE RECHEIO NR12 (DA6596)                            ,1,20260324,20260401,KF112           ,1,1,1,0
03290201003,DA6894          ,KIT SALSICHA  LINHA NEW PRO DUPLO RECHEIO,1,20260324,20260401,20110           ,1,1,1,0
03290201003,DA6894          ,KIT SALSICHA  LINHA NEW PRO DUPLO RECHEIO,1,20260324,20260401,DA6893          ,1,1,1,0
03290201006,CM489           ,SISTEMA ESTRUTURA (DB1893)                                  ,1,20260324,20260401,KF624           ,1,1,1,0
03290201006,CM489           ,SISTEMA ESTRUTURA (DB1893)                                  ,1,20260324,20260401,NA2387          ,2,2,2,0
03290201008,CM490           ,SISTEMA ESTEIRA LONGA (DB1848)                              ,1,20260324,20260401,KF104           ,1,1,1,0
03290201008,CM490           ,SISTEMA ESTEIRA LONGA (DB1848)                              ,1,20260324,20260401,KF627           ,1,1,1,0
03290201008,CM490           ,SISTEMA ESTEIRA LONGA (DB1848)                              ,1,20260324,20260401,NA3523          ,1,1,1,0
03290201010,DB4330          ,"SISTEMA MOLDE FORMADOR NR12 1:14 0,25KW M16                 ",1,20260324,20260401,15451           ,1,1,1,0
03290201011,DB3595          ,"SISTEMA SOBE DESCE 90º 1:14,33 0,25KW SEW                   ",1,20260324,20260401,DA5799          ,1,1,1,0
03290401009,DB4325          ,"SISTEMA MOLDE FORMADOR NR12 1:10 0,25KW M16                 ",1,20260324,20260401,DA5799          ,1,1,1,0
03290701001,MFX168NM220     ,MAXIFORM BIG 10.0 MK MAQUINA MODELADORA RECHEADORA DE DOCES E SALGADOS NR12               ,1,20260324,20260401,DB5686          ,1,1,1,0
03290701002,CM434           ,SISTEMA ESTRUTURA - BIG 10 - NR12 / CE (DA6403)             ,1,20260324,20260401,KF421-01        ,1,1,1,0
03290701002,CM434           ,SISTEMA ESTRUTURA - BIG 10 - NR12 / CE (DA6403)             ,1,20260324,20260401,NA2387          ,2,2,2,0
03290701005,DB2002          ,MONTAGEM FUNIL BIG 10 NR12                                  ,1,20260324,20260401,15805           ,4,4,4,0
03290701005,DB2002          ,MONTAGEM FUNIL BIG 10 NR12                                  ,1,20260324,20260401,DA7686          ,1,1,1,0
03290701005,DB2002          ,MONTAGEM FUNIL BIG 10 NR12                                  ,1,20260324,20260401,KF437           ,1,1,1,0
03290701009,DB3705          ,SISTEMA RECHEIO FIXO SEW NR12                               ,1,20260324,20260401,KF465           ,1,1,1,0
03290801002,CM434           ,SISTEMA ESTRUTURA - BIG 10 - NR12 / CE (DA6403)             ,1,20260324,20260401,KF419-01        ,1,1,1,0
03290801002,CM434           ,SISTEMA ESTRUTURA - BIG 10 - NR12 / CE (DA6403)             ,1,20260324,20260401,KF421-01        ,1,1,1,0
03290801002,CM434           ,SISTEMA ESTRUTURA - BIG 10 - NR12 / CE (DA6403)             ,1,20260324,20260401,NA2387          ,2,2,2,0
03290801003,CM490           ,SISTEMA ESTEIRA LONGA (DB1848)                              ,1,20260324,20260401,KF104           ,1,1,1,0
03290801003,CM490           ,SISTEMA ESTEIRA LONGA (DB1848)                              ,1,20260324,20260401,KF627           ,1,1,1,0
03290801003,CM490           ,SISTEMA ESTEIRA LONGA (DB1848)                              ,1,20260324,20260401,KF628-01        ,1,1,1,0
03290801003,CM490           ,SISTEMA ESTEIRA LONGA (DB1848)                              ,1,20260324,20260401,NA3523          ,1,1,1,0
03290801005,DB2002          ,MONTAGEM FUNIL BIG 10 NR12                                  ,1,20260324,20260401,15805           ,4,4,4,0
03290801005,DB2002          ,MONTAGEM FUNIL BIG 10 NR12                                  ,1,20260324,20260401,KF437           ,1,1,1,0
03290801009,DB3717          ,SISTEMA RECHEIO FIXO SEW CE                                 ,1,20260324,20260401,KF463-01        ,1,1,1,0
03290801009,DB3717          ,SISTEMA RECHEIO FIXO SEW CE                                 ,1,20260324,20260401,KF465           ,1,1,1,0
03290801009,DB3717          ,SISTEMA RECHEIO FIXO SEW CE                                 ,1,20260324,20260401,NA3108          ,1,1,1,0
03290801009,DB3717          ,SISTEMA RECHEIO FIXO SEW CE                                 ,1,20260324,20260401,NA4023          ,1,1,1,0
03290801011,DB4324          ,"SISTEMA MOLDE FORMADOR CE 1:10 0,25KW M16                   ",1,20260324,20260401,15451           ,1,1,1,0
03290801011,DB4324          ,"SISTEMA MOLDE FORMADOR CE 1:10 0,25KW M16                   ",1,20260324,20260401,DA3805          ,2,2,2,0
03290801011,DB4324          ,"SISTEMA MOLDE FORMADOR CE 1:10 0,25KW M16                   ",1,20260324,20260401,DA5799          ,1,1,1,0
03290801013,PR0308          ,SUBCONJUNTO PRATO EXTERNO SEM CANAL M16                     ,1,20260324,20260401,DB3936          ,1,1,1,0
03291101001,MFX186CM220     ,DISPOSITIVO FORMADOR TEQUENO CE                                                           ,1,20260324,20260401,15352           ,4,4,4,0
03291101001,MFX186CM220     ,DISPOSITIVO FORMADOR TEQUENO CE                                                           ,1,20260324,20260401,DB5279          ,1,1,1,0
03291101001,MFX186CM220     ,DISPOSITIVO FORMADOR TEQUENO CE                                                           ,1,20260324,20260401,DB5282          ,1,1,1,0
03291101001,MFX186CM220     ,DISPOSITIVO FORMADOR TEQUENO CE                                                           ,1,20260324,20260401,KF848-02        ,1,1,1,0
03291101001,MFX186CM220     ,DISPOSITIVO FORMADOR TEQUENO CE                                                           ,1,20260324,20260401,KF849           ,1,1,1,0
03291101001,MFX186CM220     ,DISPOSITIVO FORMADOR TEQUENO CE                                                           ,1,20260324,20260401,NA3523          ,1,1,1,0
03291201001,MFX016NM220     ,DISPOSITIVO DE BOLINHA - AUXILIA P/ ARREDONDAR PRODUTOS                                   ,1,20260324,20260401,DA3195          ,1,1,1,0
03291301001,MFX016NM220     ,DISPOSITIVO DE BOLINHA - AUXILIA P/ ARREDONDAR PRODUTOS                                   ,1,20260324,20260401,DA3195          ,1,1,1,0
03291401001,MFX016NM220     ,DISPOSITIVO DE BOLINHA - AUXILIA P/ ARREDONDAR PRODUTOS                                   ,1,20260324,20260401,DA3195          ,1,1,1,0
03292501002,CM533           ,SISTEMA CABECOTE PLANETARIO - HOT 35L - NR12 / CE (DA5905)  ,1,20260324,20260401,NA3108          ,1,1,1,0
03292501007,DB5799          ,SISTEMA ESTRUTURA HOT 35L NR12                              ,1,20260324,20260401,KF906           ,1,1,1,0
03292501007,DB5799          ,SISTEMA ESTRUTURA HOT 35L NR12                              ,1,20260324,20260401,NA2799          ,1,1,1,0
03292501007,DB5799          ,SISTEMA ESTRUTURA HOT 35L NR12                              ,1,20260324,20260401,NA3334          ,2,2,2,0
03292601002,CM533           ,SISTEMA CABECOTE PLANETARIO - HOT 35L - NR12 / CE (DA5905)  ,1,20260324,20260401,25028           ,1,1,1,0
03292601002,CM533           ,SISTEMA CABECOTE PLANETARIO - HOT 35L - NR12 / CE (DA5905)  ,1,20260324,20260401,NA3108          ,1,1,1,0
03292601005,DB2748          ,SISTEMA GAS KSUN HOTMIXER 35L NR12                          ,1,20260324,20260401,NA1988          ,2,2,2,0
03292601005,DB2748          ,SISTEMA GAS KSUN HOTMIXER 35L NR12                          ,1,20260324,20260401,NA3653          ,4,4,4,0
03292601006,DB1185          ,CONJUNTO BICOS INJETORES NR12                               ,1,20260324,20260401,25021           ,1,1,1,0
03292601006,DB1185          ,CONJUNTO BICOS INJETORES NR12                               ,1,20260324,20260401,DB1176          ,1,1,1,0
03292601006,DB1185          ,CONJUNTO BICOS INJETORES NR12                               ,1,20260324,20260401,DB3568          ,1,1,1,0
03292601008,DB5799          ,SISTEMA ESTRUTURA HOT 35L NR12                              ,1,20260324,20260401,NA2799          ,1,1,1,0
03292601008,DB5799          ,SISTEMA ESTRUTURA HOT 35L NR12                              ,1,20260324,20260401,NA3334          ,2,2,2,0
03292701002,CM533           ,SISTEMA CABECOTE PLANETARIO - HOT 35L - NR12 / CE (DA5905)  ,1,20260324,20260401,25028           ,1,1,1,0
03292701002,CM533           ,SISTEMA CABECOTE PLANETARIO - HOT 35L - NR12 / CE (DA5905)  ,1,20260324,20260401,NA3108          ,1,1,1,0
03292701005,DB2748          ,SISTEMA GAS KSUN HOTMIXER 35L NR12                          ,1,20260324,20260401,NA1988          ,2,2,2,0
03292701005,DB2748          ,SISTEMA GAS KSUN HOTMIXER 35L NR12                          ,1,20260324,20260401,NA3653          ,4,4,4,0
03292701006,DB1185          ,CONJUNTO BICOS INJETORES NR12                               ,1,20260324,20260401,25021           ,1,1,1,0
03292701006,DB1185          ,CONJUNTO BICOS INJETORES NR12                               ,1,20260324,20260401,DB1176          ,1,1,1,0
03292701006,DB1185          ,CONJUNTO BICOS INJETORES NR12                               ,1,20260324,20260401,DB3568          ,1,1,1,0
03292701008,DB5799          ,SISTEMA ESTRUTURA HOT 35L NR12                              ,1,20260324,20260401,KF906           ,1,1,1,0
03292701008,DB5799          ,SISTEMA ESTRUTURA HOT 35L NR12                              ,1,20260324,20260401,NA2799          ,1,1,1,0
03292701008,DB5799          ,SISTEMA ESTRUTURA HOT 35L NR12                              ,1,20260324,20260401,NA3334          ,2,2,2,0
03292801001,HTX022NM220.2   ,HOTMIXER 35 L INOX - MASSEIRA PLANETARIA PARA SALGADOS E/OU DOCES                         ,1,20260324,20260401,DB7361          ,1,1,1,0
03292801002,CM533           ,SISTEMA CABECOTE PLANETARIO - HOT 35L - NR12 / CE (DA5905)  ,1,20260324,20260401,25028           ,1,1,1,0
03292801002,CM533           ,SISTEMA CABECOTE PLANETARIO - HOT 35L - NR12 / CE (DA5905)  ,1,20260324,20260401,KF504           ,1,1,1,0
03292801002,CM533           ,SISTEMA CABECOTE PLANETARIO - HOT 35L - NR12 / CE (DA5905)  ,1,20260324,20260401,NA3108          ,1,1,1,0
03292801005,DB2748          ,SISTEMA GAS KSUN HOTMIXER 35L NR12                          ,1,20260324,20260401,NA1988          ,2,2,2,0
03292801005,DB2748          ,SISTEMA GAS KSUN HOTMIXER 35L NR12                          ,1,20260324,20260401,NA3653          ,4,4,4,0
03292801006,DB1185          ,CONJUNTO BICOS INJETORES NR12                               ,1,20260324,20260401,25021           ,1,1,1,0
03292801006,DB1185          ,CONJUNTO BICOS INJETORES NR12                               ,1,20260324,20260401,DB1176          ,1,1,1,0
03292801006,DB1185          ,CONJUNTO BICOS INJETORES NR12                               ,1,20260324,20260401,DB3568          ,1,1,1,0
03292801008,DB5799          ,SISTEMA ESTRUTURA HOT 35L NR12                              ,1,20260324,20260401,KF906           ,1,1,1,0
03292801008,DB5799          ,SISTEMA ESTRUTURA HOT 35L NR12                              ,1,20260324,20260401,NA2799          ,1,1,1,0
03292801008,DB5799          ,SISTEMA ESTRUTURA HOT 35L NR12                              ,1,20260324,20260401,NA3334          ,2,2,2,0
03292901001,HTX022NM220.2   ,HOTMIXER 35 L INOX - MASSEIRA PLANETARIA PARA SALGADOS E/OU DOCES                         ,1,20260324,20260401,DB7361          ,1,1,1,0
03292901002,CM533           ,SISTEMA CABECOTE PLANETARIO - HOT 35L - NR12 / CE (DA5905)  ,1,20260324,20260401,25028           ,1,1,1,0
03292901002,CM533           ,SISTEMA CABECOTE PLANETARIO - HOT 35L - NR12 / CE (DA5905)  ,1,20260324,20260401,KF504           ,1,1,1,0
03292901002,CM533           ,SISTEMA CABECOTE PLANETARIO - HOT 35L - NR12 / CE (DA5905)  ,1,20260324,20260401,NA3108          ,1,1,1,0
03292901005,DB2748          ,SISTEMA GAS KSUN HOTMIXER 35L NR12                          ,1,20260324,20260401,NA1988          ,2,2,2,0
03292901005,DB2748          ,SISTEMA GAS KSUN HOTMIXER 35L NR12                          ,1,20260324,20260401,NA3653          ,4,4,4,0
03292901006,DB1185          ,CONJUNTO BICOS INJETORES NR12                               ,1,20260324,20260401,25021           ,1,1,1,0
03292901006,DB1185          ,CONJUNTO BICOS INJETORES NR12                               ,1,20260324,20260401,DB1176          ,1,1,1,0
03292901006,DB1185          ,CONJUNTO BICOS INJETORES NR12                               ,1,20260324,20260401,DB3568          ,1,1,1,0
03292901008,DB5799          ,SISTEMA ESTRUTURA HOT 35L NR12                              ,1,20260324,20260401,KF906           ,1,1,1,0
03292901008,DB5799          ,SISTEMA ESTRUTURA HOT 35L NR12                              ,1,20260324,20260401,NA1434          ,1,1,1,0
03292901008,DB5799          ,SISTEMA ESTRUTURA HOT 35L NR12                              ,1,20260324,20260401,NA2799          ,1,1,1,0
03292901008,DB5799          ,SISTEMA ESTRUTURA HOT 35L NR12                              ,1,20260324,20260401,NA3334          ,2,2,2,0
03293001001,DB7362          ,SISTEMA AUTOMACAO ELETRICA HOTMIXER 35L (MITSUBISHI) GAS INOX CE                          ,1,20260227,20260307,DB6232          ,1,1,1,0
03293001001,DB7362          ,SISTEMA AUTOMACAO ELETRICA HOTMIXER 35L (MITSUBISHI) GAS INOX CE                          ,1,20260227,20260307,SERV-DB7362     ,1,1,1,0
03293101001,HTX022CM220     ,HOTMIXER 35 L INOX - MASSEIRA PLANETARIA PARA SALGADOS E/OU DOCES                         ,1,20260324,20260401,DA5940          ,1,1,1,0
03293101001,HTX022CM220     ,HOTMIXER 35 L INOX - MASSEIRA PLANETARIA PARA SALGADOS E/OU DOCES                         ,1,20260324,20260401,DB3015          ,1,1,1,0
03293101001,HTX022CM220     ,HOTMIXER 35 L INOX - MASSEIRA PLANETARIA PARA SALGADOS E/OU DOCES                         ,1,20260324,20260401,DB7362          ,1,1,1,0
03293101002,CM533           ,SISTEMA CABECOTE PLANETARIO - HOT 35L - NR12 / CE (DA5905)  ,1,20260324,20260401,25027           ,1,1,1,0
03293101002,CM533           ,SISTEMA CABECOTE PLANETARIO - HOT 35L - NR12 / CE (DA5905)  ,1,20260324,20260401,25028           ,1,1,1,0
03293101002,CM533           ,SISTEMA CABECOTE PLANETARIO - HOT 35L - NR12 / CE (DA5905)  ,1,20260324,20260401,25035           ,2,2,2,0
03293101002,CM533           ,SISTEMA CABECOTE PLANETARIO - HOT 35L - NR12 / CE (DA5905)  ,1,20260324,20260401,KF504           ,1,1,1,0
03293101002,CM533           ,SISTEMA CABECOTE PLANETARIO - HOT 35L - NR12 / CE (DA5905)  ,1,20260324,20260401,NA3108          ,1,1,1,0
03293101005,CM634           ,SISTEMA GAS BSP - HOT 35L - CE (DB2973)                     ,1,20260324,20260401,NA3242          ,1,1,1,0
03293101007,DB3018          ,CONJUNTO INJETORES HOTMIXER 35L CE                          ,1,20260324,20260401,DB3005          ,1,1,1,0
03293101008,DB3745          ,KIT SALGADO BATEDOR TIPO S HOTIMEXER 35L                    ,1,20260324,20260401,KF889           ,1,1,1,0
03293101009,DB6227          ,SISTEMA ESTRUTURA HOT 35L CE                                ,1,20260324,20260401,KF907           ,1,1,1,0
03293101009,DB6227          ,SISTEMA ESTRUTURA HOT 35L CE                                ,1,20260324,20260401,NA1434          ,1,1,1,0
03293101009,DB6227          ,SISTEMA ESTRUTURA HOT 35L CE                                ,1,20260324,20260401,NA2799          ,1,1,1,0
03293101009,DB6227          ,SISTEMA ESTRUTURA HOT 35L CE                                ,1,20260324,20260401,NA3334          ,2,2,2,0
03293401001,EPX067NM220     ,EMPANAMIX MESA - EMPANADEIRA DE MESA - 220V MONO - NR12                                   ,1,20260324,20260401,15352           ,4,4,2,2
03293401001,EPX067NM220     ,EMPANAMIX MESA - EMPANADEIRA DE MESA - 220V MONO - NR12                                   ,1,20260324,20260401,KF786-02        ,1,1,1,0
03293401001,EPX067NM220     ,EMPANAMIX MESA - EMPANADEIRA DE MESA - 220V MONO - NR12                                   ,1,20260324,20260401,NA2630          ,2,2,2,0
03293401001,EPX067NM220     ,EMPANAMIX MESA - EMPANADEIRA DE MESA - 220V MONO - NR12                                   ,1,20260324,20260401,NA3106          ,1,1,1,0
03293401002,DA6936          ,CONJUNTO ESTEIRA LIQUIDO                                    ,1,20260324,20260401,KF780-01        ,1,1,1,0
03293401002,DA6936          ,CONJUNTO ESTEIRA LIQUIDO                                    ,1,20260324,20260401,KF782           ,1,1,1,0
03293401002,DA6936          ,CONJUNTO ESTEIRA LIQUIDO                                    ,1,20260324,20260401,NA2630          ,2,2,2,0
03293401003,DB3889          ,CONJUNTO CONCENTRADOR FARINHA PROLONGADO                    ,1,20260324,20260401,DB5552          ,1,1,1,0
03293401003,DB3889          ,CONJUNTO CONCENTRADOR FARINHA PROLONGADO                    ,1,20260324,20260401,DB5553          ,1,1,1,0
03293501001,EPX067NM220     ,EMPANAMIX MESA - EMPANADEIRA DE MESA - 220V MONO - NR12                                   ,1,20260324,20260401,15352           ,4,4,4,0
03293501001,EPX067NM220     ,EMPANAMIX MESA - EMPANADEIRA DE MESA - 220V MONO - NR12                                   ,1,20260324,20260401,KF786-02        ,1,1,1,0
03293501001,EPX067NM220     ,EMPANAMIX MESA - EMPANADEIRA DE MESA - 220V MONO - NR12                                   ,1,20260324,20260401,NA2630          ,2,2,2,0
03293501001,EPX067NM220     ,EMPANAMIX MESA - EMPANADEIRA DE MESA - 220V MONO - NR12                                   ,1,20260324,20260401,NA3106          ,1,1,1,0
03293501002,DA6936          ,CONJUNTO ESTEIRA LIQUIDO                                    ,1,20260324,20260401,KF780-01        ,1,1,1,0
03293501002,DA6936          ,CONJUNTO ESTEIRA LIQUIDO                                    ,1,20260324,20260401,KF782           ,1,1,1,0
03293501002,DA6936          ,CONJUNTO ESTEIRA LIQUIDO                                    ,1,20260324,20260401,NA2630          ,2,2,2,0
03293501003,DB3889          ,CONJUNTO CONCENTRADOR FARINHA PROLONGADO                    ,1,20260324,20260401,DB5552          ,1,1,1,0
03293501003,DB3889          ,CONJUNTO CONCENTRADOR FARINHA PROLONGADO                    ,1,20260324,20260401,DB5553          ,1,1,1,0
03293601001,EPX067NM220     ,EMPANAMIX MESA - EMPANADEIRA DE MESA - 220V MONO - NR12                                   ,1,20260324,20260401,15352           ,4,4,4,0
03293601001,EPX067NM220     ,EMPANAMIX MESA - EMPANADEIRA DE MESA - 220V MONO - NR12                                   ,1,20260324,20260401,KF786-02        ,1,1,1,0
03293601001,EPX067NM220     ,EMPANAMIX MESA - EMPANADEIRA DE MESA - 220V MONO - NR12                                   ,1,20260324,20260401,NA2630          ,2,2,2,0
03293601001,EPX067NM220     ,EMPANAMIX MESA - EMPANADEIRA DE MESA - 220V MONO - NR12                                   ,1,20260324,20260401,NA3106          ,1,1,1,0
03293601002,DA6936          ,CONJUNTO ESTEIRA LIQUIDO                                    ,1,20260324,20260401,KF780-01        ,1,1,1,0
03293601002,DA6936          ,CONJUNTO ESTEIRA LIQUIDO                                    ,1,20260324,20260401,KF782           ,1,1,1,0
03293601002,DA6936          ,CONJUNTO ESTEIRA LIQUIDO                                    ,1,20260324,20260401,NA2630          ,2,2,2,0
03293601003,DB3889          ,CONJUNTO CONCENTRADOR FARINHA PROLONGADO                    ,1,20260324,20260401,DB5552          ,1,1,1,0
03293601003,DB3889          ,CONJUNTO CONCENTRADOR FARINHA PROLONGADO                    ,1,20260324,20260401,DB5553          ,1,1,1,0
03293701001,EPX067NM220     ,EMPANAMIX MESA - EMPANADEIRA DE MESA - 220V MONO - NR12                                   ,1,20260324,20260401,15352           ,4,4,4,0
03293701001,EPX067NM220     ,EMPANAMIX MESA - EMPANADEIRA DE MESA - 220V MONO - NR12                                   ,1,20260324,20260401,KF786-02        ,1,1,1,0
03293701001,EPX067NM220     ,EMPANAMIX MESA - EMPANADEIRA DE MESA - 220V MONO - NR12                                   ,1,20260324,20260401,NA2630          ,2,2,2,0
03293701001,EPX067NM220     ,EMPANAMIX MESA - EMPANADEIRA DE MESA - 220V MONO - NR12                                   ,1,20260324,20260401,NA3106          ,1,1,1,0
03293701002,DA6936          ,CONJUNTO ESTEIRA LIQUIDO                                    ,1,20260324,20260401,DA6937          ,1,1,1,0
03293701002,DA6936          ,CONJUNTO ESTEIRA LIQUIDO                                    ,1,20260324,20260401,DB5551          ,1,1,1,0
03293701002,DA6936          ,CONJUNTO ESTEIRA LIQUIDO                                    ,1,20260324,20260401,KF780-01        ,1,1,1,0
03293701002,DA6936          ,CONJUNTO ESTEIRA LIQUIDO                                    ,1,20260324,20260401,KF782           ,1,1,1,0
03293701002,DA6936          ,CONJUNTO ESTEIRA LIQUIDO                                    ,1,20260324,20260401,NA2630          ,2,2,2,0
03293701003,DB3889          ,CONJUNTO CONCENTRADOR FARINHA PROLONGADO                    ,1,20260324,20260401,DB5552          ,1,1,1,0
03293701003,DB3889          ,CONJUNTO CONCENTRADOR FARINHA PROLONGADO                    ,1,20260324,20260401,DB5553          ,1,1,1,0
03293801001,EPX067NM220     ,EMPANAMIX MESA - EMPANADEIRA DE MESA - 220V MONO - NR12                                   ,1,20260324,20260401,15352           ,4,4,4,0
03293801001,EPX067NM220     ,EMPANAMIX MESA - EMPANADEIRA DE MESA - 220V MONO - NR12                                   ,1,20260324,20260401,KF786-02        ,1,1,1,0
03293801001,EPX067NM220     ,EMPANAMIX MESA - EMPANADEIRA DE MESA - 220V MONO - NR12                                   ,1,20260324,20260401,NA2630          ,2,2,2,0
03293801001,EPX067NM220     ,EMPANAMIX MESA - EMPANADEIRA DE MESA - 220V MONO - NR12                                   ,1,20260324,20260401,NA3106          ,1,1,1,0
03293801002,DA6936          ,CONJUNTO ESTEIRA LIQUIDO                                    ,1,20260324,20260401,DA6937          ,1,1,1,0
03293801002,DA6936          ,CONJUNTO ESTEIRA LIQUIDO                                    ,1,20260324,20260401,DB5551          ,1,1,1,0
03293801002,DA6936          ,CONJUNTO ESTEIRA LIQUIDO                                    ,1,20260324,20260401,KF780-01        ,1,1,1,0
03293801002,DA6936          ,CONJUNTO ESTEIRA LIQUIDO                                    ,1,20260324,20260401,KF782           ,1,1,1,0
03293801002,DA6936          ,CONJUNTO ESTEIRA LIQUIDO                                    ,1,20260324,20260401,NA2630          ,2,2,2,0
03293801003,DB3889          ,CONJUNTO CONCENTRADOR FARINHA PROLONGADO                    ,1,20260324,20260401,DB5552          ,1,1,1,0
03293801003,DB3889          ,CONJUNTO CONCENTRADOR FARINHA PROLONGADO                    ,1,20260324,20260401,DB5553          ,1,1,1,0
03294301001,EPX117NM220     ,EMPANAMIX INDUSTRIAL PLUS CHAPADO 2020 NR12                                               ,1,20260324,20260401,DB1565          ,1,1,1,0
03294301001,EPX117NM220     ,EMPANAMIX INDUSTRIAL PLUS CHAPADO 2020 NR12                                               ,1,20260324,20260401,KF233-04        ,1,1,1,0
03294301001,EPX117NM220     ,EMPANAMIX INDUSTRIAL PLUS CHAPADO 2020 NR12                                               ,1,20260324,20260401,NA2630          ,6,6,6,0
03294401001,EPX117NM220     ,EMPANAMIX INDUSTRIAL PLUS CHAPADO 2020 NR12                                               ,1,20260324,20260401,DA1681          ,1,1,1,0
03294401001,EPX117NM220     ,EMPANAMIX INDUSTRIAL PLUS CHAPADO 2020 NR12                                               ,1,20260324,20260401,DB1188          ,1,1,1,0
03294401001,EPX117NM220     ,EMPANAMIX INDUSTRIAL PLUS CHAPADO 2020 NR12                                               ,1,20260324,20260401,DB1252          ,1,1,1,0
03294401001,EPX117NM220     ,EMPANAMIX INDUSTRIAL PLUS CHAPADO 2020 NR12                                               ,1,20260324,20260401,DB1565          ,1,1,1,0
03294401001,EPX117NM220     ,EMPANAMIX INDUSTRIAL PLUS CHAPADO 2020 NR12                                               ,1,20260324,20260401,DB2924          ,1,1,1,0
03294401001,EPX117NM220     ,EMPANAMIX INDUSTRIAL PLUS CHAPADO 2020 NR12                                               ,1,20260324,20260401,KF231-05        ,1,1,1,0
03294401001,EPX117NM220     ,EMPANAMIX INDUSTRIAL PLUS CHAPADO 2020 NR12                                               ,1,20260324,20260401,KF233-04        ,1,1,1,0
03294401001,EPX117NM220     ,EMPANAMIX INDUSTRIAL PLUS CHAPADO 2020 NR12                                               ,1,20260324,20260401,NA2630          ,6,6,6,0
03294401001,EPX117NM220     ,EMPANAMIX INDUSTRIAL PLUS CHAPADO 2020 NR12                                               ,1,20260324,20260401,NA3108          ,1,1,1,0
03294601001,EPX117CM220     ,EMPANAMIX INDUSTRIAL PLUS 2020 CHAPADO CE                                                 ,1,20260324,20260401,DB0431          ,1,1,1,0
03294801001,EPX162NM220     ,BANDEJA GIRATORIA Ø700 MOTOR AC NR12                                                      ,1,20260324,20260401,15352           ,4,4,4,0
03294801001,EPX162NM220     ,BANDEJA GIRATORIA Ø700 MOTOR AC NR12                                                      ,1,20260324,20260401,KF726-02        ,1,1,1,0
03294801001,EPX162NM220     ,BANDEJA GIRATORIA Ø700 MOTOR AC NR12                                                      ,1,20260324,20260401,KF727           ,1,1,1,0
03295101001,EPX163NM220     ,BANDEJA GIRATORIA Ø1000 MOTOR AC NR12                                                     ,1,20260324,20260401,DB5110          ,1,1,1,0
03295101001,EPX163NM220     ,BANDEJA GIRATORIA Ø1000 MOTOR AC NR12                                                     ,1,20260324,20260401,KF729-02        ,1,1,1,0
03295201001,EPX163NM220     ,BANDEJA GIRATORIA Ø1000 MOTOR AC NR12                                                     ,1,20260324,20260401,DB5110          ,1,1,1,0
03296801001,DTX125NM220     ,DROP-TOP 400-450 PLUS NR12                                                                ,1,20260324,20260401,CM640           ,1,1,1,0
03296901001,DTX125NM220     ,DROP-TOP 400-450 PLUS NR12                                                                ,1,20260324,20260401,CM640           ,1,1,1,0
03297301001,FTX097IM220     ,FRITADEIRA BR FRY INMETRO                                                                 ,1,20260324,20260401,DB0804          ,1,1,1,0
03297301001,FTX097IM220     ,FRITADEIRA BR FRY INMETRO                                                                 ,1,20260324,20260401,DB6461          ,1,1,1,0
03297301001,FTX097IM220     ,FRITADEIRA BR FRY INMETRO                                                                 ,1,20260324,20260401,DB6724          ,4,4,4,0
03297301001,FTX097IM220     ,FRITADEIRA BR FRY INMETRO                                                                 ,1,20260324,20260401,DB6725          ,4,4,4,0
03297301001,FTX097IM220     ,FRITADEIRA BR FRY INMETRO                                                                 ,1,20260324,20260401,NA3886          ,4,4,4,0
03297301002,DA9610          ,SISTEMA FRITURA BR FRY                                      ,1,20260324,20260401,DB4012          ,1,1,1,0
03297301002,DA9610          ,SISTEMA FRITURA BR FRY                                      ,1,20260324,20260401,DB5094          ,1,1,1,0
03297301002,DA9610          ,SISTEMA FRITURA BR FRY                                      ,1,20260324,20260401,DB6456          ,1,1,1,0
03297301002,DA9610          ,SISTEMA FRITURA BR FRY                                      ,1,20260324,20260401,NA3843          ,1,1,1,0
03297301003,DB5631          ,CAIXA DA RESISTENCIA SENSOR ROBERTSHAW TERMOSTATO RELOCADO  ,1,20260324,20260401,DB4907          ,1,1,1,0
03297301003,DB5631          ,CAIXA DA RESISTENCIA SENSOR ROBERTSHAW TERMOSTATO RELOCADO  ,1,20260324,20260401,DB5632          ,1,1,1,0
03297301003,DB5631          ,CAIXA DA RESISTENCIA SENSOR ROBERTSHAW TERMOSTATO RELOCADO  ,1,20260324,20260401,DB5633          ,1,1,1,0
03297301003,DB5631          ,CAIXA DA RESISTENCIA SENSOR ROBERTSHAW TERMOSTATO RELOCADO  ,1,20260324,20260401,NA3964          ,1,1,1,0
03297301003,DB5631          ,CAIXA DA RESISTENCIA SENSOR ROBERTSHAW TERMOSTATO RELOCADO  ,1,20260324,20260401,NA3976          ,2,2,2,0
03297301005,DB5086          ,SISTEMA ALIMENTACAO BASCULANTE BR FRY                       ,1,20260324,20260401,KF821           ,1,1,1,0
03297301006,DB5514          ,SISTEMA CONTRA-INCENDIO COM VEDACAO BR FRY                  ,1,20260324,20260401,DB3278          ,1,1,1,0
03297301006,DB5514          ,SISTEMA CONTRA-INCENDIO COM VEDACAO BR FRY                  ,1,20260324,20260401,DB6723          ,1,1,1,0
03297301008,DB5624          ,SISTEMA ESTRUTURA PRINCIPAL TOMADA INTERNA BR FRY           ,1,20260324,20260401,DB0664          ,2,2,2,0
03297301008,DB5624          ,SISTEMA ESTRUTURA PRINCIPAL TOMADA INTERNA BR FRY           ,1,20260324,20260401,DB3564          ,2,2,2,0
03297301008,DB5624          ,SISTEMA ESTRUTURA PRINCIPAL TOMADA INTERNA BR FRY           ,1,20260324,20260401,DB4811          ,1,1,1,0
03297301008,DB5624          ,SISTEMA ESTRUTURA PRINCIPAL TOMADA INTERNA BR FRY           ,1,20260324,20260401,DB6368          ,1,1,1,0
03297301008,DB5624          ,SISTEMA ESTRUTURA PRINCIPAL TOMADA INTERNA BR FRY           ,1,20260324,20260401,KF693-04        ,1,1,1,0
03297301008,DB5624          ,SISTEMA ESTRUTURA PRINCIPAL TOMADA INTERNA BR FRY           ,1,20260324,20260401,KF847-02        ,1,1,1,0
03297301008,DB5624          ,SISTEMA ESTRUTURA PRINCIPAL TOMADA INTERNA BR FRY           ,1,20260324,20260401,NA3193          ,1,1,1,0
03297401001,FTX097IM220     ,FRITADEIRA BR FRY INMETRO                                                                 ,1,20260324,20260401,DB0804          ,1,1,1,0
03297401001,FTX097IM220     ,FRITADEIRA BR FRY INMETRO                                                                 ,1,20260324,20260401,DB6724          ,4,4,4,0
03297401001,FTX097IM220     ,FRITADEIRA BR FRY INMETRO                                                                 ,1,20260324,20260401,DB6725          ,4,4,4,0
03297401001,FTX097IM220     ,FRITADEIRA BR FRY INMETRO                                                                 ,1,20260324,20260401,NA3886          ,4,4,4,0
03297401002,DA9610          ,SISTEMA FRITURA BR FRY                                      ,1,20260324,20260401,DB4012          ,1,1,1,0
03297401002,DA9610          ,SISTEMA FRITURA BR FRY                                      ,1,20260324,20260401,DB5094          ,1,1,1,0
03297401002,DA9610          ,SISTEMA FRITURA BR FRY                                      ,1,20260324,20260401,DB6456          ,1,1,1,0
03297401003,DB5631          ,CAIXA DA RESISTENCIA SENSOR ROBERTSHAW TERMOSTATO RELOCADO  ,1,20260324,20260401,DB4907          ,1,1,1,0
03297401003,DB5631          ,CAIXA DA RESISTENCIA SENSOR ROBERTSHAW TERMOSTATO RELOCADO  ,1,20260324,20260401,DB5632          ,1,1,1,0
03297401003,DB5631          ,CAIXA DA RESISTENCIA SENSOR ROBERTSHAW TERMOSTATO RELOCADO  ,1,20260324,20260401,DB5633          ,1,1,1,0
03297401003,DB5631          ,CAIXA DA RESISTENCIA SENSOR ROBERTSHAW TERMOSTATO RELOCADO  ,1,20260324,20260401,NA3964          ,1,1,1,0
03297401003,DB5631          ,CAIXA DA RESISTENCIA SENSOR ROBERTSHAW TERMOSTATO RELOCADO  ,1,20260324,20260401,NA3976          ,2,2,2,0
03297401005,DB5086          ,SISTEMA ALIMENTACAO BASCULANTE BR FRY                       ,1,20260324,20260401,KF821           ,1,1,1,0
03297401006,DB5514          ,SISTEMA CONTRA-INCENDIO COM VEDACAO BR FRY                  ,1,20260324,20260401,DB3278          ,1,1,1,0
03297401006,DB5514          ,SISTEMA CONTRA-INCENDIO COM VEDACAO BR FRY                  ,1,20260324,20260401,DB6723          ,1,1,1,0
03297401008,DB5624          ,SISTEMA ESTRUTURA PRINCIPAL TOMADA INTERNA BR FRY           ,1,20260324,20260401,15352           ,4,4,4,0
03297401008,DB5624          ,SISTEMA ESTRUTURA PRINCIPAL TOMADA INTERNA BR FRY           ,1,20260324,20260401,DB0664          ,2,2,2,0
03297401008,DB5624          ,SISTEMA ESTRUTURA PRINCIPAL TOMADA INTERNA BR FRY           ,1,20260324,20260401,DB3564          ,2,2,2,0
03297401008,DB5624          ,SISTEMA ESTRUTURA PRINCIPAL TOMADA INTERNA BR FRY           ,1,20260324,20260401,DB3647          ,4,4,4,0
03297401008,DB5624          ,SISTEMA ESTRUTURA PRINCIPAL TOMADA INTERNA BR FRY           ,1,20260324,20260401,DB4811          ,1,1,1,0
03297401008,DB5624          ,SISTEMA ESTRUTURA PRINCIPAL TOMADA INTERNA BR FRY           ,1,20260324,20260401,KF693-04        ,1,1,1,0
03297401008,DB5624          ,SISTEMA ESTRUTURA PRINCIPAL TOMADA INTERNA BR FRY           ,1,20260324,20260401,KF694-02        ,1,1,1,0
03297401008,DB5624          ,SISTEMA ESTRUTURA PRINCIPAL TOMADA INTERNA BR FRY           ,1,20260324,20260401,KF847-02        ,1,1,1,0
03297401008,DB5624          ,SISTEMA ESTRUTURA PRINCIPAL TOMADA INTERNA BR FRY           ,1,20260324,20260401,NA3193          ,1,1,1,0
03297501001,FTX097IM220     ,FRITADEIRA BR FRY INMETRO                                                                 ,1,20260324,20260401,DB0804          ,1,1,1,0
03297501001,FTX097IM220     ,FRITADEIRA BR FRY INMETRO                                                                 ,1,20260324,20260401,DB6724          ,4,4,4,0
03297501001,FTX097IM220     ,FRITADEIRA BR FRY INMETRO                                                                 ,1,20260324,20260401,DB6725          ,4,4,4,0
03297501001,FTX097IM220     ,FRITADEIRA BR FRY INMETRO                                                                 ,1,20260324,20260401,NA3886          ,4,4,4,0
03297501002,DA9610          ,SISTEMA FRITURA BR FRY                                      ,1,20260324,20260401,DB4012          ,1,1,1,0
03297501002,DA9610          ,SISTEMA FRITURA BR FRY                                      ,1,20260324,20260401,DB5094          ,1,1,1,0
03297501002,DA9610          ,SISTEMA FRITURA BR FRY                                      ,1,20260324,20260401,DB6456          ,1,1,1,0
03297501003,DB5631          ,CAIXA DA RESISTENCIA SENSOR ROBERTSHAW TERMOSTATO RELOCADO  ,1,20260324,20260401,DB4907          ,1,1,1,0
03297501003,DB5631          ,CAIXA DA RESISTENCIA SENSOR ROBERTSHAW TERMOSTATO RELOCADO  ,1,20260324,20260401,DB5632          ,1,1,1,0
03297501003,DB5631          ,CAIXA DA RESISTENCIA SENSOR ROBERTSHAW TERMOSTATO RELOCADO  ,1,20260324,20260401,DB5633          ,1,1,1,0
03297501003,DB5631          ,CAIXA DA RESISTENCIA SENSOR ROBERTSHAW TERMOSTATO RELOCADO  ,1,20260324,20260401,NA3964          ,1,1,1,0
03297501003,DB5631          ,CAIXA DA RESISTENCIA SENSOR ROBERTSHAW TERMOSTATO RELOCADO  ,1,20260324,20260401,NA3976          ,2,2,2,0
03297501005,DB5086          ,SISTEMA ALIMENTACAO BASCULANTE BR FRY                       ,1,20260324,20260401,KF821           ,1,1,1,0
03297501006,DB5514          ,SISTEMA CONTRA-INCENDIO COM VEDACAO BR FRY                  ,1,20260324,20260401,DB3278          ,1,1,1,0
03297501006,DB5514          ,SISTEMA CONTRA-INCENDIO COM VEDACAO BR FRY                  ,1,20260324,20260401,DB6723          ,1,1,1,0
03297501008,DB5624          ,SISTEMA ESTRUTURA PRINCIPAL TOMADA INTERNA BR FRY           ,1,20260324,20260401,15352           ,4,4,4,0
03297501008,DB5624          ,SISTEMA ESTRUTURA PRINCIPAL TOMADA INTERNA BR FRY           ,1,20260324,20260401,DB0664          ,2,2,1,1
03297501008,DB5624          ,SISTEMA ESTRUTURA PRINCIPAL TOMADA INTERNA BR FRY           ,1,20260324,20260401,DB3564          ,2,2,2,0
03297501008,DB5624          ,SISTEMA ESTRUTURA PRINCIPAL TOMADA INTERNA BR FRY           ,1,20260324,20260401,DB4811          ,1,1,1,0
03297501008,DB5624          ,SISTEMA ESTRUTURA PRINCIPAL TOMADA INTERNA BR FRY           ,1,20260324,20260401,KF693-04        ,1,1,1,0
03297501008,DB5624          ,SISTEMA ESTRUTURA PRINCIPAL TOMADA INTERNA BR FRY           ,1,20260324,20260401,KF694-02        ,1,1,1,0
03297501008,DB5624          ,SISTEMA ESTRUTURA PRINCIPAL TOMADA INTERNA BR FRY           ,1,20260324,20260401,KF847-02        ,1,1,1,0
03297501008,DB5624          ,SISTEMA ESTRUTURA PRINCIPAL TOMADA INTERNA BR FRY           ,1,20260324,20260401,NA4136          ,1,1,1,0
03297601001,FTX097IM220     ,FRITADEIRA BR FRY INMETRO                                                                 ,1,20260324,20260401,DB6724          ,4,4,4,0
03297601001,FTX097IM220     ,FRITADEIRA BR FRY INMETRO                                                                 ,1,20260324,20260401,DB6725          ,4,4,4,0
03297601001,FTX097IM220     ,FRITADEIRA BR FRY INMETRO                                                                 ,1,20260324,20260401,NA3886          ,4,4,4,0
03297601002,DA9610          ,SISTEMA FRITURA BR FRY                                      ,1,20260324,20260401,DB4012          ,1,1,1,0
03297601002,DA9610          ,SISTEMA FRITURA BR FRY                                      ,1,20260324,20260401,DB5094          ,1,1,1,0
03297601002,DA9610          ,SISTEMA FRITURA BR FRY                                      ,1,20260324,20260401,DB6456          ,1,1,1,0
03297601003,DB5631          ,CAIXA DA RESISTENCIA SENSOR ROBERTSHAW TERMOSTATO RELOCADO  ,1,20260324,20260401,DB4907          ,1,1,1,0
03297601003,DB5631          ,CAIXA DA RESISTENCIA SENSOR ROBERTSHAW TERMOSTATO RELOCADO  ,1,20260324,20260401,DB5632          ,1,1,1,0
03297601003,DB5631          ,CAIXA DA RESISTENCIA SENSOR ROBERTSHAW TERMOSTATO RELOCADO  ,1,20260324,20260401,DB5633          ,1,1,1,0
03297601003,DB5631          ,CAIXA DA RESISTENCIA SENSOR ROBERTSHAW TERMOSTATO RELOCADO  ,1,20260324,20260401,NA3976          ,2,2,2,0
03297601006,DB5086          ,SISTEMA ALIMENTACAO BASCULANTE BR FRY                       ,1,20260324,20260401,KF821           ,1,1,1,0
03297601007,DB5514          ,SISTEMA CONTRA-INCENDIO COM VEDACAO BR FRY                  ,1,20260324,20260401,DB3278          ,1,1,1,0
03297601007,DB5514          ,SISTEMA CONTRA-INCENDIO COM VEDACAO BR FRY                  ,1,20260324,20260401,DB6723          ,1,1,1,0
03297601009,DB5624          ,SISTEMA ESTRUTURA PRINCIPAL TOMADA INTERNA BR FRY           ,1,20260324,20260401,15352           ,4,4,4,0
03297601009,DB5624          ,SISTEMA ESTRUTURA PRINCIPAL TOMADA INTERNA BR FRY           ,1,20260324,20260401,DB3564          ,2,2,2,0
03297601009,DB5624          ,SISTEMA ESTRUTURA PRINCIPAL TOMADA INTERNA BR FRY           ,1,20260324,20260401,DB4811          ,1,1,1,0
03297601009,DB5624          ,SISTEMA ESTRUTURA PRINCIPAL TOMADA INTERNA BR FRY           ,1,20260324,20260401,KF693-04        ,1,1,1,0
03297601009,DB5624          ,SISTEMA ESTRUTURA PRINCIPAL TOMADA INTERNA BR FRY           ,1,20260324,20260401,KF694-02        ,1,1,1,0
03297601009,DB5624          ,SISTEMA ESTRUTURA PRINCIPAL TOMADA INTERNA BR FRY           ,1,20260324,20260401,KF847-02        ,1,1,1,0
03297701001,FTX097IM220     ,FRITADEIRA BR FRY INMETRO                                                                 ,1,20260324,20260401,DB6724          ,4,4,4,0
03297701001,FTX097IM220     ,FRITADEIRA BR FRY INMETRO                                                                 ,1,20260324,20260401,DB6725          ,4,4,4,0
03297701001,FTX097IM220     ,FRITADEIRA BR FRY INMETRO                                                                 ,1,20260324,20260401,NA3886          ,4,4,4,0
03297701002,DA9610          ,SISTEMA FRITURA BR FRY                                      ,1,20260324,20260401,DB4012          ,1,1,1,0
03297701002,DA9610          ,SISTEMA FRITURA BR FRY                                      ,1,20260324,20260401,DB5094          ,1,1,1,0
03297701002,DA9610          ,SISTEMA FRITURA BR FRY                                      ,1,20260324,20260401,DB6456          ,1,1,1,0
03297701003,DB5631          ,CAIXA DA RESISTENCIA SENSOR ROBERTSHAW TERMOSTATO RELOCADO  ,1,20260324,20260401,DB4907          ,1,1,1,0
03297701003,DB5631          ,CAIXA DA RESISTENCIA SENSOR ROBERTSHAW TERMOSTATO RELOCADO  ,1,20260324,20260401,DB5632          ,1,1,1,0
03297701003,DB5631          ,CAIXA DA RESISTENCIA SENSOR ROBERTSHAW TERMOSTATO RELOCADO  ,1,20260324,20260401,DB5633          ,1,1,1,0
03297701003,DB5631          ,CAIXA DA RESISTENCIA SENSOR ROBERTSHAW TERMOSTATO RELOCADO  ,1,20260324,20260401,NA3976          ,2,2,2,0
03297701006,DB5086          ,SISTEMA ALIMENTACAO BASCULANTE BR FRY                       ,1,20260324,20260401,KF821           ,1,1,1,0
03297701007,DB5514          ,SISTEMA CONTRA-INCENDIO COM VEDACAO BR FRY                  ,1,20260324,20260401,DB3278          ,1,1,1,0
03297701007,DB5514          ,SISTEMA CONTRA-INCENDIO COM VEDACAO BR FRY                  ,1,20260324,20260401,DB6723          ,1,1,1,0
03297701009,DB5624          ,SISTEMA ESTRUTURA PRINCIPAL TOMADA INTERNA BR FRY           ,1,20260324,20260401,15352           ,4,4,4,0
03297701009,DB5624          ,SISTEMA ESTRUTURA PRINCIPAL TOMADA INTERNA BR FRY           ,1,20260324,20260401,DB3564          ,2,2,2,0
03297701009,DB5624          ,SISTEMA ESTRUTURA PRINCIPAL TOMADA INTERNA BR FRY           ,1,20260324,20260401,DB4811          ,1,1,1,0
03297701009,DB5624          ,SISTEMA ESTRUTURA PRINCIPAL TOMADA INTERNA BR FRY           ,1,20260324,20260401,KF693-04        ,1,1,1,0
03297701009,DB5624          ,SISTEMA ESTRUTURA PRINCIPAL TOMADA INTERNA BR FRY           ,1,20260324,20260401,KF694-02        ,1,1,1,0
03297701009,DB5624          ,SISTEMA ESTRUTURA PRINCIPAL TOMADA INTERNA BR FRY           ,1,20260324,20260401,KF847-02        ,1,1,1,0
03297801001,FTX097IM220     ,FRITADEIRA BR FRY INMETRO                                                                 ,1,20260324,20260401,DB0804          ,1,1,1,0
03297801001,FTX097IM220     ,FRITADEIRA BR FRY INMETRO                                                                 ,1,20260324,20260401,DB6724          ,4,4,4,0
03297801002,DA9610          ,SISTEMA FRITURA BR FRY                                      ,1,20260324,20260401,DB4012          ,1,1,1,0
03297801002,DA9610          ,SISTEMA FRITURA BR FRY                                      ,1,20260324,20260401,DB5094          ,1,1,1,0
03297801002,DA9610          ,SISTEMA FRITURA BR FRY                                      ,1,20260324,20260401,DB6456          ,1,1,1,0
03297801003,DB5631          ,CAIXA DA RESISTENCIA SENSOR ROBERTSHAW TERMOSTATO RELOCADO  ,1,20260324,20260401,DB4907          ,1,1,1,0
03297801003,DB5631          ,CAIXA DA RESISTENCIA SENSOR ROBERTSHAW TERMOSTATO RELOCADO  ,1,20260324,20260401,DB5632          ,1,1,1,0
03297801003,DB5631          ,CAIXA DA RESISTENCIA SENSOR ROBERTSHAW TERMOSTATO RELOCADO  ,1,20260324,20260401,DB5633          ,1,1,1,0
03297801003,DB5631          ,CAIXA DA RESISTENCIA SENSOR ROBERTSHAW TERMOSTATO RELOCADO  ,1,20260324,20260401,NA3976          ,2,2,2,0
03297801007,DB5086          ,SISTEMA ALIMENTACAO BASCULANTE BR FRY                       ,1,20260324,20260401,KF821           ,1,1,1,0
03297801008,DB5514          ,SISTEMA CONTRA-INCENDIO COM VEDACAO BR FRY                  ,1,20260324,20260401,DB6723          ,1,1,1,0
03297801010,DB5624          ,SISTEMA ESTRUTURA PRINCIPAL TOMADA INTERNA BR FRY           ,1,20260324,20260401,15352           ,4,4,4,0
03297801010,DB5624          ,SISTEMA ESTRUTURA PRINCIPAL TOMADA INTERNA BR FRY           ,1,20260324,20260401,DB3564          ,2,2,1,1
03297801010,DB5624          ,SISTEMA ESTRUTURA PRINCIPAL TOMADA INTERNA BR FRY           ,1,20260324,20260401,KF693-04        ,1,1,1,0
03297801010,DB5624          ,SISTEMA ESTRUTURA PRINCIPAL TOMADA INTERNA BR FRY           ,1,20260324,20260401,KF847-02        ,1,1,1,0
03297901001,FTX097IM220     ,FRITADEIRA BR FRY INMETRO                                                                 ,1,20260324,20260401,DB0804          ,1,1,1,0
03297901001,FTX097IM220     ,FRITADEIRA BR FRY INMETRO                                                                 ,1,20260324,20260401,DB6461          ,1,1,1,0
03297901001,FTX097IM220     ,FRITADEIRA BR FRY INMETRO                                                                 ,1,20260324,20260401,DB6724          ,4,4,4,0
03297901002,DA9610          ,SISTEMA FRITURA BR FRY                                      ,1,20260324,20260401,DB4012          ,1,1,1,0
03297901002,DA9610          ,SISTEMA FRITURA BR FRY                                      ,1,20260324,20260401,DB5094          ,1,1,1,0
03297901002,DA9610          ,SISTEMA FRITURA BR FRY                                      ,1,20260324,20260401,DB6456          ,1,1,1,0
03297901003,DB5631          ,CAIXA DA RESISTENCIA SENSOR ROBERTSHAW TERMOSTATO RELOCADO  ,1,20260324,20260401,DB4907          ,1,1,1,0
03297901003,DB5631          ,CAIXA DA RESISTENCIA SENSOR ROBERTSHAW TERMOSTATO RELOCADO  ,1,20260324,20260401,DB5633          ,1,1,1,0
03297901003,DB5631          ,CAIXA DA RESISTENCIA SENSOR ROBERTSHAW TERMOSTATO RELOCADO  ,1,20260324,20260401,NA3976          ,2,2,2,0
03297901007,DB5086          ,SISTEMA ALIMENTACAO BASCULANTE BR FRY                       ,1,20260324,20260401,KF821           ,1,1,1,0
03297901008,DB5514          ,SISTEMA CONTRA-INCENDIO COM VEDACAO BR FRY                  ,1,20260324,20260401,DB6723          ,1,1,1,0
03297901010,DB5624          ,SISTEMA ESTRUTURA PRINCIPAL TOMADA INTERNA BR FRY           ,1,20260324,20260401,15352           ,4,4,4,0
03297901010,DB5624          ,SISTEMA ESTRUTURA PRINCIPAL TOMADA INTERNA BR FRY           ,1,20260324,20260401,DB3564          ,2,2,2,0
03297901010,DB5624          ,SISTEMA ESTRUTURA PRINCIPAL TOMADA INTERNA BR FRY           ,1,20260324,20260401,DB4811          ,1,1,1,0
03297901010,DB5624          ,SISTEMA ESTRUTURA PRINCIPAL TOMADA INTERNA BR FRY           ,1,20260324,20260401,KF693-04        ,1,1,1,0
03297901010,DB5624          ,SISTEMA ESTRUTURA PRINCIPAL TOMADA INTERNA BR FRY           ,1,20260324,20260401,KF847-02        ,1,1,1,0
03298001001,FTX097IM220     ,FRITADEIRA BR FRY INMETRO                                                                 ,1,20260324,20260401,DB0804          ,1,1,1,0
03298001001,FTX097IM220     ,FRITADEIRA BR FRY INMETRO                                                                 ,1,20260324,20260401,DB6461          ,1,1,1,0
03298001001,FTX097IM220     ,FRITADEIRA BR FRY INMETRO                                                                 ,1,20260324,20260401,DB6724          ,4,4,4,0
03298001001,FTX097IM220     ,FRITADEIRA BR FRY INMETRO                                                                 ,1,20260324,20260401,DB6725          ,4,4,4,0
03298001001,FTX097IM220     ,FRITADEIRA BR FRY INMETRO                                                                 ,1,20260324,20260401,NA3886          ,4,4,4,0
03298001002,DA9610          ,SISTEMA FRITURA BR FRY                                      ,1,20260324,20260401,DB4012          ,1,1,1,0
03298001002,DA9610          ,SISTEMA FRITURA BR FRY                                      ,1,20260324,20260401,DB5094          ,1,1,1,0
03298001002,DA9610          ,SISTEMA FRITURA BR FRY                                      ,1,20260324,20260401,DB6456          ,1,1,1,0
03298001003,DB5631          ,CAIXA DA RESISTENCIA SENSOR ROBERTSHAW TERMOSTATO RELOCADO  ,1,20260324,20260401,DB4907          ,1,1,1,0
03298001003,DB5631          ,CAIXA DA RESISTENCIA SENSOR ROBERTSHAW TERMOSTATO RELOCADO  ,1,20260324,20260401,DB5632          ,1,1,1,0
03298001003,DB5631          ,CAIXA DA RESISTENCIA SENSOR ROBERTSHAW TERMOSTATO RELOCADO  ,1,20260324,20260401,DB5633          ,1,1,1,0
03298001003,DB5631          ,CAIXA DA RESISTENCIA SENSOR ROBERTSHAW TERMOSTATO RELOCADO  ,1,20260324,20260401,NA3976          ,2,2,2,0
03298001007,DB5086          ,SISTEMA ALIMENTACAO BASCULANTE BR FRY                       ,1,20260324,20260401,KF821           ,1,1,1,0
03298001008,DB5514          ,SISTEMA CONTRA-INCENDIO COM VEDACAO BR FRY                  ,1,20260324,20260401,DB3278          ,1,1,1,0
03298001008,DB5514          ,SISTEMA CONTRA-INCENDIO COM VEDACAO BR FRY                  ,1,20260324,20260401,DB6723          ,1,1,1,0
03298001010,DB5624          ,SISTEMA ESTRUTURA PRINCIPAL TOMADA INTERNA BR FRY           ,1,20260324,20260401,15352           ,4,4,4,0
03298001010,DB5624          ,SISTEMA ESTRUTURA PRINCIPAL TOMADA INTERNA BR FRY           ,1,20260324,20260401,DB3564          ,2,2,2,0
03298001010,DB5624          ,SISTEMA ESTRUTURA PRINCIPAL TOMADA INTERNA BR FRY           ,1,20260324,20260401,DB4811          ,1,1,1,0
03298001010,DB5624          ,SISTEMA ESTRUTURA PRINCIPAL TOMADA INTERNA BR FRY           ,1,20260324,20260401,KF693-04        ,1,1,1,0
03298001010,DB5624          ,SISTEMA ESTRUTURA PRINCIPAL TOMADA INTERNA BR FRY           ,1,20260324,20260401,KF847-02        ,1,1,1,0
03303001001,DB2094          ,SISTEMA AUTOMACAO ELETRICA NEW DULY 2021 CE                 ,1,20260131,20260131,DB2591          ,1,1,1,0
03303001001,DB2094          ,SISTEMA AUTOMACAO ELETRICA NEW DULY 2021 CE                 ,1,20260131,20260131,SERV-DB2094     ,1,1,1,0
03303401001,MFX168CM220     ,MAXIFORM BIG 10.0 MK MAQUINA MODELADORA RECHEADORA DE DOCES E SALGADOS CE                 ,1,20260203,20260211,CM434           ,1,1,1,0
03303401001,MFX168CM220     ,MAXIFORM BIG 10.0 MK MAQUINA MODELADORA RECHEADORA DE DOCES E SALGADOS CE                 ,1,20260203,20260211,CM490           ,1,2,1,0
03303401001,MFX168CM220     ,MAXIFORM BIG 10.0 MK MAQUINA MODELADORA RECHEADORA DE DOCES E SALGADOS CE                 ,1,20260203,20260211,DB2002          ,1,1,1,0
03303401001,MFX168CM220     ,MAXIFORM BIG 10.0 MK MAQUINA MODELADORA RECHEADORA DE DOCES E SALGADOS CE                 ,1,20260203,20260211,DB3717          ,1,1,1,0
03303401001,MFX168CM220     ,MAXIFORM BIG 10.0 MK MAQUINA MODELADORA RECHEADORA DE DOCES E SALGADOS CE                 ,1,20260203,20260211,DB3741          ,1,2,1,0
03303401001,MFX168CM220     ,MAXIFORM BIG 10.0 MK MAQUINA MODELADORA RECHEADORA DE DOCES E SALGADOS CE                 ,1,20260203,20260211,DB4324          ,1,1,1,0
03303401001,MFX168CM220     ,MAXIFORM BIG 10.0 MK MAQUINA MODELADORA RECHEADORA DE DOCES E SALGADOS CE                 ,1,20260203,20260211,DB6022          ,1,1,1,0
03303401001,MFX168CM220     ,MAXIFORM BIG 10.0 MK MAQUINA MODELADORA RECHEADORA DE DOCES E SALGADOS CE                 ,1,20260203,20260211,MFX168UM220     ,1,1,1,0
03303401001,MFX168CM220     ,MAXIFORM BIG 10.0 MK MAQUINA MODELADORA RECHEADORA DE DOCES E SALGADOS CE                 ,1,20260203,20260211,NA3818          ,1,1,1,0
03303401001,MFX168CM220     ,MAXIFORM BIG 10.0 MK MAQUINA MODELADORA RECHEADORA DE DOCES E SALGADOS CE                 ,1,20260203,20260211,NA4023          ,1,1,1,0
03303501002,DB7079          ,CONJUNTO MOTOREDUTOR COM FILTRO - MR 710 - ISVBUN - 50RPM - ,1,20260203,20260211,SERV-DB7079     ,1,1,1,0
03303701001,DB1445          ,CONJUNTO CABECOTE MASSA                                                                   ,1,20260204,20260212,KF374           ,1,1,1,0
03303801001,DB1445          ,CONJUNTO CABECOTE MASSA                                                                   ,1,20260204,20260212,KF374           ,1,1,1,0
03303901001,DB1445          ,CONJUNTO CABECOTE MASSA                                                                   ,1,20260204,20260212,KF374           ,1,1,1,0
03304001001,DB1445          ,CONJUNTO CABECOTE MASSA                                                                   ,1,20260204,20260212,KF374           ,1,1,1,0
03304101001,DB1445          ,CONJUNTO CABECOTE MASSA                                                                   ,1,20260204,20260212,KF374           ,1,1,1,0
03304201001,DB1445          ,CONJUNTO CABECOTE MASSA                                                                   ,1,20260204,20260212,KF374           ,1,1,1,0
03304301001,DB4550          ,CONJUNTO BOMBA MASSA LIQUIDA CORDAO VEDACAO                                               ,1,20260204,20260212,KF822           ,1,1,1,0
03304401001,DB4550          ,CONJUNTO BOMBA MASSA LIQUIDA CORDAO VEDACAO                                               ,1,20260204,20260212,KF822           ,1,1,1,0
03304501001,DB4550          ,CONJUNTO BOMBA MASSA LIQUIDA CORDAO VEDACAO                                               ,1,20260204,20260212,KF822           ,1,1,1,0
03304601001,DB4550          ,CONJUNTO BOMBA MASSA LIQUIDA CORDAO VEDACAO                                               ,1,20260204,20260212,KF822           ,1,1,1,0
03304701001,DB4550          ,CONJUNTO BOMBA MASSA LIQUIDA CORDAO VEDACAO                                               ,1,20260204,20260212,KF822           ,1,1,1,0
03304701001,DB4550          ,CONJUNTO BOMBA MASSA LIQUIDA CORDAO VEDACAO                                               ,1,20260204,20260212,KF823           ,1,1,1,0
03304801001,DB4550          ,CONJUNTO BOMBA MASSA LIQUIDA CORDAO VEDACAO                                               ,1,20260204,20260212,KF822           ,1,1,1,0
03304801001,DB4550          ,CONJUNTO BOMBA MASSA LIQUIDA CORDAO VEDACAO                                               ,1,20260204,20260212,KF823           ,1,1,1,0
03305401001,DA2529          ,CONJUNTO REGUA DOS BICOS FIXOS 6 SAIDAS                                                   ,1,20260204,20260212,DA2546          ,1,1,1,0
03305701001,DA2531          ,CONJUTO REGUA DO BOLO                                                                     ,1,20260204,20260212,DA2559          ,2,2,2,0
03305701001,DA2531          ,CONJUTO REGUA DO BOLO                                                                     ,1,20260204,20260212,DA2560          ,2,2,2,0
03305801001,DA2531          ,CONJUTO REGUA DO BOLO                                                                     ,1,20260204,20260212,DA2559          ,2,2,2,0
03305801001,DA2531          ,CONJUTO REGUA DO BOLO                                                                     ,1,20260204,20260212,DA2560          ,2,2,2,0
03305901001,DA2531          ,CONJUTO REGUA DO BOLO                                                                     ,1,20260204,20260212,DA2559          ,2,2,2,0
03305901001,DA2531          ,CONJUTO REGUA DO BOLO                                                                     ,1,20260204,20260212,DA2560          ,2,2,2,0
03306001001,DA2531          ,CONJUTO REGUA DO BOLO                                                                     ,1,20260204,20260212,DA2559          ,2,2,2,0
03306001001,DA2531          ,CONJUTO REGUA DO BOLO                                                                     ,1,20260204,20260212,DA2560          ,2,2,2,0
03306301001,DA2532          ,REGUA DO GIRO                                                                             ,1,20260204,20260212,DA2536          ,1,1,1,0
03306401001,DA2532          ,REGUA DO GIRO                                                                             ,1,20260204,20260212,DA2536          ,1,1,1,0
03306501001,DA2532          ,REGUA DO GIRO                                                                             ,1,20260204,20260212,DA2536          ,1,1,1,0
03306601001,DA2532          ,REGUA DO GIRO                                                                             ,1,20260204,20260212,DA2536          ,1,1,1,0
03307801001,DB1462          ,CONJUNTO CORTE A FIO                                                                      ,1,20260204,20260212,DB1502          ,2,2,2,0
03307801001,DB1462          ,CONJUNTO CORTE A FIO                                                                      ,1,20260204,20260212,NA2141          ,2,2,2,0
03307901001,DB1462          ,CONJUNTO CORTE A FIO                                                                      ,1,20260204,20260212,DB1502          ,2,2,2,0
03307901001,DB1462          ,CONJUNTO CORTE A FIO                                                                      ,1,20260204,20260212,NA2141          ,2,2,2,0
03308001001,DB1462          ,CONJUNTO CORTE A FIO                                                                      ,1,20260204,20260212,DB1502          ,2,2,2,0
03308001001,DB1462          ,CONJUNTO CORTE A FIO                                                                      ,1,20260204,20260212,NA2141          ,2,2,2,0
03308101001,DB1462          ,CONJUNTO CORTE A FIO                                                                      ,1,20260204,20260212,DB1502          ,2,2,2,0
03308101001,DB1462          ,CONJUNTO CORTE A FIO                                                                      ,1,20260204,20260212,NA2141          ,2,2,2,0
03308201001,DB1462          ,CONJUNTO CORTE A FIO                                                                      ,1,20260204,20260212,DB1502          ,2,2,2,0
03308201001,DB1462          ,CONJUNTO CORTE A FIO                                                                      ,1,20260204,20260212,NA2141          ,2,2,2,0
03308301001,DB1462          ,CONJUNTO CORTE A FIO                                                                      ,1,20260204,20260212,DB1502          ,2,2,2,0
03308301001,DB1462          ,CONJUNTO CORTE A FIO                                                                      ,1,20260204,20260212,NA2141          ,2,2,2,0
03308901001,EPX163CM220     ,BANDEJA GIRATORIA Ø1000 MOTOR AC CE 220V                                                  ,1,20260324,20260401,DB5111          ,1,1,1,0
03309001001,DB5111          ,SISTEMA AUTOMACAO ELETRICA BANDEJA GIRATORIA (AC) Ø1000 CE                                ,1,20260324,20260401,DA1115          ,1,1,1,0
03309001001,DB5111          ,SISTEMA AUTOMACAO ELETRICA BANDEJA GIRATORIA (AC) Ø1000 CE                                ,1,20260324,20260401,DB5007          ,1,1,1,0
03309001001,DB5111          ,SISTEMA AUTOMACAO ELETRICA BANDEJA GIRATORIA (AC) Ø1000 CE                                ,1,20260324,20260401,NA3412          ,2,2,2,0
03309001001,DB5111          ,SISTEMA AUTOMACAO ELETRICA BANDEJA GIRATORIA (AC) Ø1000 CE                                ,1,20260324,20260401,NA3413          ,2,2,2,0
03309001001,DB5111          ,SISTEMA AUTOMACAO ELETRICA BANDEJA GIRATORIA (AC) Ø1000 CE                                ,1,20260324,20260401,SERV-DB5111     ,1,1,1,0
03309901001,DB1226          ,SISTEMA AUTOMACAO ELETRICA NEW DROP EXPRESS NR12                                          ,1,20260212,20260220,DB1225          ,1,1,1,0
03310001001,DB1226          ,SISTEMA AUTOMACAO ELETRICA NEW DROP EXPRESS NR12                                          ,1,20260212,20260220,DB1225          ,1,1,1,0
03310101001,DTX124NM220     ,NEW DROP TOP EXPRESS NR12                                                                 ,1,20260212,20260220,DB1226          ,1,1,1,0
03310101002,CM456           ,SISTEMA ESTRUTURA - DROP EXPRESS - NR12 (DB1256)            ,1,20260212,20260220,KF618-03        ,1,1,1,0
03310201001,DTX124NM220     ,NEW DROP TOP EXPRESS NR12                                                                 ,1,20260212,20260220,DB1226          ,1,1,1,0
03310201002,CM456           ,SISTEMA ESTRUTURA - DROP EXPRESS - NR12 (DB1256)            ,1,20260212,20260212,KF618-03        ,1,1,1,0
03310201002,CM456           ,SISTEMA ESTRUTURA - DROP EXPRESS - NR12 (DB1256)            ,1,20260212,20260212,KF619-04        ,1,1,1,0
03312101001,DB7496          ,SISTEMA AUTOMACAO ELETRICA CONT FRYER 380V NR12 SOLUCAO WEG                               ,1,20260210,20260218,SERV-DB7496     ,1,1,1,0
03312201001,DB7497          ,SISTEMA AUTOMACAO ELETRICA CONT FRYER NR12 SOLUCAO WEG                                    ,1,20260210,20260218,DB1940          ,2,2,2,0
03312201001,DB7497          ,SISTEMA AUTOMACAO ELETRICA CONT FRYER NR12 SOLUCAO WEG                                    ,1,20260210,20260218,DB6118          ,1,1,1,0
03312201001,DB7497          ,SISTEMA AUTOMACAO ELETRICA CONT FRYER NR12 SOLUCAO WEG                                    ,1,20260210,20260218,DB6123          ,1,1,1,0
03312201001,DB7497          ,SISTEMA AUTOMACAO ELETRICA CONT FRYER NR12 SOLUCAO WEG                                    ,1,20260210,20260218,SERV-DB7497     ,1,1,1,0
03312301001,DB7498          ,SISTEMA AUTOMACAO ELETRICA CONT FRYER 380V CE SOLUCAO WEG                                 ,1,20260210,20260218,DB6118          ,1,1,1,0
03312301001,DB7498          ,SISTEMA AUTOMACAO ELETRICA CONT FRYER 380V CE SOLUCAO WEG                                 ,1,20260210,20260218,NA3332          ,3,3,1,3
03312301001,DB7498          ,SISTEMA AUTOMACAO ELETRICA CONT FRYER 380V CE SOLUCAO WEG                                 ,1,20260210,20260218,SERV-DB7498     ,1,1,1,0
03312401001,DB7499          ,SISTEMA AUTOMACAO ELETRICA CONT FRYER CE SOLUCAO WEG                                      ,1,20260210,20260218,DB6118          ,1,1,1,0
03312401001,DB7499          ,SISTEMA AUTOMACAO ELETRICA CONT FRYER CE SOLUCAO WEG                                      ,1,20260210,20260218,DB6123          ,1,1,1,0
03312401001,DB7499          ,SISTEMA AUTOMACAO ELETRICA CONT FRYER CE SOLUCAO WEG                                      ,1,20260210,20260218,SERV-DB7499     ,1,1,1,0
03312501001,DB7494          ,SISTEMA AUTOMACAO ELETRICA DROP - TOP NR12 SOLUCAO WEG                                    ,1,20260210,20260218,SERV-DB7494     ,1,1,1,0
03312601001,DB7495          ,SISTEMA AUTOMACAO ELETRICA FORMIX PLUS NR12 SOLUCAO WEG                                   ,1,20260210,20260218,SERV-DB7495     ,1,1,1,0
03312801001,DB6118          ,CONJUNTO CAIXA DISJUNTORES RESISTENCIAS CONT RFYER                                        ,1,20260210,20260218,DB6123          ,1,1,1,0
03312801001,DB6118          ,CONJUNTO CAIXA DISJUNTORES RESISTENCIAS CONT RFYER                                        ,1,20260210,20260218,NA3108          ,14,14,14,0
03312801001,DB6118          ,CONJUNTO CAIXA DISJUNTORES RESISTENCIAS CONT RFYER                                        ,1,20260210,20260218,NA3949          ,5,5,5,0
03312801001,DB6118          ,CONJUNTO CAIXA DISJUNTORES RESISTENCIAS CONT RFYER                                        ,1,20260210,20260218,NA4121          ,2,2,2,0
03313301001,MFX144NM220     ,MAXIFORM NEW LILY - MAQUINA FORMADORA/RECHEADORA - NR12                                   ,1,20260210,20260218,CM102           ,1,1,1,0
03313301007,CM490           ,SISTEMA ESTEIRA LONGA (DB1848)                              ,2,20260210,20260218,KF628-01        ,1,1,1,0
03313501002,CM301           ,CALIBRADOR FORMIX (DA5817 + DA7193)                         ,1,20260210,20260218,KF308-03        ,1,1,1,0
03313501002,CM301           ,CALIBRADOR FORMIX (DA5817 + DA7193)                         ,1,20260210,20260218,NA4321          ,1,1,1,0
03313501005,CM305           ,ESTRUTURA FORMIX (DA8433)                                   ,1,20260210,20260218,KF320-07        ,1,1,1,0
03313501005,CM305           ,ESTRUTURA FORMIX (DA8433)                                   ,1,20260210,20260218,NA2912          ,3,3,2,2
03313501006,CM318           ,DOSADOR FORMIX PLUS (DA7253)                                ,1,20260210,20260218,15805           ,2,2,2,0
03313501006,CM318           ,DOSADOR FORMIX PLUS (DA7253)                                ,1,20260210,20260218,DB6296          ,1,1,1,0
03313501006,CM318           ,DOSADOR FORMIX PLUS (DA7253)                                ,1,20260210,20260218,KF342-07        ,1,1,1,0
03313501006,CM318           ,DOSADOR FORMIX PLUS (DA7253)                                ,1,20260210,20260218,NA1780          ,2,2,1,2
03313501007,DA6467          ,DOSADOR PROD. PEQUENO,1,20260210,20260218,DA6464          ,1,1,1,0
03316601001,DB3741          ,SISTEMA AUTOMACAO ELETRICA BIG 10.0 MK 2023 CE              ,1,20260209,20260209,NA2555          ,3,3,3,0
03316601001,DB3741          ,SISTEMA AUTOMACAO ELETRICA BIG 10.0 MK 2023 CE              ,1,20260209,20260209,SERV-DB3741     ,1,1,1,0
03318901001,DB2270          ,SISTEMA AUTOMACAO ELETRICA NEW PICCOLINA NR12                                             ,4,20260221,20260301,DB2690          ,2,2,2,0
03318901001,DB2270          ,SISTEMA AUTOMACAO ELETRICA NEW PICCOLINA NR12                                             ,4,20260221,20260301,DB2690          ,10,10,10,0
03318901001,DB2270          ,SISTEMA AUTOMACAO ELETRICA NEW PICCOLINA NR12                                             ,4,20260221,20260301,NA3642          ,4,4,4,0
03318901001,DB2270          ,SISTEMA AUTOMACAO ELETRICA NEW PICCOLINA NR12                                             ,4,20260221,20260301,SERV-DB2270     ,4,4,4,0
03319001001,DB2270          ,SISTEMA AUTOMACAO ELETRICA NEW PICCOLINA NR12                                             ,4,20260221,20260301,DB2690          ,12,12,9,12
03319001001,DB2270          ,SISTEMA AUTOMACAO ELETRICA NEW PICCOLINA NR12                                             ,4,20260221,20260301,NA3642          ,4,4,4,0
03319001001,DB2270          ,SISTEMA AUTOMACAO ELETRICA NEW PICCOLINA NR12                                             ,4,20260221,20260301,SERV-DB2270     ,4,4,4,0
03319301001,MFX149NM220     ,MAXIFORM PICCOLINA - MAQUINA FORMADORA/RECHEADORA - NR12                                  ,1,20260221,20260301,KF714           ,1,1,1,0
03319301001,MFX149NM220     ,MAXIFORM PICCOLINA - MAQUINA FORMADORA/RECHEADORA - NR12                                  ,1,20260221,20260301,NA2630          ,2,2,2,0
03319301002,CM623           ,SISTEMA RECHEIO SEM FUNIL (DA6989)                          ,1,20260221,20260301,KF828U          ,1,1,1,0
03319601001,MFX149NM220     ,MAXIFORM PICCOLINA - MAQUINA FORMADORA/RECHEADORA - NR12                                  ,1,20260221,20260301,KF714           ,1,1,1,0
03319601001,MFX149NM220     ,MAXIFORM PICCOLINA - MAQUINA FORMADORA/RECHEADORA - NR12                                  ,1,20260221,20260301,NA2630          ,2,2,2,0
03319601002,CM623           ,SISTEMA RECHEIO SEM FUNIL (DA6989)                          ,1,20260221,20260301,KF828U          ,1,1,1,0
03319601008,DB2214          ,CONJUNTO SOBE DESCE  MOTORIZACAO DC                         ,1,20260221,20260301,NA2637          ,2,2,1,2
03319701001,MFX149NM220     ,MAXIFORM PICCOLINA - MAQUINA FORMADORA/RECHEADORA - NR12                                  ,1,20260221,20260301,KF714           ,1,1,1,0
03319701001,MFX149NM220     ,MAXIFORM PICCOLINA - MAQUINA FORMADORA/RECHEADORA - NR12                                  ,1,20260221,20260301,NA2630          ,2,2,2,0
03319701002,CM623           ,SISTEMA RECHEIO SEM FUNIL (DA6989)                          ,1,20260221,20260301,KF828U          ,1,1,1,0
03319801001,MFX149NM220     ,MAXIFORM PICCOLINA - MAQUINA FORMADORA/RECHEADORA - NR12                                  ,1,20260221,20260301,KF714           ,1,1,1,0
03319801001,MFX149NM220     ,MAXIFORM PICCOLINA - MAQUINA FORMADORA/RECHEADORA - NR12                                  ,1,20260221,20260301,NA2630          ,2,2,2,0
03319801001,MFX149NM220     ,MAXIFORM PICCOLINA - MAQUINA FORMADORA/RECHEADORA - NR12                                  ,1,20260221,20260301,NA3497          ,2,2,1,2
03319801002,CM623           ,SISTEMA RECHEIO SEM FUNIL (DA6989)                          ,1,20260221,20260301,KF828U          ,1,1,1,0
03319801010,DB2214          ,CONJUNTO SOBE DESCE  MOTORIZACAO DC                         ,1,20260221,20260301,KF712           ,1,1,1,0
03319901001,MFX149NM220     ,MAXIFORM PICCOLINA - MAQUINA FORMADORA/RECHEADORA - NR12                                  ,1,20260221,20260301,KF713-01        ,1,1,1,0
03319901001,MFX149NM220     ,MAXIFORM PICCOLINA - MAQUINA FORMADORA/RECHEADORA - NR12                                  ,1,20260221,20260301,KF714           ,1,1,1,0
03319901001,MFX149NM220     ,MAXIFORM PICCOLINA - MAQUINA FORMADORA/RECHEADORA - NR12                                  ,1,20260221,20260301,NA2630          ,2,2,2,0
03319901002,CM623           ,SISTEMA RECHEIO SEM FUNIL (DA6989)                          ,1,20260221,20260301,KF828U          ,1,1,1,0
03319901009,DB2214          ,CONJUNTO SOBE DESCE  MOTORIZACAO DC                         ,1,20260221,20260301,KF712           ,1,1,1,0
03320001001,MFX149NM220     ,MAXIFORM PICCOLINA - MAQUINA FORMADORA/RECHEADORA - NR12                                  ,1,20260221,20260301,KF713-01        ,1,1,1,0
03320001001,MFX149NM220     ,MAXIFORM PICCOLINA - MAQUINA FORMADORA/RECHEADORA - NR12                                  ,1,20260221,20260301,KF714           ,1,1,1,0
03320001001,MFX149NM220     ,MAXIFORM PICCOLINA - MAQUINA FORMADORA/RECHEADORA - NR12                                  ,1,20260221,20260301,NA2630          ,2,2,2,0
03320001002,CM623           ,SISTEMA RECHEIO SEM FUNIL (DA6989)                          ,1,20260221,20260301,KF828U          ,1,1,1,0
03320001010,DB2214          ,CONJUNTO SOBE DESCE  MOTORIZACAO DC                         ,1,20260221,20260301,KF712           ,1,1,1,0
03320101001,MFX149NM220     ,MAXIFORM PICCOLINA - MAQUINA FORMADORA/RECHEADORA - NR12                                  ,1,20260221,20260301,KF713-01        ,1,1,1,0
03320101001,MFX149NM220     ,MAXIFORM PICCOLINA - MAQUINA FORMADORA/RECHEADORA - NR12                                  ,1,20260221,20260301,NA2630          ,2,2,2,0
03320101002,CM623           ,SISTEMA RECHEIO SEM FUNIL (DA6989)                          ,1,20260221,20260301,KF828U          ,1,1,1,0
03320101009,DB2214          ,CONJUNTO SOBE DESCE  MOTORIZACAO DC                         ,1,20260221,20260301,KF712           ,1,1,1,0
03320201001,MFX149NM220     ,MAXIFORM PICCOLINA - MAQUINA FORMADORA/RECHEADORA - NR12                                  ,1,20260221,20260301,KF713-01        ,1,1,1,0
03320201001,MFX149NM220     ,MAXIFORM PICCOLINA - MAQUINA FORMADORA/RECHEADORA - NR12                                  ,1,20260221,20260301,NA2630          ,2,2,2,0
03320201001,MFX149NM220     ,MAXIFORM PICCOLINA - MAQUINA FORMADORA/RECHEADORA - NR12                                  ,1,20260221,20260301,NA3108          ,1,1,1,0
03320201002,CM623           ,SISTEMA RECHEIO SEM FUNIL (DA6989)                          ,1,20260221,20260301,KF828U          ,1,1,1,0
03320201010,DB2214          ,CONJUNTO SOBE DESCE  MOTORIZACAO DC                         ,1,20260221,20260301,KF712           ,1,1,1,0
03320301001,MFX149NM220     ,MAXIFORM PICCOLINA - MAQUINA FORMADORA/RECHEADORA - NR12                                  ,1,20260221,20260301,KF713-01        ,1,1,1,0
03320301001,MFX149NM220     ,MAXIFORM PICCOLINA - MAQUINA FORMADORA/RECHEADORA - NR12                                  ,1,20260221,20260301,NA2630          ,2,2,2,0
03320301001,MFX149NM220     ,MAXIFORM PICCOLINA - MAQUINA FORMADORA/RECHEADORA - NR12                                  ,1,20260221,20260301,NA3108          ,1,1,1,0
03320301002,CM623           ,SISTEMA RECHEIO SEM FUNIL (DA6989)                          ,1,20260221,20260301,KF828U          ,1,1,1,0
03320301009,DB2214          ,CONJUNTO SOBE DESCE  MOTORIZACAO DC                         ,1,20260221,20260301,KF712           ,1,1,1,0
03320401001,MFX149NM220     ,MAXIFORM PICCOLINA - MAQUINA FORMADORA/RECHEADORA - NR12                                  ,1,20260221,20260301,DB2270          ,1,1,1,0
03320401001,MFX149NM220     ,MAXIFORM PICCOLINA - MAQUINA FORMADORA/RECHEADORA - NR12                                  ,1,20260221,20260301,KF713-01        ,1,1,1,0
03320401001,MFX149NM220     ,MAXIFORM PICCOLINA - MAQUINA FORMADORA/RECHEADORA - NR12                                  ,1,20260221,20260301,NA2630          ,2,2,2,0
03320401001,MFX149NM220     ,MAXIFORM PICCOLINA - MAQUINA FORMADORA/RECHEADORA - NR12                                  ,1,20260221,20260301,NA3108          ,1,1,1,0
03320401002,CM623           ,SISTEMA RECHEIO SEM FUNIL (DA6989)                          ,1,20260221,20260301,KF828U          ,1,1,1,0
03320401010,DB2214          ,CONJUNTO SOBE DESCE  MOTORIZACAO DC                         ,1,20260221,20260301,KF712           ,1,1,1,0
03320501001,MFX149NM220     ,MAXIFORM PICCOLINA - MAQUINA FORMADORA/RECHEADORA - NR12                                  ,1,20260221,20260301,DB2270          ,1,1,1,0
03320501001,MFX149NM220     ,MAXIFORM PICCOLINA - MAQUINA FORMADORA/RECHEADORA - NR12                                  ,1,20260221,20260301,KF713-01        ,1,1,1,0
03320501001,MFX149NM220     ,MAXIFORM PICCOLINA - MAQUINA FORMADORA/RECHEADORA - NR12                                  ,1,20260221,20260301,NA2630          ,2,2,2,0
03320501001,MFX149NM220     ,MAXIFORM PICCOLINA - MAQUINA FORMADORA/RECHEADORA - NR12                                  ,1,20260221,20260301,NA3108          ,1,1,1,0
03320501002,CM623           ,SISTEMA RECHEIO SEM FUNIL (DA6989)                          ,1,20260221,20260301,KF828U          ,1,1,1,0
03320501009,DB2214          ,CONJUNTO SOBE DESCE  MOTORIZACAO DC                         ,1,20260221,20260301,KF712           ,1,1,1,0
03320601001,MFX149NM220     ,MAXIFORM PICCOLINA - MAQUINA FORMADORA/RECHEADORA - NR12                                  ,1,20260221,20260301,DB2270          ,1,1,1,0
03320601001,MFX149NM220     ,MAXIFORM PICCOLINA - MAQUINA FORMADORA/RECHEADORA - NR12                                  ,1,20260221,20260301,KF713-01        ,1,1,1,0
03320601001,MFX149NM220     ,MAXIFORM PICCOLINA - MAQUINA FORMADORA/RECHEADORA - NR12                                  ,1,20260221,20260301,KF714           ,1,1,1,0
03320601001,MFX149NM220     ,MAXIFORM PICCOLINA - MAQUINA FORMADORA/RECHEADORA - NR12                                  ,1,20260221,20260301,NA2630          ,2,2,2,0
03320601001,MFX149NM220     ,MAXIFORM PICCOLINA - MAQUINA FORMADORA/RECHEADORA - NR12                                  ,1,20260221,20260301,NA3108          ,1,1,1,0
03320601002,CM623           ,SISTEMA RECHEIO SEM FUNIL (DA6989)                          ,1,20260221,20260301,KF828U          ,1,1,1,0
03320601010,DB2214          ,CONJUNTO SOBE DESCE  MOTORIZACAO DC                         ,1,20260221,20260301,KF712           ,1,1,1,0
03320701001,MFX149NM220     ,MAXIFORM PICCOLINA - MAQUINA FORMADORA/RECHEADORA - NR12                                  ,1,20260221,20260301,DB2270          ,1,1,1,0
03320701001,MFX149NM220     ,MAXIFORM PICCOLINA - MAQUINA FORMADORA/RECHEADORA - NR12                                  ,1,20260221,20260301,KF713-01        ,1,1,1,0
03320701001,MFX149NM220     ,MAXIFORM PICCOLINA - MAQUINA FORMADORA/RECHEADORA - NR12                                  ,1,20260221,20260301,KF714           ,1,1,1,0
03320701001,MFX149NM220     ,MAXIFORM PICCOLINA - MAQUINA FORMADORA/RECHEADORA - NR12                                  ,1,20260221,20260301,NA2630          ,2,2,2,0
03320701001,MFX149NM220     ,MAXIFORM PICCOLINA - MAQUINA FORMADORA/RECHEADORA - NR12                                  ,1,20260221,20260301,NA3108          ,1,1,1,0
03320701002,CM623           ,SISTEMA RECHEIO SEM FUNIL (DA6989)                          ,1,20260221,20260301,KF828U          ,1,1,1,0
03320701009,DB2214          ,CONJUNTO SOBE DESCE  MOTORIZACAO DC                         ,1,20260221,20260301,KF712           ,1,1,1,0
03320801001,MFX149NM220     ,MAXIFORM PICCOLINA - MAQUINA FORMADORA/RECHEADORA - NR12                                  ,1,20260221,20260301,DB2270          ,1,1,1,0
03320801001,MFX149NM220     ,MAXIFORM PICCOLINA - MAQUINA FORMADORA/RECHEADORA - NR12                                  ,1,20260221,20260301,KF713-01        ,1,1,1,0
03320801001,MFX149NM220     ,MAXIFORM PICCOLINA - MAQUINA FORMADORA/RECHEADORA - NR12                                  ,1,20260221,20260301,KF714           ,1,1,1,0
03320801001,MFX149NM220     ,MAXIFORM PICCOLINA - MAQUINA FORMADORA/RECHEADORA - NR12                                  ,1,20260221,20260301,NA2630          ,2,2,2,0
03320801001,MFX149NM220     ,MAXIFORM PICCOLINA - MAQUINA FORMADORA/RECHEADORA - NR12                                  ,1,20260221,20260301,NA3108          ,1,1,1,0
03320801002,CM623           ,SISTEMA RECHEIO SEM FUNIL (DA6989)                          ,1,20260221,20260301,KF828U          ,1,1,1,0
03320801011,DB2214          ,CONJUNTO SOBE DESCE  MOTORIZACAO DC                         ,1,20260221,20260301,KF712           ,1,1,1,0
03320901001,MFX149NM220     ,MAXIFORM PICCOLINA - MAQUINA FORMADORA/RECHEADORA - NR12                                  ,1,20260221,20260301,KF714           ,1,1,1,0
03320901001,MFX149NM220     ,MAXIFORM PICCOLINA - MAQUINA FORMADORA/RECHEADORA - NR12                                  ,1,20260221,20260301,NA2630          ,2,2,2,0
03320901001,MFX149NM220     ,MAXIFORM PICCOLINA - MAQUINA FORMADORA/RECHEADORA - NR12                                  ,1,20260221,20260301,NA3108          ,1,1,1,0
03320901002,CM623           ,SISTEMA RECHEIO SEM FUNIL (DA6989)                          ,1,20260221,20260221,KF828U          ,1,1,1,0
03320901010,DB2214          ,CONJUNTO SOBE DESCE  MOTORIZACAO DC                         ,1,20260221,20260221,KF712           ,1,1,1,0
03320901014,SC171           ,> PRATO (PIC),1,20260221,20260221,DA7514          ,1,1,1,0
03321001001,MFX149NM220     ,MAXIFORM PICCOLINA - MAQUINA FORMADORA/RECHEADORA - NR12                                  ,1,20260221,20260301,DB2270          ,1,1,1,0
03321001001,MFX149NM220     ,MAXIFORM PICCOLINA - MAQUINA FORMADORA/RECHEADORA - NR12                                  ,1,20260221,20260301,KF714           ,1,1,1,0
03321001001,MFX149NM220     ,MAXIFORM PICCOLINA - MAQUINA FORMADORA/RECHEADORA - NR12                                  ,1,20260221,20260301,NA2630          ,2,2,2,0
03321001001,MFX149NM220     ,MAXIFORM PICCOLINA - MAQUINA FORMADORA/RECHEADORA - NR12                                  ,1,20260221,20260301,NA3108          ,1,1,1,0
03321001002,CM623           ,SISTEMA RECHEIO SEM FUNIL (DA6989)                          ,1,20260221,20260221,KF828U          ,1,1,1,0
03321001011,DB2214          ,CONJUNTO SOBE DESCE  MOTORIZACAO DC                         ,1,20260221,20260221,KF712           ,1,1,1,0
03321001015,SC171           ,> PRATO (PIC),1,20260221,20260221,DA7514          ,1,1,1,0
03321101001,MFX149NM220     ,MAXIFORM PICCOLINA - MAQUINA FORMADORA/RECHEADORA - NR12                                  ,1,20260221,20260301,KF714           ,1,1,1,0
03321101001,MFX149NM220     ,MAXIFORM PICCOLINA - MAQUINA FORMADORA/RECHEADORA - NR12                                  ,1,20260221,20260301,NA2630          ,2,2,2,0
03321101001,MFX149NM220     ,MAXIFORM PICCOLINA - MAQUINA FORMADORA/RECHEADORA - NR12                                  ,1,20260221,20260301,NA3108          ,1,1,1,0
03321101002,CM623           ,SISTEMA RECHEIO SEM FUNIL (DA6989)                          ,1,20260221,20260221,KF828U          ,1,1,1,0
03321101010,DB2214          ,CONJUNTO SOBE DESCE  MOTORIZACAO DC                         ,1,20260221,20260221,KF712           ,1,1,1,0
03321101014,SC171           ,> PRATO (PIC),1,20260221,20260221,DA7514          ,1,1,1,0
03323301001,MFX149NM220     ,MAXIFORM PICCOLINA - MAQUINA FORMADORA/RECHEADORA - NR12                                  ,1,20260221,20260301,DB2228          ,1,1,1,0
03323301001,MFX149NM220     ,MAXIFORM PICCOLINA - MAQUINA FORMADORA/RECHEADORA - NR12                                  ,1,20260221,20260301,DB2270          ,1,1,1,0
03323301001,MFX149NM220     ,MAXIFORM PICCOLINA - MAQUINA FORMADORA/RECHEADORA - NR12                                  ,1,20260221,20260301,DB3041          ,1,1,1,0
03323301001,MFX149NM220     ,MAXIFORM PICCOLINA - MAQUINA FORMADORA/RECHEADORA - NR12                                  ,1,20260221,20260301,KF664-03        ,1,1,1,0
03323301001,MFX149NM220     ,MAXIFORM PICCOLINA - MAQUINA FORMADORA/RECHEADORA - NR12                                  ,1,20260221,20260301,KF713-01        ,1,1,1,0
03323301001,MFX149NM220     ,MAXIFORM PICCOLINA - MAQUINA FORMADORA/RECHEADORA - NR12                                  ,1,20260221,20260301,KF714           ,1,1,1,0
03323301001,MFX149NM220     ,MAXIFORM PICCOLINA - MAQUINA FORMADORA/RECHEADORA - NR12                                  ,1,20260221,20260301,NA2630          ,2,2,2,0
03323301001,MFX149NM220     ,MAXIFORM PICCOLINA - MAQUINA FORMADORA/RECHEADORA - NR12                                  ,1,20260221,20260301,NA3108          ,1,1,1,0
03323301002,CM623           ,SISTEMA RECHEIO SEM FUNIL (DA6989)                          ,1,20260221,20260301,KF828U          ,1,1,1,0
03323301011,DB2214          ,CONJUNTO SOBE DESCE  MOTORIZACAO DC                         ,1,20260221,20260301,KF712           ,1,1,1,0
03323301015,SC171           ,> PRATO (PIC),1,20260221,20260301,DA7514          ,1,1,1,0
03323401001,MFX149NM220     ,MAXIFORM PICCOLINA - MAQUINA FORMADORA/RECHEADORA - NR12                                  ,1,20260221,20260301,DB2270          ,1,1,1,0
03323401001,MFX149NM220     ,MAXIFORM PICCOLINA - MAQUINA FORMADORA/RECHEADORA - NR12                                  ,1,20260221,20260301,KF713-01        ,1,1,1,0
03323401001,MFX149NM220     ,MAXIFORM PICCOLINA - MAQUINA FORMADORA/RECHEADORA - NR12                                  ,1,20260221,20260301,KF714           ,1,1,1,0
03323401001,MFX149NM220     ,MAXIFORM PICCOLINA - MAQUINA FORMADORA/RECHEADORA - NR12                                  ,1,20260221,20260301,NA2630          ,2,2,2,0
03323401001,MFX149NM220     ,MAXIFORM PICCOLINA - MAQUINA FORMADORA/RECHEADORA - NR12                                  ,1,20260221,20260301,NA3108          ,1,1,1,0
03323401002,CM623           ,SISTEMA RECHEIO SEM FUNIL (DA6989)                          ,1,20260221,20260301,KF828U          ,1,1,1,0
03323401010,DB2214          ,CONJUNTO SOBE DESCE  MOTORIZACAO DC                         ,1,20260221,20260301,KF712           ,1,1,1,0
03324501001,PR0152          ,PAINEL ELETRICO TUBO 3.0 - NR12 (DA1303)                                                  ,1,20260221,20260301,DA1302          ,1,1,1,0
03324501001,PR0152          ,PAINEL ELETRICO TUBO 3.0 - NR12 (DA1303)                                                  ,1,20260221,20260301,DA5238          ,1,1,1,0
03324501001,PR0152          ,PAINEL ELETRICO TUBO 3.0 - NR12 (DA1303)                                                  ,1,20260221,20260301,SERV-PR0152     ,1,1,1,0
03324601001,MFX003NM220     ,MAXIFORM TUBO - MAQUINA FORMADORA DE DOCES                                                ,1,20260221,20260301,15204           ,1,1,1,0
03324601001,MFX003NM220     ,MAXIFORM TUBO - MAQUINA FORMADORA DE DOCES                                                ,1,20260221,20260301,15205           ,2,2,2,0
03324601001,MFX003NM220     ,MAXIFORM TUBO - MAQUINA FORMADORA DE DOCES                                                ,1,20260221,20260301,15451           ,1,1,1,0
03324601001,MFX003NM220     ,MAXIFORM TUBO - MAQUINA FORMADORA DE DOCES                                                ,1,20260221,20260301,25004           ,1,1,1,0
03324601001,MFX003NM220     ,MAXIFORM TUBO - MAQUINA FORMADORA DE DOCES                                                ,1,20260221,20260301,25005           ,1,1,1,0
03324601001,MFX003NM220     ,MAXIFORM TUBO - MAQUINA FORMADORA DE DOCES                                                ,1,20260221,20260301,DA0830          ,1,1,1,0
03324601001,MFX003NM220     ,MAXIFORM TUBO - MAQUINA FORMADORA DE DOCES                                                ,1,20260221,20260301,DA0955          ,2,2,2,0
03324601001,MFX003NM220     ,MAXIFORM TUBO - MAQUINA FORMADORA DE DOCES                                                ,1,20260221,20260301,DA0962          ,1,1,1,0
03324601001,MFX003NM220     ,MAXIFORM TUBO - MAQUINA FORMADORA DE DOCES                                                ,1,20260221,20260301,DA0966          ,1,1,1,0
03324601001,MFX003NM220     ,MAXIFORM TUBO - MAQUINA FORMADORA DE DOCES                                                ,1,20260221,20260301,DA0967          ,1,1,1,0
03324601001,MFX003NM220     ,MAXIFORM TUBO - MAQUINA FORMADORA DE DOCES                                                ,1,20260221,20260301,DA0969          ,2,2,2,0
03324601001,MFX003NM220     ,MAXIFORM TUBO - MAQUINA FORMADORA DE DOCES                                                ,1,20260221,20260301,DA1001          ,2,2,2,0
03324601001,MFX003NM220     ,MAXIFORM TUBO - MAQUINA FORMADORA DE DOCES                                                ,1,20260221,20260301,DA1003          ,2,2,2,0
03324601001,MFX003NM220     ,MAXIFORM TUBO - MAQUINA FORMADORA DE DOCES                                                ,1,20260221,20260301,DA1004          ,1,1,1,0
03324601001,MFX003NM220     ,MAXIFORM TUBO - MAQUINA FORMADORA DE DOCES                                                ,1,20260221,20260301,DA1006          ,1,1,1,0
03324601001,MFX003NM220     ,MAXIFORM TUBO - MAQUINA FORMADORA DE DOCES                                                ,1,20260221,20260301,DA1009          ,1,1,1,0
03324601001,MFX003NM220     ,MAXIFORM TUBO - MAQUINA FORMADORA DE DOCES                                                ,1,20260221,20260301,DA1013          ,2,2,2,0
03324601001,MFX003NM220     ,MAXIFORM TUBO - MAQUINA FORMADORA DE DOCES                                                ,1,20260221,20260301,DA1024          ,2,2,2,0
03324601001,MFX003NM220     ,MAXIFORM TUBO - MAQUINA FORMADORA DE DOCES                                                ,1,20260221,20260301,DA1037          ,1,1,1,0
03324601001,MFX003NM220     ,MAXIFORM TUBO - MAQUINA FORMADORA DE DOCES                                                ,1,20260221,20260301,DA1100          ,2,2,2,0
03324601001,MFX003NM220     ,MAXIFORM TUBO - MAQUINA FORMADORA DE DOCES                                                ,1,20260221,20260301,DA1101          ,2,2,2,0
03324601001,MFX003NM220     ,MAXIFORM TUBO - MAQUINA FORMADORA DE DOCES                                                ,1,20260221,20260301,DA1105          ,2,2,2,0
03324601001,MFX003NM220     ,MAXIFORM TUBO - MAQUINA FORMADORA DE DOCES                                                ,1,20260221,20260301,DA1133          ,2,2,2,0
03324601001,MFX003NM220     ,MAXIFORM TUBO - MAQUINA FORMADORA DE DOCES                                                ,1,20260221,20260301,DA1135          ,1,1,1,0
03324601001,MFX003NM220     ,MAXIFORM TUBO - MAQUINA FORMADORA DE DOCES                                                ,1,20260221,20260301,DA1186          ,2,2,2,0
03324601001,MFX003NM220     ,MAXIFORM TUBO - MAQUINA FORMADORA DE DOCES                                                ,1,20260221,20260301,DA1191          ,1,1,1,0
03324601001,MFX003NM220     ,MAXIFORM TUBO - MAQUINA FORMADORA DE DOCES                                                ,1,20260221,20260301,DA1192          ,2,2,2,0
03324601001,MFX003NM220     ,MAXIFORM TUBO - MAQUINA FORMADORA DE DOCES                                                ,1,20260221,20260301,DA1202          ,2,2,2,0
03324601001,MFX003NM220     ,MAXIFORM TUBO - MAQUINA FORMADORA DE DOCES                                                ,1,20260221,20260301,DA1203          ,2,2,2,0
03324601001,MFX003NM220     ,MAXIFORM TUBO - MAQUINA FORMADORA DE DOCES                                                ,1,20260221,20260301,DA1206          ,1,1,1,0
03324601001,MFX003NM220     ,MAXIFORM TUBO - MAQUINA FORMADORA DE DOCES                                                ,1,20260221,20260301,DA1299          ,1,1,1,0
03324601001,MFX003NM220     ,MAXIFORM TUBO - MAQUINA FORMADORA DE DOCES                                                ,1,20260221,20260301,DA1304          ,1,1,1,0
03324601001,MFX003NM220     ,MAXIFORM TUBO - MAQUINA FORMADORA DE DOCES                                                ,1,20260221,20260301,DA1336          ,1,1,1,0
03324601001,MFX003NM220     ,MAXIFORM TUBO - MAQUINA FORMADORA DE DOCES                                                ,1,20260221,20260301,DA1337          ,1,1,1,0
03324601001,MFX003NM220     ,MAXIFORM TUBO - MAQUINA FORMADORA DE DOCES                                                ,1,20260221,20260301,DA4921          ,1,1,1,0
03324601001,MFX003NM220     ,MAXIFORM TUBO - MAQUINA FORMADORA DE DOCES                                                ,1,20260221,20260301,DA4925          ,1,1,1,0
03324601001,MFX003NM220     ,MAXIFORM TUBO - MAQUINA FORMADORA DE DOCES                                                ,1,20260221,20260301,DB2100          ,1,1,1,0
03324601001,MFX003NM220     ,MAXIFORM TUBO - MAQUINA FORMADORA DE DOCES                                                ,1,20260221,20260301,PR0014          ,1,1,1,0
03324601001,MFX003NM220     ,MAXIFORM TUBO - MAQUINA FORMADORA DE DOCES                                                ,1,20260221,20260301,PR0152          ,1,1,1,0
03324601002,DB0165          ,SISTEMA SOBE DESCE TUBO 90º 1:20 40W                        ,1,20260221,20260301,NA2387          ,2,2,2,0
03324701001,PR0014          ,MONTAGEM DA ESTEIRA TUBO 3.0 (DA1300)                                                     ,1,20260221,20260301,DA1122          ,2,2,2,0
03324701001,PR0014          ,MONTAGEM DA ESTEIRA TUBO 3.0 (DA1300)                                                     ,1,20260221,20260301,DA1128          ,1,1,1,0
03324701001,PR0014          ,MONTAGEM DA ESTEIRA TUBO 3.0 (DA1300)                                                     ,1,20260221,20260301,DA1133          ,2,2,2,0
03324701001,PR0014          ,MONTAGEM DA ESTEIRA TUBO 3.0 (DA1300)                                                     ,1,20260221,20260301,DA1301          ,1,1,1,0
03324701001,PR0014          ,MONTAGEM DA ESTEIRA TUBO 3.0 (DA1300)                                                     ,1,20260221,20260301,DA1307          ,1,1,1,0
03324701001,PR0014          ,MONTAGEM DA ESTEIRA TUBO 3.0 (DA1300)                                                     ,1,20260221,20260301,DA2705          ,1,1,1,0
03324701001,PR0014          ,MONTAGEM DA ESTEIRA TUBO 3.0 (DA1300)                                                     ,1,20260221,20260301,DA4841          ,1,1,1,0
03324701001,PR0014          ,MONTAGEM DA ESTEIRA TUBO 3.0 (DA1300)                                                     ,1,20260221,20260301,DA4924          ,1,1,1,0
03324701001,PR0014          ,MONTAGEM DA ESTEIRA TUBO 3.0 (DA1300)                                                     ,1,20260221,20260301,S40003          ,2,2,1,1
03324901001,PR0150          ,PAINEL DE COMANDO TUBO 3.0 CE (DA2816)                                                    ,1,20260221,20260301,DA3935          ,1,1,1,0
03324901001,PR0150          ,PAINEL DE COMANDO TUBO 3.0 CE (DA2816)                                                    ,1,20260221,20260301,DA4071          ,1,1,1,0
03324901001,PR0150          ,PAINEL DE COMANDO TUBO 3.0 CE (DA2816)                                                    ,1,20260221,20260301,DA4076          ,1,1,1,0
03324901001,PR0150          ,PAINEL DE COMANDO TUBO 3.0 CE (DA2816)                                                    ,1,20260221,20260301,SERV-PR0150     ,1,1,1,0
03325001001,PR0151          ,PAINEL ELETRICO TUBO 3.0 - CE (DA3930)                                                    ,1,20260221,20260301,DA3381          ,1,1,1,0
03325001001,PR0151          ,PAINEL ELETRICO TUBO 3.0 - CE (DA3930)                                                    ,1,20260221,20260301,DA3933          ,1,1,1,0
03325001001,PR0151          ,PAINEL ELETRICO TUBO 3.0 - CE (DA3930)                                                    ,1,20260221,20260301,SERV-PR0151     ,1,1,1,0
03325101001,MFX003CM220     ,MAXIFORM TUBO - MAQUINA FORMADORA DE DOCES                                                ,1,20260221,20260301,15204           ,1,1,1,0
03325101001,MFX003CM220     ,MAXIFORM TUBO - MAQUINA FORMADORA DE DOCES                                                ,1,20260221,20260301,15205           ,2,2,2,0
03325101001,MFX003CM220     ,MAXIFORM TUBO - MAQUINA FORMADORA DE DOCES                                                ,1,20260221,20260301,15451           ,1,1,1,0
03325101001,MFX003CM220     ,MAXIFORM TUBO - MAQUINA FORMADORA DE DOCES                                                ,1,20260221,20260301,15452           ,1,1,1,0
03325101001,MFX003CM220     ,MAXIFORM TUBO - MAQUINA FORMADORA DE DOCES                                                ,1,20260221,20260301,15453           ,2,2,2,0
03325101001,MFX003CM220     ,MAXIFORM TUBO - MAQUINA FORMADORA DE DOCES                                                ,1,20260221,20260301,15517           ,3,3,3,0
03325101001,MFX003CM220     ,MAXIFORM TUBO - MAQUINA FORMADORA DE DOCES                                                ,1,20260221,20260301,DA0830          ,1,1,1,0
03325101001,MFX003CM220     ,MAXIFORM TUBO - MAQUINA FORMADORA DE DOCES                                                ,1,20260221,20260301,DA0954          ,1,1,1,0
03325101001,MFX003CM220     ,MAXIFORM TUBO - MAQUINA FORMADORA DE DOCES                                                ,1,20260221,20260301,DA0955          ,2,2,2,0
03325101001,MFX003CM220     ,MAXIFORM TUBO - MAQUINA FORMADORA DE DOCES                                                ,1,20260221,20260301,DA0962          ,1,1,1,0
03325101001,MFX003CM220     ,MAXIFORM TUBO - MAQUINA FORMADORA DE DOCES                                                ,1,20260221,20260301,DA0963          ,1,1,1,0
03325101001,MFX003CM220     ,MAXIFORM TUBO - MAQUINA FORMADORA DE DOCES                                                ,1,20260221,20260301,DA0966          ,1,1,1,0
03325101001,MFX003CM220     ,MAXIFORM TUBO - MAQUINA FORMADORA DE DOCES                                                ,1,20260221,20260301,DA0967          ,1,1,1,0
03325101001,MFX003CM220     ,MAXIFORM TUBO - MAQUINA FORMADORA DE DOCES                                                ,1,20260221,20260301,DA0969          ,2,2,2,0
03325101001,MFX003CM220     ,MAXIFORM TUBO - MAQUINA FORMADORA DE DOCES                                                ,1,20260221,20260301,DA1001          ,2,2,2,0
03325101001,MFX003CM220     ,MAXIFORM TUBO - MAQUINA FORMADORA DE DOCES                                                ,1,20260221,20260301,DA1003          ,2,2,2,0
03325101001,MFX003CM220     ,MAXIFORM TUBO - MAQUINA FORMADORA DE DOCES                                                ,1,20260221,20260301,DA1004          ,1,1,1,0
03325101001,MFX003CM220     ,MAXIFORM TUBO - MAQUINA FORMADORA DE DOCES                                                ,1,20260221,20260301,DA1006          ,1,1,1,0
03325101001,MFX003CM220     ,MAXIFORM TUBO - MAQUINA FORMADORA DE DOCES                                                ,1,20260221,20260301,DA1009          ,1,1,1,0
03325101001,MFX003CM220     ,MAXIFORM TUBO - MAQUINA FORMADORA DE DOCES                                                ,1,20260221,20260301,DA1013          ,2,2,2,0
03325101001,MFX003CM220     ,MAXIFORM TUBO - MAQUINA FORMADORA DE DOCES                                                ,1,20260221,20260301,DA1024          ,2,2,2,0
03325101001,MFX003CM220     ,MAXIFORM TUBO - MAQUINA FORMADORA DE DOCES                                                ,1,20260221,20260301,DA1037          ,1,1,1,0
03325101001,MFX003CM220     ,MAXIFORM TUBO - MAQUINA FORMADORA DE DOCES                                                ,1,20260221,20260301,DA1038          ,1,1,1,0
03325101001,MFX003CM220     ,MAXIFORM TUBO - MAQUINA FORMADORA DE DOCES                                                ,1,20260221,20260301,DA1100          ,2,2,2,0
03325101001,MFX003CM220     ,MAXIFORM TUBO - MAQUINA FORMADORA DE DOCES                                                ,1,20260221,20260301,DA1101          ,2,2,2,0
03325101001,MFX003CM220     ,MAXIFORM TUBO - MAQUINA FORMADORA DE DOCES                                                ,1,20260221,20260301,DA1105          ,2,2,2,0
03325101001,MFX003CM220     ,MAXIFORM TUBO - MAQUINA FORMADORA DE DOCES                                                ,1,20260221,20260301,DA1135          ,1,1,1,0
03325101001,MFX003CM220     ,MAXIFORM TUBO - MAQUINA FORMADORA DE DOCES                                                ,1,20260221,20260301,DA1136          ,2,2,2,0
03325101001,MFX003CM220     ,MAXIFORM TUBO - MAQUINA FORMADORA DE DOCES                                                ,1,20260221,20260301,DA1139          ,1,1,1,0
03325101001,MFX003CM220     ,MAXIFORM TUBO - MAQUINA FORMADORA DE DOCES                                                ,1,20260221,20260301,DA1186          ,2,2,2,0
03325101001,MFX003CM220     ,MAXIFORM TUBO - MAQUINA FORMADORA DE DOCES                                                ,1,20260221,20260301,DA1191          ,1,1,1,0
03325101001,MFX003CM220     ,MAXIFORM TUBO - MAQUINA FORMADORA DE DOCES                                                ,1,20260221,20260301,DA1192          ,2,2,2,0
03325101001,MFX003CM220     ,MAXIFORM TUBO - MAQUINA FORMADORA DE DOCES                                                ,1,20260221,20260301,DA1201          ,2,2,2,0
03325101001,MFX003CM220     ,MAXIFORM TUBO - MAQUINA FORMADORA DE DOCES                                                ,1,20260221,20260301,DA1202          ,2,2,2,0
03325101001,MFX003CM220     ,MAXIFORM TUBO - MAQUINA FORMADORA DE DOCES                                                ,1,20260221,20260301,DA1203          ,2,2,2,0
03325101001,MFX003CM220     ,MAXIFORM TUBO - MAQUINA FORMADORA DE DOCES                                                ,1,20260221,20260301,DA1206          ,1,1,1,0
03325101001,MFX003CM220     ,MAXIFORM TUBO - MAQUINA FORMADORA DE DOCES                                                ,1,20260221,20260301,DA1304          ,1,1,1,0
03325101001,MFX003CM220     ,MAXIFORM TUBO - MAQUINA FORMADORA DE DOCES                                                ,1,20260221,20260301,DA1336          ,1,1,1,0
03325101001,MFX003CM220     ,MAXIFORM TUBO - MAQUINA FORMADORA DE DOCES                                                ,1,20260221,20260301,DA1337          ,1,1,1,0
03325101001,MFX003CM220     ,MAXIFORM TUBO - MAQUINA FORMADORA DE DOCES                                                ,1,20260221,20260301,DA2359          ,1,1,1,0
03325101001,MFX003CM220     ,MAXIFORM TUBO - MAQUINA FORMADORA DE DOCES                                                ,1,20260221,20260301,DA3932          ,1,1,1,0
03325101001,MFX003CM220     ,MAXIFORM TUBO - MAQUINA FORMADORA DE DOCES                                                ,1,20260221,20260301,DA4921          ,1,1,1,0
03325101001,MFX003CM220     ,MAXIFORM TUBO - MAQUINA FORMADORA DE DOCES                                                ,1,20260221,20260301,DA8763          ,1,1,1,0
03325101001,MFX003CM220     ,MAXIFORM TUBO - MAQUINA FORMADORA DE DOCES                                                ,1,20260221,20260301,DB2100          ,1,1,1,0
03325101001,MFX003CM220     ,MAXIFORM TUBO - MAQUINA FORMADORA DE DOCES                                                ,1,20260221,20260301,DB3936          ,1,1,1,0
03325101001,MFX003CM220     ,MAXIFORM TUBO - MAQUINA FORMADORA DE DOCES                                                ,1,20260221,20260301,NA1569          ,1,1,1,0
03325101001,MFX003CM220     ,MAXIFORM TUBO - MAQUINA FORMADORA DE DOCES                                                ,1,20260221,20260301,NA1809          ,1,1,1,0
03325101001,MFX003CM220     ,MAXIFORM TUBO - MAQUINA FORMADORA DE DOCES                                                ,1,20260221,20260301,NA3334          ,1,1,1,0
03325101001,MFX003CM220     ,MAXIFORM TUBO - MAQUINA FORMADORA DE DOCES                                                ,1,20260221,20260301,PR0150          ,1,1,1,0
03325101001,MFX003CM220     ,MAXIFORM TUBO - MAQUINA FORMADORA DE DOCES                                                ,1,20260221,20260301,PR0151          ,1,1,1,0
03325101004,DB0165          ,SISTEMA SOBE DESCE TUBO 90º 1:20 40W                        ,1,20260221,20260301,DA1030          ,1,1,1,0
03325101004,DB0165          ,SISTEMA SOBE DESCE TUBO 90º 1:20 40W                        ,1,20260221,20260301,DA1031          ,1,1,1,0
03325101004,DB0165          ,SISTEMA SOBE DESCE TUBO 90º 1:20 40W                        ,1,20260221,20260301,DA1032          ,1,1,1,0
03325101004,DB0165          ,SISTEMA SOBE DESCE TUBO 90º 1:20 40W                        ,1,20260221,20260301,DA5798          ,1,1,1,0
03325101004,DB0165          ,SISTEMA SOBE DESCE TUBO 90º 1:20 40W                        ,1,20260221,20260301,NA2387          ,2,2,2,0
03325101005,PR0014          ,MONTAGEM DA ESTEIRA TUBO 3.0 (DA1300)                       ,1,20260221,20260301,DA1122          ,2,2,2,0
03325101005,PR0014          ,MONTAGEM DA ESTEIRA TUBO 3.0 (DA1300)                       ,1,20260221,20260301,DA1128          ,1,1,1,0
03325101005,PR0014          ,MONTAGEM DA ESTEIRA TUBO 3.0 (DA1300)                       ,1,20260221,20260301,DA1133          ,2,2,2,0
03325101005,PR0014          ,MONTAGEM DA ESTEIRA TUBO 3.0 (DA1300)                       ,1,20260221,20260301,DA1301          ,1,1,1,0
03325101005,PR0014          ,MONTAGEM DA ESTEIRA TUBO 3.0 (DA1300)                       ,1,20260221,20260301,DA1307          ,1,1,1,0
03325101005,PR0014          ,MONTAGEM DA ESTEIRA TUBO 3.0 (DA1300)                       ,1,20260221,20260301,DA2704          ,1,1,1,0
03325101005,PR0014          ,MONTAGEM DA ESTEIRA TUBO 3.0 (DA1300)                       ,1,20260221,20260301,DA2705          ,1,1,1,0
03325101005,PR0014          ,MONTAGEM DA ESTEIRA TUBO 3.0 (DA1300)                       ,1,20260221,20260301,DA4841          ,1,1,1,0
03325101005,PR0014          ,MONTAGEM DA ESTEIRA TUBO 3.0 (DA1300)                       ,1,20260221,20260301,DA4924          ,1,1,1,0
03325101005,PR0014          ,MONTAGEM DA ESTEIRA TUBO 3.0 (DA1300)                       ,1,20260221,20260301,NA0820          ,1,1,1,0
03325101005,PR0014          ,MONTAGEM DA ESTEIRA TUBO 3.0 (DA1300)                       ,1,20260221,20260301,S40003          ,2,2,2,0
03325201001,DB2100          ,SISTEMA CAVALETE TUBO 3.0                                                                 ,1,20260221,20260301,DA1234          ,1,1,1,0
03325201001,DB2100          ,SISTEMA CAVALETE TUBO 3.0                                                                 ,1,20260221,20260301,DA1256          ,1,1,1,0
03325201001,DB2100          ,SISTEMA CAVALETE TUBO 3.0                                                                 ,1,20260221,20260301,DA4922          ,1,1,1,0
03325201001,DB2100          ,SISTEMA CAVALETE TUBO 3.0                                                                 ,1,20260221,20260301,NA1574          ,2,2,2,0
03333101001,CM102           ,SISTEMA MASSSA DULY/LILY - NR12 (DA6094)                                                  ,1,20260403,20260411,KF109-02        ,1,1,1,0
03333601001,CM112           ,SISTEMA MASSA - CE (DB1590)                                                               ,1,20260403,20260411,KF109-02        ,1,1,1,0
03336201001,MFX098CM220     ,MAXIFORM LUNA - MAQUINA FORMADORA/RECHEADORA - CE                                         ,1,20260413,20260421,DB0286          ,1,1,1,0
03336201001,MFX098CM220     ,MAXIFORM LUNA - MAQUINA FORMADORA/RECHEADORA - CE                                         ,1,20260413,20260421,DB0390          ,6,6,1,5
03336201001,MFX098CM220     ,MAXIFORM LUNA - MAQUINA FORMADORA/RECHEADORA - CE                                         ,1,20260413,20260421,NA3178          ,1,1,1,0
03336401002,CM484           ,SISTEMA RECHEIO LILY NR12 (DB1999)                          ,1,20260413,20260421,15805           ,2,2,2,0
03336401005,CM489           ,SISTEMA ESTRUTURA (DB1893)                                  ,1,20260413,20260421,KF624           ,1,1,1,0
03336401005,CM489           ,SISTEMA ESTRUTURA (DB1893)                                  ,1,20260413,20260421,KF626           ,1,1,1,0
03336401005,CM489           ,SISTEMA ESTRUTURA (DB1893)                                  ,1,20260413,20260421,NA2387          ,2,2,2,0
03336401007,CM490           ,SISTEMA ESTEIRA LONGA (DB1848)                              ,1,20260413,20260421,KF627           ,1,1,1,0
03336401023,DB3595          ,"SISTEMA SOBE DESCE 90º 1:14,33 0,25KW SEW                   ",1,20260413,20260421,DA5799          ,1,1,1,0
03337101001,MFX166NM220     ,MAXIFORM BIG 6.0 MKR MOLDELADORA RECHEADORA DE DOCES E SALGADOS NR12                      ,1,20260413,20260421,DB3596          ,1,1,1,0
03337101003,DA6178          ,SISTEMA ESTRUTURA                                           ,1,20260413,20260421,KF766           ,1,1,1,0
03337101003,DA6178          ,SISTEMA ESTRUTURA                                           ,1,20260413,20260421,NA2387          ,2,2,2,0
03337101004,DB3599          ,SISTEMA RECHEIO BIG 6.0 NR12 SEW                            ,1,20260413,20260421,15805           ,2,2,2,0
03337101004,DB3599          ,SISTEMA RECHEIO BIG 6.0 NR12 SEW                            ,1,20260413,20260421,KF146           ,1,1,1,0
03337101004,DB3599          ,SISTEMA RECHEIO BIG 6.0 NR12 SEW                            ,1,20260413,20260421,KF148           ,1,1,1,0
03337101004,DB3599          ,SISTEMA RECHEIO BIG 6.0 NR12 SEW                            ,1,20260413,20260421,KF149-01        ,1,1,1,0
03337101009,DB3595          ,"SISTEMA SOBE DESCE 90º 1:14,33 0,25KW SEW                   ",1,20260413,20260421,DA5799          ,1,1,1,0
03337101011,PR0308          ,SUBCONJUNTO PRATO EXTERNO SEM CANAL M16                     ,1,20260413,20260421,DB3936          ,1,1,1,0
03338101001,MFX086NM220     ,MAXIFORM DUE 10.0 - MAQUINA FORMADORA/RECHEADORA - NR12                                   ,1,20260413,20260421,DB5677          ,1,1,1,0
03338101002,CM434           ,SISTEMA ESTRUTURA - BIG 10 - NR12 / CE (DA6403)             ,1,20260413,20260421,KF419-01        ,1,1,1,0
03338101002,CM434           ,SISTEMA ESTRUTURA - BIG 10 - NR12 / CE (DA6403)             ,1,20260413,20260421,KF421-01        ,1,1,1,0
03338101002,CM434           ,SISTEMA ESTRUTURA - BIG 10 - NR12 / CE (DA6403)             ,1,20260413,20260421,NA2387          ,2,2,2,0
03338101005,CM610           ,SISTEMA RECHEIO FUNIL (DA7683 + DB2027)                     ,1,20260413,20260421,15805           ,4,4,4,0
03338101005,CM610           ,SISTEMA RECHEIO FUNIL (DA7683 + DB2027)                     ,1,20260413,20260421,DA7687          ,1,1,1,0
03338101005,CM610           ,SISTEMA RECHEIO FUNIL (DA7683 + DB2027)                     ,1,20260413,20260421,DA7718          ,1,1,1,0
03338101005,CM610           ,SISTEMA RECHEIO FUNIL (DA7683 + DB2027)                     ,1,20260413,20260421,KF463-01        ,1,1,1,0
03338101005,CM610           ,SISTEMA RECHEIO FUNIL (DA7683 + DB2027)                     ,1,20260413,20260421,KF637-02        ,1,1,1,0
03338101009,DB4325          ,"SISTEMA MOLDE FORMADOR NR12 1:10 0,25KW M16                 ",1,20260413,20260421,DA5799          ,1,1,1,0
03339001001,MFX090NM220     ,MAXIFORM DOLCELYX - MAQUINA FORMADORA - NR12                                              ,1,20260413,20260421,OP117           ,1,1,1,0
03343801002,CM335           ,SISTEMA INTERNO (DB1393 + DB1417 + DB1436)                  ,1,20260420,20260428,KF376           ,1,1,1,0
03343801003,CM336           ,SISTEMA CORTE A FIO (DB1422)                                ,1,20260420,20260428,KF377           ,1,1,1,0
03343801005,CM337           ,SISTEMA ESTERIA (DB1403)                                    ,1,20260420,20260428,KF380           ,1,1,1,0
03343801005,CM337           ,SISTEMA ESTERIA (DB1403)                                    ,1,20260420,20260428,KF381-02        ,1,1,1,0
03343801006,CM338           ,SISTEMA ESTRUTURA (DB1364)                                  ,1,20260420,20260428,DB1365          ,1,1,1,0
03343801006,CM338           ,SISTEMA ESTRUTURA (DB1364)                                  ,1,20260420,20260428,DB1382          ,1,1,1,0
03343801006,CM338           ,SISTEMA ESTRUTURA (DB1364)                                  ,1,20260420,20260428,KF382           ,1,1,1,0
03344201008,DB1445          ,CONJUNTO CABECOTE MASSA                                     ,1,20260420,20260428,KF373-02        ,1,1,1,0
03344201008,DB1445          ,CONJUNTO CABECOTE MASSA                                     ,1,20260420,20260428,KF374           ,1,1,1,0
03348101001,DB2690          ,PLACA CONTROLADORA PWM 24VDC V2.0 (BRALYX)                  ,37,20260324,20260401,SERV-DB2690     ,37,37,37,0
03348301001,DB3934          ,CONJUNTO DISPLAY LCD COM BARRA DE PINOS                     ,6,20260413,20260415,SERV-DB3934     ,6,6,6,0
03348401001,DB4850          ,PLACA TECLADO MODELADORA BRALYX ESTEIRA E PARADA DE PROCESSO,15,20260324,20260401,SERV-DB4850     ,15,15,15,0
03348501001,DB6461          ,PLACA DRIVE MOTOR BRFRFY COM RELE INTERMEDIARIA             ,5,20260413,20260415,SERV-DB6461     ,5,5,5,0
03350901001,DB6461          ,PLACA DRIVE MOTOR BRFRFY COM RELE INTERMEDIARIA             ,5,20260221,20260221,SERV-DB6461     ,5,5,5,0
03351301001,DA8653          ,CONJUNTO BOMBA MAIOR                                        ,2,20260221,20260221,DA2445          ,8,8,2,8
03351301001,DA8653          ,CONJUNTO BOMBA MAIOR                                        ,2,20260221,20260221,DA4261          ,2,2,2,0
03351301001,DA8653          ,CONJUNTO BOMBA MAIOR                                        ,2,20260221,20260221,KF337           ,2,2,2,0
03353401001,DB0431          ,SISTEMA AUTOMACAO ELETRICA EMPANAMIX PLUS CHAPADA CE                                      ,1,20260307,20260315,KF219           ,1,1,1,0
03353401001,DB0431          ,SISTEMA AUTOMACAO ELETRICA EMPANAMIX PLUS CHAPADA CE                                      ,1,20260307,20260315,NA2555          ,1,1,1,0
03353901001,HTX022CM220     ,HOTMIXER 35 L INOX - MASSEIRA PLANETARIA PARA SALGADOS E/OU DOCES                         ,1,20260227,20260307,DA5940          ,1,1,1,0
03353901001,HTX022CM220     ,HOTMIXER 35 L INOX - MASSEIRA PLANETARIA PARA SALGADOS E/OU DOCES                         ,1,20260227,20260307,DB3104          ,1,1,1,0
03353901002,CM533           ,SISTEMA CABECOTE PLANETARIO - HOT 35L - NR12 / CE (DA5905)  ,1,20260227,20260307,NA3108          ,1,1,1,0
03353901007,DB3018          ,CONJUNTO INJETORES HOTMIXER 35L CE                          ,1,20260227,20260307,DB3005          ,1,1,1,0
03353901009,DB6227          ,SISTEMA ESTRUTURA HOT 35L CE                                ,1,20260227,20260307,KF907           ,1,1,1,0
03353901010,DB7362          ,SISTEMA AUTOMACAO ELETRICA HOTMIXER 35L (MITSUBISHI) GAS INO,1,20260227,20260307,DB6232          ,1,1,1,0
03353901010,DB7362          ,SISTEMA AUTOMACAO ELETRICA HOTMIXER 35L (MITSUBISHI) GAS INO,1,20260227,20260307,SERV-DB7362     ,1,1,1,0
03354201001,DB7559          ,SISTEMA AUTOMACAO ELETRICA MAXIFORM MFX198NM220 NR12                                      ,1,20260303,20260311,DB7295          ,1,1,1,0
03354201001,DB7559          ,SISTEMA AUTOMACAO ELETRICA MAXIFORM MFX198NM220 NR12                                      ,1,20260303,20260311,NA2179          ,4,4,3,4
03354201001,DB7559          ,SISTEMA AUTOMACAO ELETRICA MAXIFORM MFX198NM220 NR12                                      ,1,20260303,20260311,SERV-BRX0001012 ,1,1,1,0
03354301001,MFX198NM220     ,MAXIFORM MFX198NM220 NR12                                                                 ,1,20260303,20260311,DB7559          ,1,1,1,0
03354301002,DB7553          ,SISTEMA ESTRUTURA MAXIFORM MFX198NM220 NR12                 ,1,20260303,20260311,KF914           ,1,1,1,0
03354301002,DB7553          ,SISTEMA ESTRUTURA MAXIFORM MFX198NM220 NR12                 ,1,20260303,20260311,NA4189          ,4,4,4,0
03354301003,DB7554          ,SISTEMA MASSA RECHEIO MAXIFORM MFX198NM220 NR12             ,1,20260303,20260311,DB6666          ,1,1,1,0
03354301003,DB7554          ,SISTEMA MASSA RECHEIO MAXIFORM MFX198NM220 NR12             ,1,20260303,20260311,DB7644          ,2,2,2,0
03354301003,DB7554          ,SISTEMA MASSA RECHEIO MAXIFORM MFX198NM220 NR12             ,1,20260303,20260311,KF901           ,1,1,1,0
03354301003,DB7554          ,SISTEMA MASSA RECHEIO MAXIFORM MFX198NM220 NR12             ,1,20260303,20260311,NA4187          ,4,4,4,0
03354301003,DB7554          ,SISTEMA MASSA RECHEIO MAXIFORM MFX198NM220 NR12             ,1,20260303,20260311,NA4395          ,2,2,2,0
03354301004,DB7558          ,SISTEMA SIMPLES RECHEIO MAXIFORM MFX198NM220 NR12           ,1,20260303,20260311,DB6597          ,1,1,1,0
03354301004,DB7558          ,SISTEMA SIMPLES RECHEIO MAXIFORM MFX198NM220 NR12           ,1,20260303,20260311,DB6604          ,1,1,1,0
03354301004,DB7558          ,SISTEMA SIMPLES RECHEIO MAXIFORM MFX198NM220 NR12           ,1,20260303,20260311,DB6605          ,1,1,1,0
03354301005,DB7560          ,"SISTEMA MOLDE FORMADOR NR12 1:20 0,25KW MFX198              ",1,20260303,20260311,DB6667          ,1,1,1,0
03354301005,DB7560          ,"SISTEMA MOLDE FORMADOR NR12 1:20 0,25KW MFX198              ",1,20260303,20260311,DB6675          ,1,1,1,0
03354301005,DB7560          ,"SISTEMA MOLDE FORMADOR NR12 1:20 0,25KW MFX198              ",1,20260303,20260311,DB6691          ,2,2,1,2
03354301005,DB7560          ,"SISTEMA MOLDE FORMADOR NR12 1:20 0,25KW MFX198              ",1,20260303,20260311,DB6694          ,3,3,3,0
03354301005,DB7560          ,"SISTEMA MOLDE FORMADOR NR12 1:20 0,25KW MFX198              ",1,20260303,20260311,DB7480          ,1,1,1,0
03354301005,DB7560          ,"SISTEMA MOLDE FORMADOR NR12 1:20 0,25KW MFX198              ",1,20260303,20260311,DB7632          ,1,1,1,0
03354701001,DA9052          ,SISTEMA FORMADOR Ø35 SPINNING 400                                                         ,1,20260305,20260313,DA4403          ,1,1,1,0
03354701001,DA9052          ,SISTEMA FORMADOR Ø35 SPINNING 400                                                         ,1,20260305,20260313,DA4406          ,1,1,1,0
03354701001,DA9052          ,SISTEMA FORMADOR Ø35 SPINNING 400                                                         ,1,20260305,20260313,DA5499          ,1,1,1,0
03354701001,DA9052          ,SISTEMA FORMADOR Ø35 SPINNING 400                                                         ,1,20260305,20260313,DB7135          ,1,1,1,0
03354801001,DA9051          ,SISTEMA FORMADOR Ø30 SPINNING 400                                                         ,1,20260305,20260313,DA3249          ,1,1,1,0
03354801001,DA9051          ,SISTEMA FORMADOR Ø30 SPINNING 400                                                         ,1,20260305,20260313,DB7133          ,1,1,1,0
03360301001,DB6211          ,SISTEMA AUTOMACAO ELETRICA LUNA TECH 2025 NR12                                            ,1,20260308,20260316,DB6528          ,1,1,1,0
03360401001,DB6211          ,SISTEMA AUTOMACAO ELETRICA LUNA TECH 2025 NR12                                            ,1,20260308,20260316,DB6528          ,1,1,1,0
03360501001,DB6211          ,SISTEMA AUTOMACAO ELETRICA LUNA TECH 2025 NR12                                            ,1,20260308,20260316,DB6528          ,1,1,1,0
03360601001,DB6211          ,SISTEMA AUTOMACAO ELETRICA LUNA TECH 2025 NR12                                            ,1,20260308,20260316,DB6528          ,1,1,1,0
03360701001,DB6211          ,SISTEMA AUTOMACAO ELETRICA LUNA TECH 2025 NR12                                            ,1,20260308,20260316,DB6528          ,1,1,1,0
03360801001,DB6211          ,SISTEMA AUTOMACAO ELETRICA LUNA TECH 2025 NR12                                            ,1,20260308,20260316,DB6528          ,1,1,1,0
03360901001,DB6211          ,SISTEMA AUTOMACAO ELETRICA LUNA TECH 2025 NR12                                            ,1,20260308,20260316,DB6528          ,1,1,1,0
03361001001,DB6211          ,SISTEMA AUTOMACAO ELETRICA LUNA TECH 2025 NR12                                            ,1,20260308,20260316,DB6528          ,1,1,1,0
03361101001,DB6211          ,SISTEMA AUTOMACAO ELETRICA LUNA TECH 2025 NR12                                            ,1,20260308,20260316,DB6528          ,1,1,1,0
03361201001,DB6211          ,SISTEMA AUTOMACAO ELETRICA LUNA TECH 2025 NR12                                            ,1,20260308,20260316,DB6528          ,1,1,1,0
03361301001,DB4850          ,PLACA TECLADO MODELADORA BRALYX ESTEIRA E PARADA DE PROCESSO,13,20260308,20260315,SERV-DB4850     ,13,13,13,0
03361501001,DB5286          ,PLACA CPU CONTROLADORA BRALYX V2.0                                                        ,30,20260308,20260316,SERV-DB5286     ,30,30,30,0
03362001001,DB2009          ,SISTEMA AUTOMACAO ELETRICA MAXIFORM BABY TUBO CE                                          ,1,20260320,20260328,DA1433          ,1,1,1,0
03362001001,DB2009          ,SISTEMA AUTOMACAO ELETRICA MAXIFORM BABY TUBO CE                                          ,1,20260320,20260328,NA1777          ,1,1,1,0
03362001001,DB2009          ,SISTEMA AUTOMACAO ELETRICA MAXIFORM BABY TUBO CE                                          ,1,20260320,20260328,NA2179          ,4,4,2,4
03362001001,DB2009          ,SISTEMA AUTOMACAO ELETRICA MAXIFORM BABY TUBO CE                                          ,1,20260320,20260328,NA2557          ,1,1,1,0
03362001001,DB2009          ,SISTEMA AUTOMACAO ELETRICA MAXIFORM BABY TUBO CE                                          ,1,20260320,20260328,SERV-DB2009     ,1,1,1,0
03362801001,DB3014          ,MOLDE ESFIHA MEIA LUA 80X60MM DUPLO                                                       ,1,20260312,20260320,DB3013          ,1,1,1,0
03363501001,15620U          ,BOCAL DO CABECOTE - USINADO                                                               ,50,20260313,20260321,SERV-15620U     ,50,50,50,0
03363701001,DB2009          ,SISTEMA AUTOMACAO ELETRICA MAXIFORM BABY TUBO CE                                          ,1,20260911,20260919,DA1433          ,1,1,1,0
03363701001,DB2009          ,SISTEMA AUTOMACAO ELETRICA MAXIFORM BABY TUBO CE                                          ,1,20260911,20260919,NA1777          ,1,1,1,0
03363701001,DB2009          ,SISTEMA AUTOMACAO ELETRICA MAXIFORM BABY TUBO CE                                          ,1,20260911,20260919,SERV-DB2009     ,1,1,1,0
03363801001,DB2009          ,SISTEMA AUTOMACAO ELETRICA MAXIFORM BABY TUBO CE                                          ,1,20260313,20260321,SERV-DB2009     ,1,1,1,0
03364901001,MFX001CM220     ,MAXIFORM BABY TUBO 5.0 - MAQ. FORMADORA/RECHEADORA P/ DOCES/                              ,1,20260314,20260322,CM465           ,1,1,1,0
03364901001,MFX001CM220     ,MAXIFORM BABY TUBO 5.0 - MAQ. FORMADORA/RECHEADORA P/ DOCES/                              ,1,20260314,20260322,CM479           ,1,1,1,0
03364901001,MFX001CM220     ,MAXIFORM BABY TUBO 5.0 - MAQ. FORMADORA/RECHEADORA P/ DOCES/                              ,1,20260314,20260322,DB5709          ,1,1,1,0
03364901001,MFX001CM220     ,MAXIFORM BABY TUBO 5.0 - MAQ. FORMADORA/RECHEADORA P/ DOCES/                              ,1,20260314,20260322,PR0120          ,1,1,1,0
03364901002,CM465           ,ESTRUTURA E MOLDE BABY TUBO (DB5066+DB7409)                 ,1,20260314,20260322,DB7412          ,1,1,1,0
03364901004,CM479           ,SISTEMA RECHEIO BABY TUBO ( DB2012)                         ,1,20260314,20260322,15603           ,1,1,1,0
03364901004,CM479           ,SISTEMA RECHEIO BABY TUBO ( DB2012)                         ,1,20260314,20260322,DA1242          ,1,1,1,0
03364901004,CM479           ,SISTEMA RECHEIO BABY TUBO ( DB2012)                         ,1,20260314,20260322,KF146           ,1,1,1,0
03364901005,DB4896          ,CONJUNTO HELICE FUNIL RECHEIO                               ,1,20260314,20260322,DB4898          ,2,2,2,0
03364901005,DB4896          ,CONJUNTO HELICE FUNIL RECHEIO                               ,1,20260314,20260322,DB4899          ,1,1,1,0
03364901006,DB5709          ,SISTEMA MASSA TUBO HORIZONTAL USINADO ROLAMENTADO           ,1,20260314,20260322,10109           ,1,1,1,0
03364901006,DB5709          ,SISTEMA MASSA TUBO HORIZONTAL USINADO ROLAMENTADO           ,1,20260314,20260322,16722           ,1,1,1,0
03364901006,DB5709          ,SISTEMA MASSA TUBO HORIZONTAL USINADO ROLAMENTADO           ,1,20260314,20260322,16739           ,2,2,1,2
03364901006,DB5709          ,SISTEMA MASSA TUBO HORIZONTAL USINADO ROLAMENTADO           ,1,20260314,20260322,DB4370          ,1,1,1,0
03364901006,DB5709          ,SISTEMA MASSA TUBO HORIZONTAL USINADO ROLAMENTADO           ,1,20260314,20260322,DB4381          ,1,1,1,0
03364901006,DB5709          ,SISTEMA MASSA TUBO HORIZONTAL USINADO ROLAMENTADO           ,1,20260314,20260322,DB4383          ,1,1,1,0
03364901006,DB5709          ,SISTEMA MASSA TUBO HORIZONTAL USINADO ROLAMENTADO           ,1,20260314,20260322,DB4409          ,1,1,1,0
03364901006,DB5709          ,SISTEMA MASSA TUBO HORIZONTAL USINADO ROLAMENTADO           ,1,20260314,20260322,DB5628          ,1,1,1,0
03364901006,DB5709          ,SISTEMA MASSA TUBO HORIZONTAL USINADO ROLAMENTADO           ,1,20260314,20260322,DB5702          ,1,1,1,0
03364901006,DB5709          ,SISTEMA MASSA TUBO HORIZONTAL USINADO ROLAMENTADO           ,1,20260314,20260322,DB7417          ,1,1,1,0
03364901006,DB5709          ,SISTEMA MASSA TUBO HORIZONTAL USINADO ROLAMENTADO           ,1,20260314,20260322,DB7628          ,1,1,1,0
03364901006,DB5709          ,SISTEMA MASSA TUBO HORIZONTAL USINADO ROLAMENTADO           ,1,20260314,20260322,DB7629          ,1,1,1,0
03364901006,DB5709          ,SISTEMA MASSA TUBO HORIZONTAL USINADO ROLAMENTADO           ,1,20260314,20260322,DB7631          ,1,1,1,0
03364901006,DB5709          ,SISTEMA MASSA TUBO HORIZONTAL USINADO ROLAMENTADO           ,1,20260314,20260322,DB7638          ,1,1,1,0
03364901006,DB5709          ,SISTEMA MASSA TUBO HORIZONTAL USINADO ROLAMENTADO           ,1,20260314,20260322,NA3903          ,1,1,1,0
03364901007,DB5630          ,CONJUNTO TUBO MASSA USINADO                                 ,1,20260314,20260322,DB4878          ,2,2,1,2
03364901007,DB5630          ,CONJUNTO TUBO MASSA USINADO                                 ,1,20260314,20260322,DB5669          ,1,1,1,0
03364901007,DB5630          ,CONJUNTO TUBO MASSA USINADO                                 ,1,20260314,20260322,DB5705          ,2,2,2,0
03364901008,PR0120          ,SUBCONJUNTO BASE DA ESTEIRA BABY 5.0/BABY MK,1,20260314,20260322,DA1411          ,1,1,1,0
03364901009,PR0015          ,MONTAGEM DA ESTEIRA MAXIFORM,1,20260314,20260322,DA1134          ,2,2,2,0
03364901009,PR0015          ,MONTAGEM DA ESTEIRA MAXIFORM,1,20260314,20260322,DA1412          ,1,1,1,0
03364901009,PR0015          ,MONTAGEM DA ESTEIRA MAXIFORM,1,20260314,20260322,DA1424          ,1,1,1,0
03365001001,MFX001CM220     ,MAXIFORM BABY TUBO 5.0 - MAQ. FORMADORA/RECHEADORA P/ DOCES/                              ,1,20260314,20260322,DB2009          ,1,1,1,0
03365001002,CM465           ,ESTRUTURA E MOLDE BABY TUBO (DB5066+DB7409)                 ,1,20260314,20260322,15209           ,1,1,1,0
03365001002,CM465           ,ESTRUTURA E MOLDE BABY TUBO (DB5066+DB7409)                 ,1,20260314,20260322,15210           ,1,1,1,0
03365001002,CM465           ,ESTRUTURA E MOLDE BABY TUBO (DB5066+DB7409)                 ,1,20260314,20260322,15451           ,1,1,1,0
03365001002,CM465           ,ESTRUTURA E MOLDE BABY TUBO (DB5066+DB7409)                 ,1,20260314,20260322,15452           ,1,1,1,0
03365001002,CM465           ,ESTRUTURA E MOLDE BABY TUBO (DB5066+DB7409)                 ,1,20260314,20260322,15517           ,3,3,3,0
03365001002,CM465           ,ESTRUTURA E MOLDE BABY TUBO (DB5066+DB7409)                 ,1,20260314,20260322,15854           ,1,1,1,0
03365001002,CM465           ,ESTRUTURA E MOLDE BABY TUBO (DB5066+DB7409)                 ,1,20260314,20260322,15855           ,1,1,1,0
03365001002,CM465           ,ESTRUTURA E MOLDE BABY TUBO (DB5066+DB7409)                 ,1,20260314,20260322,DB5045          ,1,1,1,0
03365001002,CM465           ,ESTRUTURA E MOLDE BABY TUBO (DB5066+DB7409)                 ,1,20260314,20260322,DB7411          ,1,1,1,0
03365001002,CM465           ,ESTRUTURA E MOLDE BABY TUBO (DB5066+DB7409)                 ,1,20260314,20260322,DB7412          ,1,1,1,0
03365001002,CM465           ,ESTRUTURA E MOLDE BABY TUBO (DB5066+DB7409)                 ,1,20260314,20260322,PR0308          ,1,1,1,0
03365001003,PR0010          ,SISTEMA SOBE-DESCE 1:36 BABY 5.0 / BABY MK CE-UL,1,20260314,20260322,DA1029          ,1,1,1,0
03365001004,CM479           ,SISTEMA RECHEIO BABY TUBO ( DB2012)                         ,1,20260314,20260322,15603           ,1,1,1,0
03365001004,CM479           ,SISTEMA RECHEIO BABY TUBO ( DB2012)                         ,1,20260314,20260322,15621           ,1,1,1,0
03365001004,CM479           ,SISTEMA RECHEIO BABY TUBO ( DB2012)                         ,1,20260314,20260322,15805           ,6,6,6,0
03365001004,CM479           ,SISTEMA RECHEIO BABY TUBO ( DB2012)                         ,1,20260314,20260322,DA1242          ,1,1,1,0
03365001004,CM479           ,SISTEMA RECHEIO BABY TUBO ( DB2012)                         ,1,20260314,20260322,DA4424          ,1,1,1,0
03365001004,CM479           ,SISTEMA RECHEIO BABY TUBO ( DB2012)                         ,1,20260314,20260322,DB5264          ,1,1,1,0
03365001004,CM479           ,SISTEMA RECHEIO BABY TUBO ( DB2012)                         ,1,20260314,20260322,KF146           ,1,1,1,0
03365001004,CM479           ,SISTEMA RECHEIO BABY TUBO ( DB2012)                         ,1,20260314,20260322,NA3131          ,1,1,1,0
03365001004,CM479           ,SISTEMA RECHEIO BABY TUBO ( DB2012)                         ,1,20260314,20260322,NA4018          ,1,1,1,0
03365001008,DB5709          ,SISTEMA MASSA TUBO HORIZONTAL USINADO ROLAMENTADO           ,1,20260314,20260322,10109           ,1,1,1,0
03365001008,DB5709          ,SISTEMA MASSA TUBO HORIZONTAL USINADO ROLAMENTADO           ,1,20260314,20260322,13009           ,1,1,1,0
03365001008,DB5709          ,SISTEMA MASSA TUBO HORIZONTAL USINADO ROLAMENTADO           ,1,20260314,20260322,16333           ,1,1,1,0
03365001008,DB5709          ,SISTEMA MASSA TUBO HORIZONTAL USINADO ROLAMENTADO           ,1,20260314,20260322,16722           ,1,1,1,0
03365001008,DB5709          ,SISTEMA MASSA TUBO HORIZONTAL USINADO ROLAMENTADO           ,1,20260314,20260322,16727           ,1,1,1,0
03365001008,DB5709          ,SISTEMA MASSA TUBO HORIZONTAL USINADO ROLAMENTADO           ,1,20260314,20260322,16728           ,1,1,1,0
03365001008,DB5709          ,SISTEMA MASSA TUBO HORIZONTAL USINADO ROLAMENTADO           ,1,20260314,20260322,16732           ,1,1,1,0
03365001008,DB5709          ,SISTEMA MASSA TUBO HORIZONTAL USINADO ROLAMENTADO           ,1,20260314,20260322,16734           ,1,1,1,0
03365001008,DB5709          ,SISTEMA MASSA TUBO HORIZONTAL USINADO ROLAMENTADO           ,1,20260314,20260322,16735           ,1,1,1,0
03365001008,DB5709          ,SISTEMA MASSA TUBO HORIZONTAL USINADO ROLAMENTADO           ,1,20260314,20260322,16742           ,1,1,1,0
03365001008,DB5709          ,SISTEMA MASSA TUBO HORIZONTAL USINADO ROLAMENTADO           ,1,20260314,20260322,DA0547          ,1,1,1,0
03365001008,DB5709          ,SISTEMA MASSA TUBO HORIZONTAL USINADO ROLAMENTADO           ,1,20260314,20260322,DA0929          ,1,1,1,0
03365001008,DB5709          ,SISTEMA MASSA TUBO HORIZONTAL USINADO ROLAMENTADO           ,1,20260314,20260322,DA0985          ,1,1,1,0
03365001008,DB5709          ,SISTEMA MASSA TUBO HORIZONTAL USINADO ROLAMENTADO           ,1,20260314,20260322,DB4370          ,1,1,1,0
03365001008,DB5709          ,SISTEMA MASSA TUBO HORIZONTAL USINADO ROLAMENTADO           ,1,20260314,20260322,DB4381          ,1,1,1,0
03365001008,DB5709          ,SISTEMA MASSA TUBO HORIZONTAL USINADO ROLAMENTADO           ,1,20260314,20260322,DB4383          ,1,1,1,0
03365001008,DB5709          ,SISTEMA MASSA TUBO HORIZONTAL USINADO ROLAMENTADO           ,1,20260314,20260322,DB4409          ,1,1,1,0
03365001008,DB5709          ,SISTEMA MASSA TUBO HORIZONTAL USINADO ROLAMENTADO           ,1,20260314,20260322,DB5038          ,1,1,1,0
03365001008,DB5709          ,SISTEMA MASSA TUBO HORIZONTAL USINADO ROLAMENTADO           ,1,20260314,20260322,DB5628          ,1,1,1,0
03365001008,DB5709          ,SISTEMA MASSA TUBO HORIZONTAL USINADO ROLAMENTADO           ,1,20260314,20260322,DB5701          ,1,1,1,0
03365001008,DB5709          ,SISTEMA MASSA TUBO HORIZONTAL USINADO ROLAMENTADO           ,1,20260314,20260322,DB5702          ,1,1,1,0
03365001008,DB5709          ,SISTEMA MASSA TUBO HORIZONTAL USINADO ROLAMENTADO           ,1,20260314,20260322,DB7417          ,1,1,1,0
03365001008,DB5709          ,SISTEMA MASSA TUBO HORIZONTAL USINADO ROLAMENTADO           ,1,20260314,20260322,DB7418          ,1,1,1,0
03365001008,DB5709          ,SISTEMA MASSA TUBO HORIZONTAL USINADO ROLAMENTADO           ,1,20260314,20260322,DB7438          ,1,1,1,0
03365001008,DB5709          ,SISTEMA MASSA TUBO HORIZONTAL USINADO ROLAMENTADO           ,1,20260314,20260322,DB7608          ,1,1,1,0
03365001008,DB5709          ,SISTEMA MASSA TUBO HORIZONTAL USINADO ROLAMENTADO           ,1,20260314,20260322,DB7628          ,1,1,1,0
03365001008,DB5709          ,SISTEMA MASSA TUBO HORIZONTAL USINADO ROLAMENTADO           ,1,20260314,20260322,DB7629          ,1,1,1,0
03365001008,DB5709          ,SISTEMA MASSA TUBO HORIZONTAL USINADO ROLAMENTADO           ,1,20260314,20260322,DB7630          ,1,1,1,0
03365001008,DB5709          ,SISTEMA MASSA TUBO HORIZONTAL USINADO ROLAMENTADO           ,1,20260314,20260322,DB7638          ,1,1,1,0
03365001008,DB5709          ,SISTEMA MASSA TUBO HORIZONTAL USINADO ROLAMENTADO           ,1,20260314,20260322,NA0821          ,1,1,1,0
03365001008,DB5709          ,SISTEMA MASSA TUBO HORIZONTAL USINADO ROLAMENTADO           ,1,20260314,20260322,NA3903          ,1,1,1,0
03365001008,DB5709          ,SISTEMA MASSA TUBO HORIZONTAL USINADO ROLAMENTADO           ,1,20260314,20260322,NA3904          ,2,2,2,0
03365001008,DB5709          ,SISTEMA MASSA TUBO HORIZONTAL USINADO ROLAMENTADO           ,1,20260314,20260322,NA4029          ,2,2,2,0
03365001008,DB5709          ,SISTEMA MASSA TUBO HORIZONTAL USINADO ROLAMENTADO           ,1,20260314,20260322,NA4405          ,1,1,1,0
03365001009,DB5630          ,CONJUNTO TUBO MASSA USINADO                                 ,1,20260314,20260322,DB4877          ,2,2,2,0
03365001009,DB5630          ,CONJUNTO TUBO MASSA USINADO                                 ,1,20260314,20260322,DB5669          ,1,1,1,0
03365001009,DB5630          ,CONJUNTO TUBO MASSA USINADO                                 ,1,20260314,20260322,DB5705          ,2,2,2,0
03365001010,PR0120          ,SUBCONJUNTO BASE DA ESTEIRA BABY 5.0/BABY MK,1,20260314,20260322,DA1411          ,1,1,1,0
03365001010,PR0120          ,SUBCONJUNTO BASE DA ESTEIRA BABY 5.0/BABY MK,1,20260314,20260322,DA1421          ,1,1,1,0
03365001010,PR0120          ,SUBCONJUNTO BASE DA ESTEIRA BABY 5.0/BABY MK,1,20260314,20260322,DA1426          ,1,1,1,0
03365001010,PR0120          ,SUBCONJUNTO BASE DA ESTEIRA BABY 5.0/BABY MK,1,20260314,20260322,DA1427          ,1,1,1,0
03365001011,PR0015          ,MONTAGEM DA ESTEIRA MAXIFORM,1,20260314,20260322,DA1134          ,2,2,2,0
03365001011,PR0015          ,MONTAGEM DA ESTEIRA MAXIFORM,1,20260314,20260322,DA1412          ,1,1,1,0
03365001011,PR0015          ,MONTAGEM DA ESTEIRA MAXIFORM,1,20260314,20260322,DA1415          ,1,1,1,0
03365001011,PR0015          ,MONTAGEM DA ESTEIRA MAXIFORM,1,20260314,20260322,DA1423          ,1,1,1,0
03365001011,PR0015          ,MONTAGEM DA ESTEIRA MAXIFORM,1,20260314,20260322,DA1424          ,1,1,1,0
03365101001,MFX001CM220     ,MAXIFORM BABY TUBO 5.0 - MAQ. FORMADORA/RECHEADORA P/ DOCES/                              ,1,20260314,20260322,DB2009          ,1,1,1,0
03365101002,CM465           ,ESTRUTURA E MOLDE BABY TUBO (DB5066+DB7409)                 ,1,20260314,20260322,15204           ,1,1,1,0
03365101002,CM465           ,ESTRUTURA E MOLDE BABY TUBO (DB5066+DB7409)                 ,1,20260314,20260322,15209           ,1,1,1,0
03365101002,CM465           ,ESTRUTURA E MOLDE BABY TUBO (DB5066+DB7409)                 ,1,20260314,20260322,15210           ,1,1,1,0
03365101002,CM465           ,ESTRUTURA E MOLDE BABY TUBO (DB5066+DB7409)                 ,1,20260314,20260322,15451           ,1,1,1,0
03365101002,CM465           ,ESTRUTURA E MOLDE BABY TUBO (DB5066+DB7409)                 ,1,20260314,20260322,15452           ,1,1,1,0
03365101002,CM465           ,ESTRUTURA E MOLDE BABY TUBO (DB5066+DB7409)                 ,1,20260314,20260322,15517           ,3,3,3,0
03365101002,CM465           ,ESTRUTURA E MOLDE BABY TUBO (DB5066+DB7409)                 ,1,20260314,20260322,15854           ,1,1,1,0
03365101002,CM465           ,ESTRUTURA E MOLDE BABY TUBO (DB5066+DB7409)                 ,1,20260314,20260322,15855           ,1,1,1,0
03365101002,CM465           ,ESTRUTURA E MOLDE BABY TUBO (DB5066+DB7409)                 ,1,20260314,20260322,DB5045          ,1,1,1,0
03365101002,CM465           ,ESTRUTURA E MOLDE BABY TUBO (DB5066+DB7409)                 ,1,20260314,20260322,DB7411          ,1,1,1,0
03365101002,CM465           ,ESTRUTURA E MOLDE BABY TUBO (DB5066+DB7409)                 ,1,20260314,20260322,DB7412          ,1,1,1,0
03365101002,CM465           ,ESTRUTURA E MOLDE BABY TUBO (DB5066+DB7409)                 ,1,20260314,20260322,PR0308          ,1,1,1,0
03365101003,PR0010          ,SISTEMA SOBE-DESCE 1:36 BABY 5.0 / BABY MK CE-UL,1,20260314,20260322,DA1029          ,1,1,1,0
03365101005,CM479           ,SISTEMA RECHEIO BABY TUBO ( DB2012)                         ,1,20260314,20260322,15603           ,1,1,1,0
03365101005,CM479           ,SISTEMA RECHEIO BABY TUBO ( DB2012)                         ,1,20260314,20260322,15621           ,1,1,1,0
03365101005,CM479           ,SISTEMA RECHEIO BABY TUBO ( DB2012)                         ,1,20260314,20260322,15805           ,6,6,6,0
03365101005,CM479           ,SISTEMA RECHEIO BABY TUBO ( DB2012)                         ,1,20260314,20260322,DA1242          ,1,1,1,0
03365101005,CM479           ,SISTEMA RECHEIO BABY TUBO ( DB2012)                         ,1,20260314,20260322,DA4424          ,1,1,1,0
03365101005,CM479           ,SISTEMA RECHEIO BABY TUBO ( DB2012)                         ,1,20260314,20260322,DB5262          ,1,1,1,0
03365101005,CM479           ,SISTEMA RECHEIO BABY TUBO ( DB2012)                         ,1,20260314,20260322,DB5264          ,1,1,1,0
03365101005,CM479           ,SISTEMA RECHEIO BABY TUBO ( DB2012)                         ,1,20260314,20260322,KF146           ,1,1,1,0
03365101005,CM479           ,SISTEMA RECHEIO BABY TUBO ( DB2012)                         ,1,20260314,20260322,NA3131          ,1,1,1,0
03365101005,CM479           ,SISTEMA RECHEIO BABY TUBO ( DB2012)                         ,1,20260314,20260322,NA4018          ,1,1,1,0
03365101009,DB5709          ,SISTEMA MASSA TUBO HORIZONTAL USINADO ROLAMENTADO           ,1,20260314,20260322,10109           ,1,1,1,0
03365101009,DB5709          ,SISTEMA MASSA TUBO HORIZONTAL USINADO ROLAMENTADO           ,1,20260314,20260322,13009           ,1,1,1,0
03365101009,DB5709          ,SISTEMA MASSA TUBO HORIZONTAL USINADO ROLAMENTADO           ,1,20260314,20260322,16333           ,1,1,1,0
03365101009,DB5709          ,SISTEMA MASSA TUBO HORIZONTAL USINADO ROLAMENTADO           ,1,20260314,20260322,16722           ,1,1,1,0
03365101009,DB5709          ,SISTEMA MASSA TUBO HORIZONTAL USINADO ROLAMENTADO           ,1,20260314,20260322,16727           ,1,1,1,0
03365101009,DB5709          ,SISTEMA MASSA TUBO HORIZONTAL USINADO ROLAMENTADO           ,1,20260314,20260322,16728           ,1,1,1,0
03365101009,DB5709          ,SISTEMA MASSA TUBO HORIZONTAL USINADO ROLAMENTADO           ,1,20260314,20260322,16732           ,1,1,1,0
03365101009,DB5709          ,SISTEMA MASSA TUBO HORIZONTAL USINADO ROLAMENTADO           ,1,20260314,20260322,16734           ,1,1,1,0
03365101009,DB5709          ,SISTEMA MASSA TUBO HORIZONTAL USINADO ROLAMENTADO           ,1,20260314,20260322,16735           ,1,1,1,0
03365101009,DB5709          ,SISTEMA MASSA TUBO HORIZONTAL USINADO ROLAMENTADO           ,1,20260314,20260322,16742           ,1,1,1,0
03365101009,DB5709          ,SISTEMA MASSA TUBO HORIZONTAL USINADO ROLAMENTADO           ,1,20260314,20260322,DA0547          ,1,1,1,0
03365101009,DB5709          ,SISTEMA MASSA TUBO HORIZONTAL USINADO ROLAMENTADO           ,1,20260314,20260322,DA0929          ,1,1,1,0
03365101009,DB5709          ,SISTEMA MASSA TUBO HORIZONTAL USINADO ROLAMENTADO           ,1,20260314,20260322,DA0985          ,1,1,1,0
03365101009,DB5709          ,SISTEMA MASSA TUBO HORIZONTAL USINADO ROLAMENTADO           ,1,20260314,20260322,DB4370          ,1,1,1,0
03365101009,DB5709          ,SISTEMA MASSA TUBO HORIZONTAL USINADO ROLAMENTADO           ,1,20260314,20260322,DB4381          ,1,1,1,0
03365101009,DB5709          ,SISTEMA MASSA TUBO HORIZONTAL USINADO ROLAMENTADO           ,1,20260314,20260322,DB4383          ,1,1,1,0
03365101009,DB5709          ,SISTEMA MASSA TUBO HORIZONTAL USINADO ROLAMENTADO           ,1,20260314,20260322,DB4409          ,1,1,1,0
03365101009,DB5709          ,SISTEMA MASSA TUBO HORIZONTAL USINADO ROLAMENTADO           ,1,20260314,20260322,DB5038          ,1,1,1,0
03365101009,DB5709          ,SISTEMA MASSA TUBO HORIZONTAL USINADO ROLAMENTADO           ,1,20260314,20260322,DB5628          ,1,1,1,0
03365101009,DB5709          ,SISTEMA MASSA TUBO HORIZONTAL USINADO ROLAMENTADO           ,1,20260314,20260322,DB5701          ,1,1,1,0
03365101009,DB5709          ,SISTEMA MASSA TUBO HORIZONTAL USINADO ROLAMENTADO           ,1,20260314,20260322,DB5702          ,1,1,1,0
03365101009,DB5709          ,SISTEMA MASSA TUBO HORIZONTAL USINADO ROLAMENTADO           ,1,20260314,20260322,DB7417          ,1,1,1,0
03365101009,DB5709          ,SISTEMA MASSA TUBO HORIZONTAL USINADO ROLAMENTADO           ,1,20260314,20260322,DB7418          ,1,1,1,0
03365101009,DB5709          ,SISTEMA MASSA TUBO HORIZONTAL USINADO ROLAMENTADO           ,1,20260314,20260322,DB7438          ,1,1,1,0
03365101009,DB5709          ,SISTEMA MASSA TUBO HORIZONTAL USINADO ROLAMENTADO           ,1,20260314,20260322,DB7608          ,1,1,1,0
03365101009,DB5709          ,SISTEMA MASSA TUBO HORIZONTAL USINADO ROLAMENTADO           ,1,20260314,20260322,NA3903          ,1,1,1,0
03365101009,DB5709          ,SISTEMA MASSA TUBO HORIZONTAL USINADO ROLAMENTADO           ,1,20260314,20260322,NA3904          ,2,2,2,0
03365101009,DB5709          ,SISTEMA MASSA TUBO HORIZONTAL USINADO ROLAMENTADO           ,1,20260314,20260322,NA4029          ,2,2,4,0
03365101010,DB5630          ,CONJUNTO TUBO MASSA USINADO                                 ,1,20260314,20260322,DB4877          ,2,2,2,0
03365101010,DB5630          ,CONJUNTO TUBO MASSA USINADO                                 ,1,20260314,20260322,DB5669          ,1,1,1,0
03365101010,DB5630          ,CONJUNTO TUBO MASSA USINADO                                 ,1,20260314,20260322,DB5705          ,2,2,2,0
03365101011,PR0120          ,SUBCONJUNTO BASE DA ESTEIRA BABY 5.0/BABY MK,1,20260314,20260322,DA1411          ,1,1,1,0
03365101011,PR0120          ,SUBCONJUNTO BASE DA ESTEIRA BABY 5.0/BABY MK,1,20260314,20260322,DA1421          ,1,1,1,0
03365101011,PR0120          ,SUBCONJUNTO BASE DA ESTEIRA BABY 5.0/BABY MK,1,20260314,20260322,DA1426          ,1,1,1,0
03365101011,PR0120          ,SUBCONJUNTO BASE DA ESTEIRA BABY 5.0/BABY MK,1,20260314,20260322,DA1427          ,1,1,1,0
03365101012,PR0015          ,MONTAGEM DA ESTEIRA MAXIFORM,1,20260314,20260322,DA1134          ,2,2,2,0
03365101012,PR0015          ,MONTAGEM DA ESTEIRA MAXIFORM,1,20260314,20260322,DA1412          ,1,1,1,0
03365101012,PR0015          ,MONTAGEM DA ESTEIRA MAXIFORM,1,20260314,20260322,DA1415          ,1,1,1,0
03365101012,PR0015          ,MONTAGEM DA ESTEIRA MAXIFORM,1,20260314,20260322,DA1423          ,1,1,1,0
03365101012,PR0015          ,MONTAGEM DA ESTEIRA MAXIFORM,1,20260314,20260322,DA1424          ,1,1,1,0
03365501001,DA6501          ,MOLDE ESFIHA MEIA LUA 65X45MM DUPLO                                                       ,14,20260317,20260325,DA1346          ,14,14,12,14
03365501001,DA6501          ,MOLDE ESFIHA MEIA LUA 65X45MM DUPLO                                                       ,14,20260317,20260325,DA5038          ,28,28,6,28
03367401001,DA6833          ,MOLDE ESFIHA REDONDA Ø56MM DUPLO                                                          ,1,20260317,20260325,DA8758          ,4,4,3,4
03367701001,DB5563          ,PLACA CPU CONTROLADORA BRALYX V2.0 HOHS                                                   ,20,20260317,20260325,SERV-DB5563     ,20,20,20,0
03368001001,DB4850          ,PLACA TECLADO MODELADORA BRALYX ESTEIRA E PARADA DE PROCESSO                              ,11,20260323,20260331,SERV-DB4850     ,11,11,11,0
03368101001,DB5566          ,PLACA TECLADO MODELADORA BRALYX ESTEIRA E PARADA DE PROCESSO HOHS                         ,26,20260323,20260331,SERV-DB5566     ,26,26,26,0
03368201001,DB6380          ,CONJUNTO PLACA PWM BRALYX                                                                 ,20,20260324,20260401,DA5412          ,20,20,19,20
03368201001,DB6380          ,CONJUNTO PLACA PWM BRALYX                                                                 ,20,20260324,20260401,SERV-DB6380     ,20,20,20,0
03368301001,DB6461          ,PLACA DRIVE MOTOR BRFRFY COM RELE INTERMEDIARIA                                           ,11,20260323,20260331,SERV-DB6461     ,11,11,11,0
03368401001,20100           ,PLACA DO PAINEL TEMPO DE PARADA                                                           ,20,20260323,20260331,SERV-20100      ,20,20,20,0
03368601001,20102           ,PLACA DO MOTOR MODELO ANTIGO                                                              ,24,20260323,20260331,SERV-20102      ,24,24,24,0
03368701001,20120           ,PLACA DO MOTOR E TEMPO DE PARADA LILY                                                     ,20,20260323,20260331,SERV-20120      ,20,20,20,0
03368801001,20050           ,PLACA TEMPO DE PARADA LILY X                                                              ,5,20260323,20260331,SERV-20050      ,5,5,5,0
03369001001,BRX0001013      ,SISTEMA ESTEIRA 600X160                                                                   ,1,20260323,20260331,KF915           ,1,1,1,0
03369001001,BRX0001013      ,SISTEMA ESTEIRA 600X160                                                                   ,1,20260323,20260331,KF916           ,1,1,1,0
03369101001,BRX0001014      ,SISTEMA DUPLO RECHEIO                                                                     ,1,20260323,20260331,DA1576          ,1,1,1,0
03369101001,BRX0001014      ,SISTEMA DUPLO RECHEIO                                                                     ,1,20260323,20260331,DA6598          ,1,1,1,0
03369101001,BRX0001014      ,SISTEMA DUPLO RECHEIO                                                                     ,1,20260323,20260331,DB7546          ,1,1,1,0
03369101001,BRX0001014      ,SISTEMA DUPLO RECHEIO                                                                     ,1,20260323,20260331,KF917           ,1,1,1,0
03369101001,BRX0001014      ,SISTEMA DUPLO RECHEIO                                                                     ,1,20260323,20260331,NA4401          ,1,1,1,0
03369101001,BRX0001014      ,SISTEMA DUPLO RECHEIO                                                                     ,1,20260323,20260331,NA4403          ,1,1,1,0
03369201001,BRX0007011      ,SISTEMA AUTOMACAO BRX0007                                                                 ,1,20260323,20260331,DB4850          ,1,1,1,0
03369201001,BRX0007011      ,SISTEMA AUTOMACAO BRX0007                                                                 ,1,20260323,20260331,DB5286          ,1,1,1,0
03369201001,BRX0007011      ,SISTEMA AUTOMACAO BRX0007                                                                 ,1,20260323,20260331,DB7612          ,1,1,1,0
03369201001,BRX0007011      ,SISTEMA AUTOMACAO BRX0007                                                                 ,1,20260323,20260331,DB7620          ,1,1,1,0
03369201001,BRX0007011      ,SISTEMA AUTOMACAO BRX0007                                                                 ,1,20260323,20260331,DB7621          ,1,1,1,0
03369201001,BRX0007011      ,SISTEMA AUTOMACAO BRX0007                                                                 ,1,20260323,20260331,DB7622          ,1,1,1,0
03369201001,BRX0007011      ,SISTEMA AUTOMACAO BRX0007                                                                 ,1,20260323,20260331,NA4335          ,1,1,1,0
03369201001,BRX0007011      ,SISTEMA AUTOMACAO BRX0007                                                                 ,1,20260323,20260331,NA4406          ,5,5,5,0
03369201001,BRX0007011      ,SISTEMA AUTOMACAO BRX0007                                                                 ,1,20260323,20260331,NA4407          ,5,5,5,0
03369201001,BRX0007011      ,SISTEMA AUTOMACAO BRX0007                                                                 ,1,20260323,20260331,NA4408          ,1,1,1,0
03369201001,BRX0007011      ,SISTEMA AUTOMACAO BRX0007                                                                 ,1,20260323,20260331,NA4410          ,1,1,1,0
03369201001,BRX0007011      ,SISTEMA AUTOMACAO BRX0007                                                                 ,1,20260323,20260331,NA4411          ,4,4,4,0
03369201001,BRX0007011      ,SISTEMA AUTOMACAO BRX0007                                                                 ,1,20260323,20260331,NA4414          ,2,2,2,0
03369201001,BRX0007011      ,SISTEMA AUTOMACAO BRX0007                                                                 ,1,20260323,20260331,SERV-BRX0007011 ,1,1,1,0
03369301001,BRX0007003      ,SISTEMA MASSA RECHEIO CUBA INOX BRX0007                                                   ,1,20260323,20260331,DB6655          ,1,1,1,0
03369301001,BRX0007003      ,SISTEMA MASSA RECHEIO CUBA INOX BRX0007                                                   ,1,20260323,20260331,DB7590          ,1,1,1,0
03369301001,BRX0007003      ,SISTEMA MASSA RECHEIO CUBA INOX BRX0007                                                   ,1,20260323,20260331,DB7597          ,2,2,2,0
03369301001,BRX0007003      ,SISTEMA MASSA RECHEIO CUBA INOX BRX0007                                                   ,1,20260323,20260331,KF900           ,1,1,1,0
03369301001,BRX0007003      ,SISTEMA MASSA RECHEIO CUBA INOX BRX0007                                                   ,1,20260323,20260331,KF901           ,1,1,1,0
03369301001,BRX0007003      ,SISTEMA MASSA RECHEIO CUBA INOX BRX0007                                                   ,1,20260323,20260331,NA4187          ,4,4,4,0
03369301001,BRX0007003      ,SISTEMA MASSA RECHEIO CUBA INOX BRX0007                                                   ,1,20260323,20260331,NA4395          ,2,2,2,0
03369401002,BRX0007002      ,SISTEMA ESTRUTURA BRX0007                                   ,1,20260623,20260701,15452           ,1,1,1,0
03369401002,BRX0007002      ,SISTEMA ESTRUTURA BRX0007                                   ,1,20260623,20260701,DB7594          ,1,1,1,0
03369401002,BRX0007002      ,SISTEMA ESTRUTURA BRX0007                                   ,1,20260623,20260701,KF922           ,1,1,1,0
03369401002,BRX0007002      ,SISTEMA ESTRUTURA BRX0007                                   ,1,20260623,20260701,NA4189          ,4,4,4,0
03369401002,BRX0007002      ,SISTEMA ESTRUTURA BRX0007                                   ,1,20260623,20260701,NA4402          ,1,1,1,0
03369401003,BRX0007005      ,SISTEMA RECHEIO BRX0007                                     ,1,20260623,20260701,15805           ,2,2,2,0
03369401003,BRX0007005      ,SISTEMA RECHEIO BRX0007                                     ,1,20260623,20260701,DA1576          ,1,1,1,0
03369401003,BRX0007005      ,SISTEMA RECHEIO BRX0007                                     ,1,20260623,20260701,DA6598          ,1,1,1,0
03369401003,BRX0007005      ,SISTEMA RECHEIO BRX0007                                     ,1,20260623,20260701,KF776           ,1,1,1,0
03369401003,BRX0007005      ,SISTEMA RECHEIO BRX0007                                     ,1,20260623,20260701,KF919           ,1,1,1,0
03369401003,BRX0007005      ,SISTEMA RECHEIO BRX0007                                     ,1,20260623,20260701,KF920           ,1,1,1,0
03369401003,BRX0007005      ,SISTEMA RECHEIO BRX0007                                     ,1,20260623,20260701,NA4403          ,1,1,1,0
03369401006,BRX0007007      ,SISTEMA ESTEIRA BRX0007                                     ,1,20260623,20260701,KF915           ,1,1,1,0
03369401006,BRX0007007      ,SISTEMA ESTEIRA BRX0007                                     ,1,20260623,20260701,KF921           ,1,1,1,0
03369401007,BRX0007008      ,SISTEMA FORMADOR BRX0007                                    ,1,20260623,20260701,DB4430          ,1,1,1,0
03369401007,BRX0007008      ,SISTEMA FORMADOR BRX0007                                    ,1,20260623,20260701,DB4435          ,1,1,1,0
03369401007,BRX0007008      ,SISTEMA FORMADOR BRX0007                                    ,1,20260623,20260701,DB7601          ,1,1,1,0
03369401007,BRX0007008      ,SISTEMA FORMADOR BRX0007                                    ,1,20260623,20260701,KF923           ,1,1,1,0
03369401007,BRX0007008      ,SISTEMA FORMADOR BRX0007                                    ,1,20260623,20260701,NA2387          ,2,2,2,0
03369401007,BRX0007008      ,SISTEMA FORMADOR BRX0007                                    ,1,20260623,20260701,NA3586          ,1,1,1,0
03369401015,PR0308          ,SUBCONJUNTO PRATO EXTERNO SEM CANAL M16                     ,2,20260623,20260701,DB3936          ,2,2,2,0
03369501001,BRX0009003      ,SISTEMA AUTOMACAO BRX0009                                                                 ,1,20260623,20260701,DB4850          ,1,1,1,0
03369501001,BRX0009003      ,SISTEMA AUTOMACAO BRX0009                                                                 ,1,20260623,20260701,DB5286          ,1,1,1,0
03369501001,BRX0009003      ,SISTEMA AUTOMACAO BRX0009                                                                 ,1,20260623,20260701,DB7612          ,1,1,1,0
03369501001,BRX0009003      ,SISTEMA AUTOMACAO BRX0009                                                                 ,1,20260623,20260701,DB7620          ,1,1,1,0
03369501001,BRX0009003      ,SISTEMA AUTOMACAO BRX0009                                                                 ,1,20260623,20260701,DB7621          ,1,1,1,0
03369501001,BRX0009003      ,SISTEMA AUTOMACAO BRX0009                                                                 ,1,20260623,20260701,DB7625          ,1,1,1,0
03369501001,BRX0009003      ,SISTEMA AUTOMACAO BRX0009                                                                 ,1,20260623,20260701,NA4335          ,1,1,1,0
03369501001,BRX0009003      ,SISTEMA AUTOMACAO BRX0009                                                                 ,1,20260623,20260701,NA4406          ,5,5,5,0
03369501001,BRX0009003      ,SISTEMA AUTOMACAO BRX0009                                                                 ,1,20260623,20260701,NA4407          ,5,5,5,0
03369501001,BRX0009003      ,SISTEMA AUTOMACAO BRX0009                                                                 ,1,20260623,20260701,NA4408          ,1,1,1,0
03369501001,BRX0009003      ,SISTEMA AUTOMACAO BRX0009                                                                 ,1,20260623,20260701,NA4410          ,1,1,1,0
03369501001,BRX0009003      ,SISTEMA AUTOMACAO BRX0009                                                                 ,1,20260623,20260701,NA4411          ,1,1,1,0
03369501001,BRX0009003      ,SISTEMA AUTOMACAO BRX0009                                                                 ,1,20260623,20260701,NA4412          ,2,2,2,0
03369501001,BRX0009003      ,SISTEMA AUTOMACAO BRX0009                                                                 ,1,20260623,20260701,NA4414          ,2,2,2,0
03369501001,BRX0009003      ,SISTEMA AUTOMACAO BRX0009                                                                 ,1,20260623,20260701,SERV-BRX0009003 ,1,1,1,0
03369601001,BRX0009002      ,SISTEMA MASSA CUBA INOX BRX0009                                                           ,1,20260623,20260701,DB6655          ,1,1,1,0
03369601001,BRX0009002      ,SISTEMA MASSA CUBA INOX BRX0009                                                           ,1,20260623,20260701,DB7590          ,1,1,1,0
03369601001,BRX0009002      ,SISTEMA MASSA CUBA INOX BRX0009                                                           ,1,20260623,20260701,KF900           ,1,1,1,0
03369601001,BRX0009002      ,SISTEMA MASSA CUBA INOX BRX0009                                                           ,1,20260623,20260701,KF924           ,1,1,1,0
03369601001,BRX0009002      ,SISTEMA MASSA CUBA INOX BRX0009                                                           ,1,20260623,20260701,NA4187          ,4,4,4,0
03369601001,BRX0009002      ,SISTEMA MASSA CUBA INOX BRX0009                                                           ,1,20260623,20260701,NA4395          ,2,2,2,0
03369701002,BRX0007002      ,SISTEMA ESTRUTURA BRX0007                                   ,1,20260623,20260701,15452           ,1,1,1,0
03369701002,BRX0007002      ,SISTEMA ESTRUTURA BRX0007                                   ,1,20260623,20260701,DB1886          ,1,1,1,0
03369701002,BRX0007002      ,SISTEMA ESTRUTURA BRX0007                                   ,1,20260623,20260701,DB7594          ,1,1,1,0
03369701002,BRX0007002      ,SISTEMA ESTRUTURA BRX0007                                   ,1,20260623,20260701,KF922           ,1,1,1,0
03369701002,BRX0007002      ,SISTEMA ESTRUTURA BRX0007                                   ,1,20260623,20260701,NA3886          ,1,1,1,0
03369701002,BRX0007002      ,SISTEMA ESTRUTURA BRX0007                                   ,1,20260623,20260701,NA4189          ,4,4,4,0
03369701002,BRX0007002      ,SISTEMA ESTRUTURA BRX0007                                   ,1,20260623,20260701,NA4402          ,1,1,1,0
03369701003,BRX0007007      ,SISTEMA ESTEIRA BRX0007                                     ,1,20260623,20260701,KF915           ,1,1,1,0
03369701003,BRX0007007      ,SISTEMA ESTEIRA BRX0007                                     ,1,20260623,20260701,KF921           ,1,1,1,0
03369701003,BRX0007007      ,SISTEMA ESTEIRA BRX0007                                     ,1,20260623,20260701,NA3906          ,1,1,1,0
03369701004,BRX0009006      ,SISTEMA FORMADOR BRX0009                                    ,1,20260623,20260701,DB4430          ,1,1,1,0
03369701004,BRX0009006      ,SISTEMA FORMADOR BRX0009                                    ,1,20260623,20260701,DB4435          ,1,1,1,0
03369701004,BRX0009006      ,SISTEMA FORMADOR BRX0009                                    ,1,20260623,20260701,DB7601          ,1,1,1,0
03369701004,BRX0009006      ,SISTEMA FORMADOR BRX0009                                    ,1,20260623,20260701,KF923           ,1,1,1,0
03369701004,BRX0009006      ,SISTEMA FORMADOR BRX0009                                    ,1,20260623,20260701,NA2387          ,2,2,2,0
03369701004,BRX0009006      ,SISTEMA FORMADOR BRX0009                                    ,1,20260623,20260701,NA3562          ,1,1,1,0
03369701006,PR0308          ,SUBCONJUNTO PRATO EXTERNO SEM CANAL M16                     ,1,20260623,20260701,DB3936          ,1,1,1,0
03369701007,CM484           ,SISTEMA RECHEIO LILY NR12 (DB1999)                          ,1,20260623,20260701,15805           ,2,2,2,0
03370401001,DB6461          ,PLACA DRIVE MOTOR BRFRFY COM RELE INTERMEDIARIA                                           ,18,20260324,20260401,SERV-DB6461     ,18,18,18,0
03371601001,DB7217          ,CONJUNTO MOTORIZADO PROTECOES FIXAS HELICE DOSALIX                                        ,2,20260324,20260401,DB7215          ,4,4,4,0
03382901001,MFX158CM220R    ,MAXIFORM LUNA TECH - MAQUINA FORMADORA/RECHEADORA - DUPLO RECHEIO - CE                    ,1,20260518,20260526,DB6214          ,1,1,1,0
03384901001,MFX086NM220     ,MAXIFORM DUE 10.0 - MAQUINA FORMADORA/RECHEADORA - NR12                                   ,1,20260518,20260526,DB3434          ,1,1,1,0
03384901002,CM434           ,SISTEMA ESTRUTURA - BIG 10 - NR12 / CE (DA6403)             ,1,20260518,20260518,KF419-01        ,1,1,1,0
03384901002,CM434           ,SISTEMA ESTRUTURA - BIG 10 - NR12 / CE (DA6403)             ,1,20260518,20260518,KF421-01        ,1,1,1,0
03384901002,CM434           ,SISTEMA ESTRUTURA - BIG 10 - NR12 / CE (DA6403)             ,1,20260518,20260518,KF766           ,1,1,1,0
03384901005,CM610           ,SISTEMA RECHEIO FUNIL (DA7683 + DB2027)                     ,1,20260518,20260518,DA7686          ,1,1,1,0
03384901005,CM610           ,SISTEMA RECHEIO FUNIL (DA7683 + DB2027)                     ,1,20260518,20260518,DA7687          ,1,1,1,0
03384901005,CM610           ,SISTEMA RECHEIO FUNIL (DA7683 + DB2027)                     ,1,20260518,20260518,DA7718          ,1,1,1,0
03384901005,CM610           ,SISTEMA RECHEIO FUNIL (DA7683 + DB2027)                     ,1,20260518,20260518,KF463-01        ,1,1,1,0
03384901005,CM610           ,SISTEMA RECHEIO FUNIL (DA7683 + DB2027)                     ,1,20260518,20260518,KF465           ,1,1,1,0
03384901005,CM610           ,SISTEMA RECHEIO FUNIL (DA7683 + DB2027)                     ,1,20260518,20260518,KF637-02        ,1,1,1,0
03384901005,CM610           ,SISTEMA RECHEIO FUNIL (DA7683 + DB2027)                     ,1,20260518,20260518,KF638-05        ,1,1,1,0
03384901009,DB4325          ,"SISTEMA MOLDE FORMADOR NR12 1:10 0,25KW M16                 ",1,20260518,20260518,DA3805          ,2,2,1,1
03384901009,DB4325          ,"SISTEMA MOLDE FORMADOR NR12 1:10 0,25KW M16                 ",1,20260518,20260518,DA5799          ,1,1,1,0
03384901009,DB4325          ,"SISTEMA MOLDE FORMADOR NR12 1:10 0,25KW M16                 ",1,20260518,20260518,KF711           ,1,1,1,0
03384901011,PR0308          ,SUBCONJUNTO PRATO EXTERNO SEM CANAL M16                     ,1,20260518,20260518,DB3936          ,1,1,1,0
03390301001,MFX090NM220     ,MAXIFORM DOLCELYX - MAQUINA FORMADORA - NR12                                              ,1,20260518,20260526,CM400           ,1,1,1,0
03390301001,MFX090NM220     ,MAXIFORM DOLCELYX - MAQUINA FORMADORA - NR12                                              ,1,20260518,20260526,CM401           ,1,1,1,0
03390301001,MFX090NM220     ,MAXIFORM DOLCELYX - MAQUINA FORMADORA - NR12                                              ,1,20260518,20260526,DB1576          ,1,1,1,0
03390301001,MFX090NM220     ,MAXIFORM DOLCELYX - MAQUINA FORMADORA - NR12                                              ,1,20260518,20260526,NA1504          ,1,1,1,0
03390301001,MFX090NM220     ,MAXIFORM DOLCELYX - MAQUINA FORMADORA - NR12                                              ,1,20260518,20260526,NA2408          ,4,4,4,0
03390301001,MFX090NM220     ,MAXIFORM DOLCELYX - MAQUINA FORMADORA - NR12                                              ,1,20260518,20260526,OP117           ,1,1,1,0
03390301002,CM400           ,ESTRUTURA + SISTEMA FORMADOR DOLCELYX NR12 / CE (DA8951+DA89,1,20260518,20260526,15961           ,2,2,2,0
03390301002,CM400           ,ESTRUTURA + SISTEMA FORMADOR DOLCELYX NR12 / CE (DA8951+DA89,1,20260518,20260526,25049           ,2,2,2,0
03390301002,CM400           ,ESTRUTURA + SISTEMA FORMADOR DOLCELYX NR12 / CE (DA8951+DA89,1,20260518,20260526,DA7540          ,6,6,6,0
03390301002,CM400           ,ESTRUTURA + SISTEMA FORMADOR DOLCELYX NR12 / CE (DA8951+DA89,1,20260518,20260526,DA8956          ,1,1,1,0
03390301002,CM400           ,ESTRUTURA + SISTEMA FORMADOR DOLCELYX NR12 / CE (DA8951+DA89,1,20260518,20260526,KF179.B         ,1,1,1,0
03390301002,CM400           ,ESTRUTURA + SISTEMA FORMADOR DOLCELYX NR12 / CE (DA8951+DA89,1,20260518,20260526,KF180.B         ,1,1,1,0
03390301002,CM400           ,ESTRUTURA + SISTEMA FORMADOR DOLCELYX NR12 / CE (DA8951+DA89,1,20260518,20260526,KF400-01        ,1,1,1,0
03390301002,CM400           ,ESTRUTURA + SISTEMA FORMADOR DOLCELYX NR12 / CE (DA8951+DA89,1,20260518,20260526,NA0799          ,3,3,3,0
03390301002,CM400           ,ESTRUTURA + SISTEMA FORMADOR DOLCELYX NR12 / CE (DA8951+DA89,1,20260518,20260526,NA1928          ,1,1,1,0
03390301002,CM400           ,ESTRUTURA + SISTEMA FORMADOR DOLCELYX NR12 / CE (DA8951+DA89,1,20260518,20260526,NA2062          ,1,1,1,0
03390301002,CM400           ,ESTRUTURA + SISTEMA FORMADOR DOLCELYX NR12 / CE (DA8951+DA89,1,20260518,20260526,NA2557          ,1,1,1,0
03390301002,CM400           ,ESTRUTURA + SISTEMA FORMADOR DOLCELYX NR12 / CE (DA8951+DA89,1,20260518,20260526,NA2746          ,1,1,1,0
03390301002,CM400           ,ESTRUTURA + SISTEMA FORMADOR DOLCELYX NR12 / CE (DA8951+DA89,1,20260518,20260526,NA3104          ,1,1,1,0
03390301002,CM400           ,ESTRUTURA + SISTEMA FORMADOR DOLCELYX NR12 / CE (DA8951+DA89,1,20260518,20260526,NA3105          ,1,1,1,0
03390301002,CM400           ,ESTRUTURA + SISTEMA FORMADOR DOLCELYX NR12 / CE (DA8951+DA89,1,20260518,20260526,NA3107          ,2,2,2,0
03390301002,CM400           ,ESTRUTURA + SISTEMA FORMADOR DOLCELYX NR12 / CE (DA8951+DA89,1,20260518,20260526,NA3772          ,1,1,1,0
03390301002,CM400           ,ESTRUTURA + SISTEMA FORMADOR DOLCELYX NR12 / CE (DA8951+DA89,1,20260518,20260526,NA3773          ,1,1,1,0
03390301002,CM400           ,ESTRUTURA + SISTEMA FORMADOR DOLCELYX NR12 / CE (DA8951+DA89,1,20260518,20260526,SC171           ,1,1,1,0
03390301002,CM400           ,ESTRUTURA + SISTEMA FORMADOR DOLCELYX NR12 / CE (DA8951+DA89,1,20260518,20260526,SC173           ,1,1,1,0
03390301003,SC173           ,> SOBE E DESCE - PIC MK E DOLCELYX (DA7579)                 ,1,20260518,20260526,11410           ,1,1,1,0
03390301003,SC173           ,> SOBE E DESCE - PIC MK E DOLCELYX (DA7579)                 ,1,20260518,20260526,15352           ,5,5,5,0
03390301003,SC173           ,> SOBE E DESCE - PIC MK E DOLCELYX (DA7579)                 ,1,20260518,20260526,DA6985          ,1,1,1,0
03390301003,SC173           ,> SOBE E DESCE - PIC MK E DOLCELYX (DA7579)                 ,1,20260518,20260526,KF177.B         ,1,1,1,0
03390301003,SC173           ,> SOBE E DESCE - PIC MK E DOLCELYX (DA7579)                 ,1,20260518,20260526,NA0776          ,1,1,1,0
03390301003,SC173           ,> SOBE E DESCE - PIC MK E DOLCELYX (DA7579)                 ,1,20260518,20260526,NA1685          ,1,1,1,0
03390301003,SC173           ,> SOBE E DESCE - PIC MK E DOLCELYX (DA7579)                 ,1,20260518,20260526,NA2637          ,2,2,2,0
03390301005,CM401           ,SISTEMA COMPRESSAO - DOLCELYX (DA8960)                      ,1,20260518,20260526,15002           ,2,2,2,0
03390301005,CM401           ,SISTEMA COMPRESSAO - DOLCELYX (DA8960)                      ,1,20260518,20260526,15622           ,1,1,1,0
03390301005,CM401           ,SISTEMA COMPRESSAO - DOLCELYX (DA8960)                      ,1,20260518,20260526,DA1010          ,2,2,2,0
03390301005,CM401           ,SISTEMA COMPRESSAO - DOLCELYX (DA8960)                      ,1,20260518,20260526,DA8543          ,1,1,1,0
03390301005,CM401           ,SISTEMA COMPRESSAO - DOLCELYX (DA8960)                      ,1,20260518,20260526,DA8580          ,1,1,1,0
03390301005,CM401           ,SISTEMA COMPRESSAO - DOLCELYX (DA8960)                      ,1,20260518,20260526,DA8963          ,1,1,1,0
03390301005,CM401           ,SISTEMA COMPRESSAO - DOLCELYX (DA8960)                      ,1,20260518,20260526,DB4975          ,1,1,1,0
03390301005,CM401           ,SISTEMA COMPRESSAO - DOLCELYX (DA8960)                      ,1,20260518,20260526,KF403-03        ,1,1,1,0
03390301005,CM401           ,SISTEMA COMPRESSAO - DOLCELYX (DA8960)                      ,1,20260518,20260526,KF404-01        ,1,1,1,0
03390301005,CM401           ,SISTEMA COMPRESSAO - DOLCELYX (DA8960)                      ,1,20260518,20260526,KF406-02        ,1,1,1,0
03390301005,CM401           ,SISTEMA COMPRESSAO - DOLCELYX (DA8960)                      ,1,20260518,20260526,KF614           ,1,1,1,0
03390301005,CM401           ,SISTEMA COMPRESSAO - DOLCELYX (DA8960)                      ,1,20260518,20260526,NA0800          ,1,1,1,0
03390301005,CM401           ,SISTEMA COMPRESSAO - DOLCELYX (DA8960)                      ,1,20260518,20260526,NA0850          ,1,1,1,0
03390301005,CM401           ,SISTEMA COMPRESSAO - DOLCELYX (DA8960)                      ,1,20260518,20260526,NA3107          ,1,1,1,0
03390301005,CM401           ,SISTEMA COMPRESSAO - DOLCELYX (DA8960)                      ,1,20260518,20260526,NA3334          ,1,1,1,0
03390301005,CM401           ,SISTEMA COMPRESSAO - DOLCELYX (DA8960)                      ,1,20260518,20260526,NA3772          ,1,1,1,0
03390301005,CM401           ,SISTEMA COMPRESSAO - DOLCELYX (DA8960)                      ,1,20260518,20260526,NA3773          ,1,1,1,0
03390301005,CM401           ,SISTEMA COMPRESSAO - DOLCELYX (DA8960)                      ,1,20260518,20260526,NA4233          ,1,1,1,0
03390301006,DB4975          ,CONJUNTO CAVALETE DO SISTEMA COMPRESSOR                     ,1,20260518,20260526,15352           ,2,2,2,0
03390301006,DB4975          ,CONJUNTO CAVALETE DO SISTEMA COMPRESSOR                     ,1,20260518,20260526,DA9845          ,4,4,4,0
03390301006,DB4975          ,CONJUNTO CAVALETE DO SISTEMA COMPRESSOR                     ,1,20260518,20260526,DB4970          ,2,2,2,0
03390301007,OP117           ,SISTEMA ESTEIRA PICCOLA (DA9339)                            ,1,20260518,20260526,10113           ,1,1,1,0
03390301007,OP117           ,SISTEMA ESTEIRA PICCOLA (DA9339)                            ,1,20260518,20260526,DA0725          ,2,2,2,0
03390301007,OP117           ,SISTEMA ESTEIRA PICCOLA (DA9339)                            ,1,20260518,20260526,DA4839          ,1,1,1,0
03390301007,OP117           ,SISTEMA ESTEIRA PICCOLA (DA9339)                            ,1,20260518,20260526,DA6965          ,2,2,2,0
03390301007,OP117           ,SISTEMA ESTEIRA PICCOLA (DA9339)                            ,1,20260518,20260526,DA6966          ,5,5,5,0
03390301007,OP117           ,SISTEMA ESTEIRA PICCOLA (DA9339)                            ,1,20260518,20260526,DA7352          ,1,1,1,0
03390301007,OP117           ,SISTEMA ESTEIRA PICCOLA (DA9339)                            ,1,20260518,20260526,KF185.B         ,1,1,1,0
03390301007,OP117           ,SISTEMA ESTEIRA PICCOLA (DA9339)                            ,1,20260518,20260526,KF186.B         ,1,1,1,0
03390301007,OP117           ,SISTEMA ESTEIRA PICCOLA (DA9339)                            ,1,20260518,20260526,NA0821          ,3,3,3,0
03390301007,OP117           ,SISTEMA ESTEIRA PICCOLA (DA9339)                            ,1,20260518,20260526,NA1927          ,1,1,1,0
03390301007,OP117           ,SISTEMA ESTEIRA PICCOLA (DA9339)                            ,1,20260518,20260526,NA2145          ,2,2,2,0
03390301007,OP117           ,SISTEMA ESTEIRA PICCOLA (DA9339)                            ,1,20260518,20260526,NA2748          ,1,1,1,0
03390301007,OP117           ,SISTEMA ESTEIRA PICCOLA (DA9339)                            ,1,20260518,20260526,NA2989          ,1,1,1,0
03390301007,OP117           ,SISTEMA ESTEIRA PICCOLA (DA9339)                            ,1,20260518,20260526,NA3104          ,1,1,1,0
03393201001,DB2690          ,PLACA CONTROLADORA PWM 24VDC V2.0 (BRALYX)                  ,29,20260423,20260501,DB2689          ,29,29,6,23
03393201001,DB2690          ,PLACA CONTROLADORA PWM 24VDC V2.0 (BRALYX)                  ,29,20260423,20260501,SERV-DB2690     ,29,29,29,0
03393401001,DB3934          ,CONJUNTO DISPLAY LCD COM BARRA DE PINOS                     ,8,20260518,20260515,SERV-DB3934     ,8,8,8,0
03393601001,DB5881          ,CONJUNTO DISPLAY LCD COM BARRA DE PINOS                     ,2,20260423,20260501,SERV-DB5881     ,2,2,2,0
03393701001,DB5881          ,CONJUNTO DISPLAY LCD COM BARRA DE PINOS                     ,1,20260518,20260515,SERV-DB5881     ,1,1,1,0
03393901001,DB6775          ,PLACA DRIVE MOTOR BRFRFY COM RELE INTERMEDIARIA HOHS        ,1,20260518,20260515,SERV-DB6775     ,1,1,1,0
03397101001,DB3934          ,CONJUNTO DISPLAY LCD COM BARRA DE PINOS                     ,2,20260323,20260323,SERV-DB3934     ,2,2,2,0
03399501002,CM434           ,SISTEMA ESTRUTURA - BIG 10 - NR12 / CE (DA6403)             ,1,20260403,20260411,KF419-01        ,1,1,1,0
03399501002,CM434           ,SISTEMA ESTRUTURA - BIG 10 - NR12 / CE (DA6403)             ,1,20260403,20260411,KF421-01        ,1,1,1,0
03399501002,CM434           ,SISTEMA ESTRUTURA - BIG 10 - NR12 / CE (DA6403)             ,1,20260403,20260411,KF766           ,1,1,1,0
03399501002,CM434           ,SISTEMA ESTRUTURA - BIG 10 - NR12 / CE (DA6403)             ,1,20260403,20260411,NA2387          ,2,2,2,0
03399501005,CM610           ,SISTEMA RECHEIO FUNIL (DA7683 + DB2027)                     ,1,20260403,20260411,15805           ,4,4,4,0
03399501005,CM610           ,SISTEMA RECHEIO FUNIL (DA7683 + DB2027)                     ,1,20260403,20260411,DA7687          ,1,1,1,0
03399501005,CM610           ,SISTEMA RECHEIO FUNIL (DA7683 + DB2027)                     ,1,20260403,20260411,DA7718          ,1,1,1,0
03399501005,CM610           ,SISTEMA RECHEIO FUNIL (DA7683 + DB2027)                     ,1,20260403,20260411,KF463-01        ,1,1,1,0
03399501005,CM610           ,SISTEMA RECHEIO FUNIL (DA7683 + DB2027)                     ,1,20260403,20260411,KF465           ,1,1,1,0
03399501005,CM610           ,SISTEMA RECHEIO FUNIL (DA7683 + DB2027)                     ,1,20260403,20260411,KF637-02        ,1,1,1,0
03399501005,CM610           ,SISTEMA RECHEIO FUNIL (DA7683 + DB2027)                     ,1,20260403,20260411,KF638-05        ,1,1,1,0
03399501009,DB4325          ,"SISTEMA MOLDE FORMADOR NR12 1:10 0,25KW M16                 ",1,20260403,20260411,DA5799          ,1,1,1,0
03399601001,MFX086NM220     ,MAXIFORM DUE 10.0 - MAQUINA FORMADORA/RECHEADORA - NR12                                   ,1,20260403,20260411,DB3434          ,1,1,1,0
03399601002,CM434           ,SISTEMA ESTRUTURA - BIG 10 - NR12 / CE (DA6403)             ,1,20260403,20260411,KF419-01        ,1,1,1,0
03399601002,CM434           ,SISTEMA ESTRUTURA - BIG 10 - NR12 / CE (DA6403)             ,1,20260403,20260411,KF421-01        ,1,1,1,0
03399601002,CM434           ,SISTEMA ESTRUTURA - BIG 10 - NR12 / CE (DA6403)             ,1,20260403,20260411,NA2061          ,1,1,1,0
03399601002,CM434           ,SISTEMA ESTRUTURA - BIG 10 - NR12 / CE (DA6403)             ,1,20260403,20260411,NA2387          ,2,2,2,0
03399601004,CM490           ,SISTEMA ESTEIRA LONGA (DB1848)                              ,1,20260403,20260411,KF104           ,1,1,1,0
03399601004,CM490           ,SISTEMA ESTEIRA LONGA (DB1848)                              ,1,20260403,20260411,KF627           ,1,1,1,0
03399601004,CM490           ,SISTEMA ESTEIRA LONGA (DB1848)                              ,1,20260403,20260411,KF628-01        ,1,1,1,0
03399601004,CM490           ,SISTEMA ESTEIRA LONGA (DB1848)                              ,1,20260403,20260411,NA3523          ,1,1,1,0
03399601005,CM610           ,SISTEMA RECHEIO FUNIL (DA7683 + DB2027)                     ,1,20260403,20260411,15805           ,4,4,4,0
03399601005,CM610           ,SISTEMA RECHEIO FUNIL (DA7683 + DB2027)                     ,1,20260403,20260411,DA7687          ,1,1,1,0
03399601005,CM610           ,SISTEMA RECHEIO FUNIL (DA7683 + DB2027)                     ,1,20260403,20260411,DA7718          ,1,1,1,0
03399601005,CM610           ,SISTEMA RECHEIO FUNIL (DA7683 + DB2027)                     ,1,20260403,20260411,KF463-01        ,1,1,1,0
03399601005,CM610           ,SISTEMA RECHEIO FUNIL (DA7683 + DB2027)                     ,1,20260403,20260411,KF637-02        ,1,1,1,0
03399601005,CM610           ,SISTEMA RECHEIO FUNIL (DA7683 + DB2027)                     ,1,20260403,20260411,KF638-05        ,1,1,1,0
03399601009,DB4325          ,"SISTEMA MOLDE FORMADOR NR12 1:10 0,25KW M16                 ",1,20260403,20260411,DA5799          ,1,1,1,0
03399601011,PR0308          ,SUBCONJUNTO PRATO EXTERNO SEM CANAL M16                     ,1,20260403,20260411,DB3936          ,1,1,1,0
03400501001,BRX0005002      ,SISTEMA AUTOMACAO BRX0005                                                                 ,1,20260403,20260411,DB4850          ,1,1,1,0
03400501001,BRX0005002      ,SISTEMA AUTOMACAO BRX0005                                                                 ,1,20260403,20260411,DB5286          ,1,1,1,0
03400501001,BRX0005002      ,SISTEMA AUTOMACAO BRX0005                                                                 ,1,20260403,20260411,DB7612          ,1,1,1,0
03400501001,BRX0005002      ,SISTEMA AUTOMACAO BRX0005                                                                 ,1,20260403,20260411,DB7620          ,1,1,1,0
03400501001,BRX0005002      ,SISTEMA AUTOMACAO BRX0005                                                                 ,1,20260403,20260411,DB7621          ,1,1,1,0
03400501001,BRX0005002      ,SISTEMA AUTOMACAO BRX0005                                                                 ,1,20260403,20260411,DB7635          ,1,1,1,0
03400501001,BRX0005002      ,SISTEMA AUTOMACAO BRX0005                                                                 ,1,20260403,20260411,NA4335          ,1,1,1,0
03400501001,BRX0005002      ,SISTEMA AUTOMACAO BRX0005                                                                 ,1,20260403,20260411,NA4406          ,4,4,4,0
03400501001,BRX0005002      ,SISTEMA AUTOMACAO BRX0005                                                                 ,1,20260403,20260411,NA4407          ,4,4,4,0
03400501001,BRX0005002      ,SISTEMA AUTOMACAO BRX0005                                                                 ,1,20260403,20260411,NA4408          ,1,1,1,0
03400501001,BRX0005002      ,SISTEMA AUTOMACAO BRX0005                                                                 ,1,20260403,20260411,NA4410          ,1,1,1,0
03400501001,BRX0005002      ,SISTEMA AUTOMACAO BRX0005                                                                 ,1,20260403,20260411,NA4411          ,3,3,3,0
03400501001,BRX0005002      ,SISTEMA AUTOMACAO BRX0005                                                                 ,1,20260403,20260411,NA4414          ,2,2,2,0
03400501001,BRX0005002      ,SISTEMA AUTOMACAO BRX0005                                                                 ,1,20260403,20260411,SERV-BRX0005002 ,1,1,1,0
03400601001,BRX0007003      ,SISTEMA MASSA RECHEIO CUBA INOX BRX0007                                                   ,1,20260403,20260411,DB6655          ,1,1,1,0
03400601001,BRX0007003      ,SISTEMA MASSA RECHEIO CUBA INOX BRX0007                                                   ,1,20260403,20260411,DB7590          ,1,1,1,0
03400601001,BRX0007003      ,SISTEMA MASSA RECHEIO CUBA INOX BRX0007                                                   ,1,20260403,20260411,DB7597          ,2,2,2,0
03400601001,BRX0007003      ,SISTEMA MASSA RECHEIO CUBA INOX BRX0007                                                   ,1,20260403,20260411,DB7644          ,2,2,2,0
03400601001,BRX0007003      ,SISTEMA MASSA RECHEIO CUBA INOX BRX0007                                                   ,1,20260403,20260411,KF900           ,1,1,1,0
03400601001,BRX0007003      ,SISTEMA MASSA RECHEIO CUBA INOX BRX0007                                                   ,1,20260403,20260411,KF901           ,1,1,1,0
03400601001,BRX0007003      ,SISTEMA MASSA RECHEIO CUBA INOX BRX0007                                                   ,1,20260403,20260411,NA4395          ,2,2,2,0
03400601001,BRX0007003      ,SISTEMA MASSA RECHEIO CUBA INOX BRX0007                                                   ,1,20260403,20260411,NA4418          ,4,4,4,0
03400701002,BRX0007002      ,SISTEMA ESTRUTURA BRX0007                                   ,1,20260403,20260411,DB1886          ,1,1,1,0
03400701002,BRX0007002      ,SISTEMA ESTRUTURA BRX0007                                   ,1,20260403,20260411,DB7594          ,1,1,1,0
03400701002,BRX0007002      ,SISTEMA ESTRUTURA BRX0007                                   ,1,20260403,20260411,KF922           ,1,1,1,0
03400701002,BRX0007002      ,SISTEMA ESTRUTURA BRX0007                                   ,1,20260403,20260411,NA3886          ,1,1,1,0
03400701002,BRX0007002      ,SISTEMA ESTRUTURA BRX0007                                   ,1,20260403,20260411,NA4189          ,4,4,4,0
03400701003,BRX0007007      ,SISTEMA ESTEIRA BRX0007                                     ,1,20260403,20260411,KF915           ,1,1,1,0
03400701003,BRX0007007      ,SISTEMA ESTEIRA BRX0007                                     ,1,20260403,20260411,KF921           ,1,1,1,0
03400701003,BRX0007007      ,SISTEMA ESTEIRA BRX0007                                     ,1,20260403,20260411,NA3906          ,1,1,1,0
03400701004,BRX0007008      ,SISTEMA FORMADOR BRX0007                                    ,1,20260403,20260411,DA8763          ,1,1,1,0
03400701004,BRX0007008      ,SISTEMA FORMADOR BRX0007                                    ,1,20260403,20260411,DB4430          ,1,1,1,0
03400701004,BRX0007008      ,SISTEMA FORMADOR BRX0007                                    ,1,20260403,20260411,DB4435          ,1,1,1,0
03400701004,BRX0007008      ,SISTEMA FORMADOR BRX0007                                    ,1,20260403,20260411,DB7601          ,1,1,1,0
03400701004,BRX0007008      ,SISTEMA FORMADOR BRX0007                                    ,1,20260403,20260411,KF923           ,1,1,1,0
03400701004,BRX0007008      ,SISTEMA FORMADOR BRX0007                                    ,1,20260403,20260411,NA2387          ,2,2,2,0
03400701007,CM484           ,SISTEMA RECHEIO LILY NR12 (DB1999)                          ,1,20260403,20260411,15805           ,2,2,2,0
03400701007,CM484           ,SISTEMA RECHEIO LILY NR12 (DB1999)                          ,1,20260403,20260411,20110           ,1,1,1,0
03400701007,CM484           ,SISTEMA RECHEIO LILY NR12 (DB1999)                          ,1,20260403,20260411,DA8426          ,1,1,1,0
03400801001,BRX0008003      ,SISTEMA AUTOMACAO BRX0008                                                                 ,1,20260403,20260411,DB4850          ,1,1,1,0
03400801001,BRX0008003      ,SISTEMA AUTOMACAO BRX0008                                                                 ,1,20260403,20260411,DB5286          ,1,1,1,0
03400801001,BRX0008003      ,SISTEMA AUTOMACAO BRX0008                                                                 ,1,20260403,20260411,DB7612          ,1,1,1,0
03400801001,BRX0008003      ,SISTEMA AUTOMACAO BRX0008                                                                 ,1,20260403,20260411,DB7620          ,1,1,1,0
03400801001,BRX0008003      ,SISTEMA AUTOMACAO BRX0008                                                                 ,1,20260403,20260411,DB7621          ,1,1,1,0
03400801001,BRX0008003      ,SISTEMA AUTOMACAO BRX0008                                                                 ,1,20260403,20260411,DB7637          ,1,1,1,0
03400801001,BRX0008003      ,SISTEMA AUTOMACAO BRX0008                                                                 ,1,20260403,20260411,NA4335          ,1,1,1,0
03400801001,BRX0008003      ,SISTEMA AUTOMACAO BRX0008                                                                 ,1,20260403,20260411,NA4406          ,5,5,5,0
03400801001,BRX0008003      ,SISTEMA AUTOMACAO BRX0008                                                                 ,1,20260403,20260411,NA4407          ,5,5,5,0
03400801001,BRX0008003      ,SISTEMA AUTOMACAO BRX0008                                                                 ,1,20260403,20260411,NA4408          ,1,1,1,0
03400801001,BRX0008003      ,SISTEMA AUTOMACAO BRX0008                                                                 ,1,20260403,20260411,NA4410          ,1,1,1,0
03400801001,BRX0008003      ,SISTEMA AUTOMACAO BRX0008                                                                 ,1,20260403,20260411,NA4412          ,2,2,2,0
03400801001,BRX0008003      ,SISTEMA AUTOMACAO BRX0008                                                                 ,1,20260403,20260411,NA4414          ,2,2,2,0
03400801001,BRX0008003      ,SISTEMA AUTOMACAO BRX0008                                                                 ,1,20260403,20260411,SERV-BRX0008003 ,1,1,1,0
03400901001,BRX0009002      ,SISTEMA MASSA CUBA INOX BRX0009                                                           ,1,20260403,20260411,DB6655          ,1,1,1,0
03400901001,BRX0009002      ,SISTEMA MASSA CUBA INOX BRX0009                                                           ,1,20260403,20260411,DB7590          ,1,1,1,0
03400901001,BRX0009002      ,SISTEMA MASSA CUBA INOX BRX0009                                                           ,1,20260403,20260411,DB7644          ,2,2,2,0
03400901001,BRX0009002      ,SISTEMA MASSA CUBA INOX BRX0009                                                           ,1,20260403,20260411,KF900           ,1,1,1,0
03400901001,BRX0009002      ,SISTEMA MASSA CUBA INOX BRX0009                                                           ,1,20260403,20260411,KF924           ,1,1,1,0
03400901001,BRX0009002      ,SISTEMA MASSA CUBA INOX BRX0009                                                           ,1,20260403,20260411,NA4269          ,1,1,1,0
03400901001,BRX0009002      ,SISTEMA MASSA CUBA INOX BRX0009                                                           ,1,20260403,20260411,NA4270          ,1,1,1,0
03400901001,BRX0009002      ,SISTEMA MASSA CUBA INOX BRX0009                                                           ,1,20260403,20260411,NA4395          ,2,2,2,0
03400901001,BRX0009002      ,SISTEMA MASSA CUBA INOX BRX0009                                                           ,1,20260403,20260411,NA4418          ,4,4,4,0
03401001002,BRX0007002      ,SISTEMA ESTRUTURA BRX0007                                   ,1,20260403,20260411,DB1886          ,1,1,1,0
03401001002,BRX0007002      ,SISTEMA ESTRUTURA BRX0007                                   ,1,20260403,20260411,DB7594          ,1,1,1,0
03401001002,BRX0007002      ,SISTEMA ESTRUTURA BRX0007                                   ,1,20260403,20260411,KF922           ,1,1,1,0
03401001002,BRX0007002      ,SISTEMA ESTRUTURA BRX0007                                   ,1,20260403,20260411,NA3886          ,1,1,1,0
03401001002,BRX0007002      ,SISTEMA ESTRUTURA BRX0007                                   ,1,20260403,20260411,NA4189          ,4,4,4,0
03401001003,BRX0007007      ,SISTEMA ESTEIRA BRX0007                                     ,1,20260403,20260411,KF915           ,1,1,1,0
03401001003,BRX0007007      ,SISTEMA ESTEIRA BRX0007                                     ,1,20260403,20260411,KF921           ,1,1,1,0
03401001003,BRX0007007      ,SISTEMA ESTEIRA BRX0007                                     ,1,20260403,20260411,NA3906          ,1,1,1,0
03401001004,BRX0007008      ,SISTEMA FORMADOR BRX0007                                    ,1,20260403,20260411,DA3805          ,2,2,2,0
03401001004,BRX0007008      ,SISTEMA FORMADOR BRX0007                                    ,1,20260403,20260411,DA8763          ,1,1,1,0
03401001004,BRX0007008      ,SISTEMA FORMADOR BRX0007                                    ,1,20260403,20260411,DB4430          ,1,1,1,0
03401001004,BRX0007008      ,SISTEMA FORMADOR BRX0007                                    ,1,20260403,20260411,DB4435          ,1,1,1,0
03401001004,BRX0007008      ,SISTEMA FORMADOR BRX0007                                    ,1,20260403,20260411,DB7601          ,1,1,1,0
03401001004,BRX0007008      ,SISTEMA FORMADOR BRX0007                                    ,1,20260403,20260411,KF923           ,1,1,1,0
03401001004,BRX0007008      ,SISTEMA FORMADOR BRX0007                                    ,1,20260403,20260411,NA2387          ,2,2,2,0
03401001007,CM484           ,SISTEMA RECHEIO LILY NR12 (DB1999)                          ,1,20260403,20260411,15805           ,2,2,2,0
03401001009,DA8426          ,KIT TUBO DE SALSICHA SIMPLES RECHEIO,1,20260403,20260411,20110           ,1,1,1,0
03402501001,MFX003CM220     ,MAXIFORM TUBO - MAQUINA FORMADORA DE DOCES                                                ,1,20260331,20260408,DA3381          ,1,1,1,0
03402501001,MFX003CM220     ,MAXIFORM TUBO - MAQUINA FORMADORA DE DOCES                                                ,1,20260331,20260408,DA4074          ,1,1,1,0
03402501001,MFX003CM220     ,MAXIFORM TUBO - MAQUINA FORMADORA DE DOCES                                                ,1,20260331,20260408,DB0165          ,1,1,1,0
03402501001,MFX003CM220     ,MAXIFORM TUBO - MAQUINA FORMADORA DE DOCES                                                ,1,20260331,20260408,NA2620          ,1,1,1,0
03402501001,MFX003CM220     ,MAXIFORM TUBO - MAQUINA FORMADORA DE DOCES                                                ,1,20260331,20260408,PR0014          ,1,1,1,0
03402501001,MFX003CM220     ,MAXIFORM TUBO - MAQUINA FORMADORA DE DOCES                                                ,1,20260331,20260408,PR0150          ,1,1,1,0
03402501001,MFX003CM220     ,MAXIFORM TUBO - MAQUINA FORMADORA DE DOCES                                                ,1,20260331,20260408,PR0151          ,1,1,1,0
03402501001,MFX003CM220     ,MAXIFORM TUBO - MAQUINA FORMADORA DE DOCES                                                ,1,20260331,20260408,PR0308          ,1,1,1,0
03402901001,DB5631          ,CAIXA DA RESISTENCIA SENSOR ROBERTSHAW TERMOSTATO RELOCADO                                ,1,20260401,20260409,DB4907          ,1,1,1,0
03402901001,DB5631          ,CAIXA DA RESISTENCIA SENSOR ROBERTSHAW TERMOSTATO RELOCADO                                ,1,20260401,20260409,DB5632          ,1,1,1,0
03402901001,DB5631          ,CAIXA DA RESISTENCIA SENSOR ROBERTSHAW TERMOSTATO RELOCADO                                ,1,20260401,20260409,DB5633          ,1,1,1,0
03403401001,DA8553          ,MOLDE ESFIHA REDONDA Ø128MM                                                               ,1,20260407,20260415,DA1346          ,1,1,1,0
03403401001,DA8553          ,MOLDE ESFIHA REDONDA Ø128MM                                                               ,1,20260407,20260415,DA5036          ,1,1,1,0
03403401001,DA8553          ,MOLDE ESFIHA REDONDA Ø128MM                                                               ,1,20260407,20260415,DA5038          ,4,4,4,0
03403401001,DA8553          ,MOLDE ESFIHA REDONDA Ø128MM                                                               ,1,20260407,20260415,DA8758          ,4,4,4,0
03403401001,DA8553          ,MOLDE ESFIHA REDONDA Ø128MM                                                               ,1,20260407,20260415,DB3081          ,1,1,1,0
03403401001,DA8553          ,MOLDE ESFIHA REDONDA Ø128MM                                                               ,1,20260407,20260415,NA2968          ,2,2,2,0
03403401001,DA8553          ,MOLDE ESFIHA REDONDA Ø128MM                                                               ,1,20260407,20260415,NA3257          ,1,1,1,0
03403501001,DB5631          ,CAIXA DA RESISTENCIA SENSOR ROBERTSHAW TERMOSTATO RELOCADO                                ,1,20260402,20260410,DB4907          ,1,1,1,0
03403501001,DB5631          ,CAIXA DA RESISTENCIA SENSOR ROBERTSHAW TERMOSTATO RELOCADO                                ,1,20260402,20260410,DB5632          ,1,1,1,0
03403501001,DB5631          ,CAIXA DA RESISTENCIA SENSOR ROBERTSHAW TERMOSTATO RELOCADO                                ,1,20260402,20260410,DB5633          ,1,1,1,0
03403901001,MFX098CM220ESP1 ,MAXIFORM LUNA - MAQUINA FORMADORA/RECHEADORA - CE                                         ,1,20260414,20260422,DB1995          ,1,1,1,0
03403901001,MFX098CM220ESP1 ,MAXIFORM LUNA - MAQUINA FORMADORA/RECHEADORA - CE                                         ,1,20260414,20260422,DB7709          ,1,1,1,0
03403901001,MFX098CM220ESP1 ,MAXIFORM LUNA - MAQUINA FORMADORA/RECHEADORA - CE                                         ,1,20260414,20260422,KF709           ,1,1,1,0
03403901001,MFX098CM220ESP1 ,MAXIFORM LUNA - MAQUINA FORMADORA/RECHEADORA - CE                                         ,1,20260414,20260422,SC174           ,1,1,1,0
03404101001,MFX168NM220     ,MAXIFORM BIG 10.0 MK MAQUINA MODELADORA RECHEADORA DE DOCES E SALGADOS NR12               ,1,20260414,20260422,CM434           ,1,1,1,0
03404101001,MFX168NM220     ,MAXIFORM BIG 10.0 MK MAQUINA MODELADORA RECHEADORA DE DOCES E SALGADOS NR12               ,1,20260414,20260422,CM490           ,1,1,1,0
03404101001,MFX168NM220     ,MAXIFORM BIG 10.0 MK MAQUINA MODELADORA RECHEADORA DE DOCES E SALGADOS NR12               ,1,20260414,20260422,DB2002          ,1,1,1,0
03404101001,MFX168NM220     ,MAXIFORM BIG 10.0 MK MAQUINA MODELADORA RECHEADORA DE DOCES E SALGADOS NR12               ,1,20260414,20260422,DB3705          ,1,1,1,0
03404101001,MFX168NM220     ,MAXIFORM BIG 10.0 MK MAQUINA MODELADORA RECHEADORA DE DOCES E SALGADOS NR12               ,1,20260414,20260422,DB4325          ,1,1,1,0
03404301001,MFX098CM220     ,MAXIFORM LUNA - MAQUINA FORMADORA/RECHEADORA - CE                                         ,1,20260414,20260422,DB1995          ,1,1,1,0
03404301001,MFX098CM220     ,MAXIFORM LUNA - MAQUINA FORMADORA/RECHEADORA - CE                                         ,1,20260414,20260422,KF709           ,1,1,1,0
03404301001,MFX098CM220     ,MAXIFORM LUNA - MAQUINA FORMADORA/RECHEADORA - CE                                         ,1,20260414,20260422,SC174           ,1,1,1,0
03404401001,DTX160NM220     ,DROP-TOP 400-450 SISTEMA GIRATORIO NR12                                                   ,1,20260414,20260422,CM640           ,1,1,1,0
03409001001,DA6269          ,SISTEMA FORMADOR Ø25 SPINNING 400 UL NSF                                                  ,1,20260409,20260417,DA6297          ,1,1,1,0
03409001001,DA6269          ,SISTEMA FORMADOR Ø25 SPINNING 400 UL NSF                                                  ,1,20260409,20260417,DA6309          ,1,1,1,0
03409001001,DA6269          ,SISTEMA FORMADOR Ø25 SPINNING 400 UL NSF                                                  ,1,20260409,20260417,DA6337          ,1,1,1,0
03409801001,EPX117UM220     ,EMPANAMIX INDUSTRIAL PLUS 2020 CHAPADO UL NSF                                             ,1,20260415,20260423,DA8062          ,1,1,1,0
03409801001,EPX117UM220     ,EMPANAMIX INDUSTRIAL PLUS 2020 CHAPADO UL NSF                                             ,1,20260415,20260423,DA9911          ,1,1,1,0
03409801001,EPX117UM220     ,EMPANAMIX INDUSTRIAL PLUS 2020 CHAPADO UL NSF                                             ,1,20260415,20260423,DB0420          ,1,2,1,0
03409801001,EPX117UM220     ,EMPANAMIX INDUSTRIAL PLUS 2020 CHAPADO UL NSF                                             ,1,20260415,20260423,DB3021          ,1,1,1,0
03409801001,EPX117UM220     ,EMPANAMIX INDUSTRIAL PLUS 2020 CHAPADO UL NSF                                             ,1,20260415,20260423,DB3103          ,1,1,1,0
03409801001,EPX117UM220     ,EMPANAMIX INDUSTRIAL PLUS 2020 CHAPADO UL NSF                                             ,1,20260415,20260423,DB3245          ,1,1,1,0
03409801001,EPX117UM220     ,EMPANAMIX INDUSTRIAL PLUS 2020 CHAPADO UL NSF                                             ,1,20260415,20260423,EPX117NM220     ,1,1,1,0
03409801001,EPX117UM220     ,EMPANAMIX INDUSTRIAL PLUS 2020 CHAPADO UL NSF                                             ,1,20260415,20260423,KF671-02        ,1,1,1,0
03409801001,EPX117UM220     ,EMPANAMIX INDUSTRIAL PLUS 2020 CHAPADO UL NSF                                             ,1,20260415,20260423,KF672           ,1,1,1,0
03409801001,EPX117UM220     ,EMPANAMIX INDUSTRIAL PLUS 2020 CHAPADO UL NSF                                             ,1,20260415,20260423,NA2841          ,1,1,1,0
03409901001,MFX142CM220     ,DOLCEFORM NEW PICCOLA 150G - MAQUINA FORMADORA - CE                                       ,1,20260417,20260425,CM433           ,1,1,1,0
03409901001,MFX142CM220     ,DOLCEFORM NEW PICCOLA 150G - MAQUINA FORMADORA - CE                                       ,1,20260417,20260425,DA9542          ,1,1,1,0
03409901001,MFX142CM220     ,DOLCEFORM NEW PICCOLA 150G - MAQUINA FORMADORA - CE                                       ,1,20260417,20260425,MFX142NM220     ,1,1,1,0
03409901001,MFX142CM220     ,DOLCEFORM NEW PICCOLA 150G - MAQUINA FORMADORA - CE                                       ,1,20260417,20260425,NA2620          ,1,1,1,0
03409901001,MFX142CM220     ,DOLCEFORM NEW PICCOLA 150G - MAQUINA FORMADORA - CE                                       ,1,20260417,20260425,NA3412          ,2,2,2,0
03409901001,MFX142CM220     ,DOLCEFORM NEW PICCOLA 150G - MAQUINA FORMADORA - CE                                       ,1,20260417,20260425,NA3413          ,1,1,1,0
03410201001,MFX186NM220     ,DISPOSITIVO FORMADOR TEQUENO NR12                                                         ,1,20260417,20260425,DB6281          ,1,1,1,0
03410201001,MFX186NM220     ,DISPOSITIVO FORMADOR TEQUENO NR12                                                         ,1,20260417,20260425,DB6308          ,1,1,1,0
03410201001,MFX186NM220     ,DISPOSITIVO FORMADOR TEQUENO NR12                                                         ,1,20260417,20260425,MFX186CM220     ,1,1,1,0
